index,Date,Close,High,Low,Open,Volume
,,AAPL,AAPL,AAPL,AAPL,AAPL
0,2015-01-02,24.192598342895508,24.659500349797334,23.75446219426633,24.648435649103693,212818400
1,2015-01-05,23.511062622070312,24.042136374239757,23.325187737341313,23.962475227002493,257142000
2,2015-01-06,23.513277053833008,23.77217495093279,23.152588594975892,23.5752353517813,263188400
3,2015-01-07,23.842987060546875,23.942562665319258,23.61064173176176,23.721282042947593,160423600
4,2015-01-08,24.759077072143555,24.816610479641703,24.053191678114224,24.17047177100101,237458000
5,2015-01-09,24.785634994506836,25.060022405088077,24.387329327343235,24.93167928030907,214798000
6,2015-01-12,24.174901962280273,24.9228296715174,24.075326382352763,24.916191524620462,198603200
7,2015-01-13,24.38954734802246,24.96045168588844,24.09967031003242,24.657296664253337,268367600
8,2015-01-14,24.29660415649414,24.44928658228224,24.00893877695945,24.12843047207833,195826400
9,2015-01-15,23.63718032836914,24.354128596373695,23.60177633016741,24.34085230807755,240056000
10,2015-01-16,23.453523635864258,23.805360567456344,23.27871180910595,23.68365559685356,314053200
11,2015-01-20,24.057619094848633,24.112939226436037,23.566376056234642,23.862891151189643,199599600
12,2015-01-21,24.24128532409668,24.57541774452879,23.95804479734744,24.108515641336837,194303600
13,2015-01-22,24.87194061279297,24.887430187783597,24.278908517350764,24.398400247951475,215185600
14,2015-01-23,25.000276565551758,25.17066184134601,24.67941876430255,24.849805728333372,185859200
15,2015-01-26,25.026826858520508,25.30564079070656,24.960443714443343,25.168446258435488,222460000
16,2015-01-27,24.15056037902832,24.889638333300006,24.126219382172156,24.876360351591465,382274800
17,2015-01-28,25.515853881835938,26.13765323403414,25.515853881835938,26.029224573643976,585908400
18,2015-01-29,26.31025505065918,26.374426606206118,25.571177211115504,25.73935088467864,337745600
19,2015-01-30,25.92522621154785,26.553662070188867,25.856628103199135,26.19961358023362,334982000
20,2015-02-02,26.250507354736328,26.36999903755525,25.6862430443672,26.1221659368076,250956400
21,2015-02-03,26.254940032958984,26.352302335998324,26.02480803700248,26.221747609729693,207662800
22,2015-02-04,26.4563045501709,26.666522105734966,26.179703836194584,26.221747684954753,280598800
23,2015-02-05,26.6451358795166,26.70956070561401,26.49184916587451,26.662906901105913,168984800
24,2015-02-06,26.420764923095703,26.714008020262256,26.314130299171573,26.66291187455073,174826400
25,2015-02-09,26.596261978149414,26.622919358205184,26.30968327825307,26.336342353208384,155559200
26,2015-02-10,27.107219696044922,27.136100789446896,26.694014977515135,26.696235296315404,248034000
27,2015-02-11,27.742572784423828,27.75145914200605,27.213847220027088,27.273828015082834,294247200
28,2015-02-12,28.09358024597168,28.320178159043575,27.89586342284208,28.004718352510146,297898000
29,2015-02-13,28.23131561279297,28.27574571104656,27.913635495070917,28.27574571104656,217088800
30,2015-02-17,28.39792823791504,28.631190468113697,28.195767412422946,28.32239504441379,252609600
31,2015-02-18,28.595645904541016,28.608974594134033,28.313509545559175,28.353497309237724,179566800
32,2015-02-19,28.53566551208496,28.664515170633745,28.50900813093667,28.54232985737203,149449600
33,2015-02-20,28.768922805786133,28.768922805786133,28.44680040985868,28.57342633827766,195793600
34,2015-02-23,29.54646110534668,29.54646110534668,28.804468083621224,28.884443602656212,283896400
35,2015-02-24,29.362077713012695,29.679759521946426,29.139923834524474,29.5331371485924,276912400
36,2015-02-25,28.61119842529297,29.23545371286905,28.469020069179415,29.22656565884979,298846800
37,2015-02-26,28.973310470581055,29.073279044996656,28.12690467616986,28.611198538351825,365150000
38,2015-02-27,28.53788185119629,29.006626557541264,28.489007738512104,28.87999725018723,248059200
39,2015-03-02,28.67784309387207,28.942206749183107,28.502343023009654,28.71338852765152,192386800
40,2015-03-03,28.737823486328125,28.773368917506,28.45568713477693,28.648963298182327,151265200
41,2015-03-04,28.555660247802734,28.782258170449772,28.506789509388113,28.680069276765426,126665200
42,2015-03-05,28.082469940185547,28.602309153184912,27.93806959383036,28.564543404185695,226068400
43,2015-03-06,28.12467384338379,28.740039191507673,28.04914235660361,28.52454971055372,291368400
44,2015-03-09,28.244644165039062,28.784479856085543,27.78256368790519,28.42681027882651,354114000
45,2015-03-10,27.660377502441406,28.26241425789635,27.502648465689692,28.08247017418936,275426400
46,2015-03-11,27.156095504760742,27.71814466770397,27.127216104475497,27.7137023349293,275756000
47,2015-03-12,27.647048950195312,27.747019210467062,27.02057509311064,27.171639795275006,193450800
48,2015-03-13,27.455995559692383,27.858095210772237,27.231621374752795,27.635941344171023,207309200
49,2015-03-16,27.758115768432617,27.758115768432617,27.296037166931992,27.520411277624017,143497200
50,2015-03-17,28.22242546081543,28.284628267969687,27.913631743228663,27.96917020603059,204092400
51,2015-03-18,28.540103912353516,28.693390603335025,28.073581190335037,28.213537498470796,261083600
52,2015-03-19,28.324617385864258,28.71338664410161,28.30240233865916,28.602309713176652,183238000
53,2015-03-20,27.96917152404785,28.52455448333958,27.80477814097911,28.491232760007673,274780400
54,2015-03-23,28.260190963745117,28.402369291693496,28.106904265372904,28.240197930861452,150838800
55,2015-03-24,28.14467430114746,28.44457999143216,28.115793213344112,28.26463759420105,131369200
56,2015-03-25,27.409339904785156,28.173549649385247,27.409339904785156,28.111346845968825,206620800
57,2015-03-26,27.600400924682617,27.742579289537534,27.236068652879418,27.27161409154305,190291600
58,2015-03-27,27.38046646118164,27.702588918059213,27.304934953461245,27.673709523030762,158184800
59,2015-03-30,28.073583602905273,28.080247947451227,27.547078350082643,27.558186720925512,188398800
60,2015-03-31,27.642614364624023,28.100250931083995,27.627063656877326,28.011389017574285,168362400
61,2015-04-01,27.60262107849121,27.79589557467753,27.347143763734493,27.729248729123714,162485600
62,2015-04-02,27.840322494506836,27.893638947918962,27.58928923541274,27.77589766980492,128880400
63,2015-04-06,28.29129409790039,28.32683952951182,27.62039017777961,27.651491582989873,148776000
64,2015-04-07,27.993610382080078,28.462353501011048,27.986946036985735,28.35572058970243,140049200
65,2015-04-08,27.902524948120117,28.080248717080543,27.762568624120924,27.958063414057815,149316800
66,2015-04-09,28.11579132080078,28.1202353470404,27.693700352605102,27.9580622872825,129936000
67,2015-04-10,28.235755920410156,28.260192981167595,27.82699362210292,27.98027863651839,160752000
68,2015-04-13,28.180217742919922,28.562324360961306,28.1269012893116,28.51789087563862,145460400
69,2015-04-14,28.05803680419922,28.277968679310423,27.97139692324936,28.213543848237514,102098400
70,2015-04-15,28.164669036865234,28.24242255699414,27.993611292581647,28.082473184828803,115881600
71,2015-04-16,28.02915382385254,28.235756994085587,28.0158251338051,28.05359088553921,113476000
72,2015-04-17,27.713695526123047,28.022489272545602,27.649270699868765,27.891419301645175,207828000
73,2015-04-20,28.346843719482422,28.462363027883107,27.80700955245394,27.89587147155454,188217200
74,2015-04-21,28.19355010986328,28.48012712747022,28.140231957606513,28.457913773045995,129740400
75,2015-04-22,28.573434829711914,28.62897330723183,28.062481853468558,28.21132456644598,150618000
76,2015-04-23,28.806697845458984,28.97331328225374,28.466802625581657,28.502348065649812,183083600
77,2015-04-24,28.942201614379883,29.01995681325253,28.70893940756047,28.988855411663177,178103600
78,2015-04-27,29.468708038330078,29.575344331297668,29.135477249853828,29.39317653982719,387816800
79,2015-04-28,29.004411697387695,29.888583241459457,28.784481513019248,29.8708139130615,475696000
80,2015-04-29,28.57786750793457,29.23322060444944,28.502336022055204,28.91554226629887,253544400
81,2015-04-30,27.80255889892578,28.57787547888214,27.675931252944945,28.57787547888214,332781600
82,2015-05-01,28.646745681762695,28.908889055195,27.835885275658594,28.013607384641766,234050400
83,2015-05-04,28.591205596923828,29.006635685468652,28.493457340795633,28.768929390811504,203953200
84,2015-05-05,27.946958541870117,28.535664962892916,27.942514515164522,28.469018121505634,197085600
85,2015-05-06,27.771465301513672,28.158012693503345,27.404910951138934,28.115802901338345,288564000
86,2015-05-07,27.943222045898438,28.126149023060083,27.66659943498763,27.833910756854213,175763600
87,2015-05-08,28.469707489013672,28.469707489013672,28.132853405005918,28.26000999669395,222201600
88,2015-05-11,28.179702758789062,28.456323810934226,28.025775718347,28.41840030015216,168143200
89,2015-05-12,28.079317092895508,28.304628568232697,27.845080436063334,28.01908403166223,192640000
90,2015-05-13,28.110538482666016,28.373775078379587,28.079307166393143,28.14176979893889,138776800
91,2015-05-14,28.766407012939453,28.766407012939453,28.367091955646405,28.422862424226732,180814000
92,2015-05-15,28.726245880126953,28.886865057060014,28.60132061005864,28.79317110450878,152832000
93,2015-05-18,29.043020248413086,29.161253330755034,28.63478014366407,28.639242732797204,203531600
94,2015-05-19,29.016254425048828,29.196950157503426,28.920327470857302,29.154564066392645,178532800
95,2015-05-20,29.014009475708008,29.219244260364896,28.85339035659269,29.000625116441245,145819600
96,2015-05-21,29.31072425842285,29.36426512807288,28.962717115594927,29.016257985244955,158921600
97,2015-05-22,29.567256927490234,29.663183860690328,29.31294384043469,29.357562918550684,182384000
98,2015-05-26,28.915863037109375,29.649804096047635,28.804322132440436,29.580649279786215,282790400
99,2015-05-27,29.455730438232422,29.504808724983548,29.011799668019176,29.076491916576888,183332800
100,2015-05-28,29.39771270751953,29.435636196499285,29.246018751600516,29.41555965597307,122933200
101,2015-05-29,29.06308937072754,29.32409460304451,28.978317218639926,29.27501634698929,203538000
102,2015-06-01,29.12110137939453,29.310722301615094,29.011793458266705,29.06310132744831,128451200
103,2015-06-02,28.991710662841797,29.147867233632002,28.848938454696757,28.969401122461218,134670400
104,2015-06-03,29.027406692504883,29.210335427396807,28.978328417483077,29.147872787179708,123934000
105,2015-06-04,28.857866287231445,29.130026398016824,28.7574801423585,28.906944563206427,153800400
106,2015-06-05,28.699474334716797,28.93148133012239,28.634782105665426,28.889095240348773,142507200
107,2015-06-08,28.509859085083008,28.824405288183716,28.293469433641413,28.75524706027214,210699200
108,2015-06-09,28.42508316040039,28.57231796852488,28.02353693293006,28.26446398862062,224301600
109,2015-06-10,28.75078582763672,28.853401557823254,28.521010125158224,28.536625784357813,156349200
110,2015-06-11,28.68609046936035,29.04078974685961,28.661551332957096,28.817707926451256,141563600
111,2015-06-12,28.36931037902832,28.6280860683027,28.35592601647239,28.59685475435289,147544800
112,2015-06-15,28.31355094909668,28.3849370804693,28.043622086657102,28.130623881080616,175955600
113,2015-06-16,28.465240478515625,28.521010934665533,28.190850787366475,28.338083906573015,125976400
114,2015-06-17,28.398319244384766,28.52770541959122,28.273392255180084,28.492013209803734,131672400
115,2015-06-18,28.527700424194336,28.62362566779641,28.38046731888597,28.382698613475533,141628800
116,2015-06-19,28.242164611816406,28.514324767558886,28.197548918276162,28.489785625517868,218867600
117,2015-06-22,28.46747589111328,28.567862045912186,28.34924277928984,28.440705455576474,136157200
118,2015-06-23,28.33808135986328,28.46746921497815,28.304618748784733,28.438469193098925,121075600
119,2015-06-24,28.579011917114258,28.956020735183053,28.358161393253585,28.378237939977645,221123600
120,2015-06-25,28.44293212890625,28.822170543166646,28.44293212890625,28.746323541106253,127752400
121,2015-06-26,28.275615692138672,28.552236623539226,28.22207654134671,28.480850521823633,176267200
122,2015-06-29,27.780378341674805,28.21315761039988,27.769225272035214,27.987844499138156,196645600
123,2015-06-30,27.98114776611328,28.135074739126058,27.853991219444136,28.012379079191394,177482800
124,2015-07-01,28.242164611816406,28.318013333210356,28.106084533945165,28.309089854106386,120955200
125,2015-07-02,28.206466674804688,28.262237131404994,28.057000557611623,28.20423537998648,108844000
126,2015-07-06,28.108314514160156,28.159624091112555,27.851770033357234,27.871848285896704,112241600
127,2015-07-07,28.039155960083008,28.141773398387514,27.610837549881598,28.083771645613904,187787200
128,2015-07-08,27.343130111694336,27.804909267504648,27.33643793149079,27.769217072426166,243046400
129,2015-07-09,26.785436630249023,27.675532700928322,26.595817405444773,27.628685718469345,314380000
130,2015-07-10,27.501522064208984,27.62867861303297,27.039742839324095,27.20259329054447,245418000
131,2015-07-13,28.03246307373047,28.054770915935904,27.73353254184397,27.891920434075615,165762000
132,2015-07-14,28.02130889892578,28.19085156686366,27.8941523234672,28.11723415423519,127072400
133,2015-07-15,28.291234970092773,28.36485237559187,28.014614003283636,28.045845320408258,134596800
134,2015-07-16,28.66824722290039,28.681634993181415,28.409473162788792,28.496474947841605,144889600
135,2015-07-17,28.915863037109375,28.915863037109375,28.623626411510077,28.79540035780856,184658800
136,2015-07-20,29.462419509887695,29.663191799310432,29.156795081997483,29.217028130407765,235600800
137,2015-07-21,29.167940139770508,29.652027150823727,29.0720166168051,29.636413197671054,307025600
138,2015-07-22,27.934297561645508,27.996760180568426,27.213742745976177,27.213742745976177,461802400
139,2015-07-23,27.920921325683594,28.351467603111896,27.898611782166114,28.152924920056645,203998000
140,2015-07-24,27.773681640625,28.050302571575923,27.639832912873192,27.95660863234755,168649200
141,2015-07-27,27.38775634765625,27.575145975546818,27.242754515358953,27.459142467333766,177822000
142,2015-07-28,27.52383041381836,27.64206519121989,27.338673823127042,27.52383041381836,134472400
143,2015-07-29,27.436838150024414,27.550610377936973,27.276218934613638,27.47253206543995,148046800
144,2015-07-30,27.29851722717285,27.343132901067033,27.15128243976011,27.287362457709875,134513200
145,2015-07-31,27.059823989868164,27.358752795623563,26.972822220910746,27.349829319066504,171540000
146,2015-08-03,26.421812057495117,27.343139387606957,26.216575483749125,27.10444190149192,279904000
147,2015-08-04,25.574098587036133,26.25672838166463,25.264015006993834,26.19426574712073,496554400
148,2015-08-05,25.743640899658203,26.19872799073188,25.007470254866853,25.19708945065277,397250400
149,2015-08-06,25.799665451049805,26.10667156042228,25.57333416463095,25.98790328524178,211612000
150,2015-08-07,25.88706398010254,26.05065161995523,25.658491272988158,25.67641901345925,154681600
151,2015-08-10,26.828248977661133,26.888752962705077,26.11339616388924,26.11339616388924,219806400
152,2015-08-11,25.432157516479492,26.483147763088663,25.3963037462565,26.400233248067703,388331200
153,2015-08-12,25.82431983947754,25.8646564026347,24.56716561571015,25.217031706716167,404870000
154,2015-08-13,25.804149627685547,26.08426414446528,25.667453606722372,26.00359102685805,194143200
155,2015-08-14,25.985666275024414,26.064098006803345,25.54868826248213,25.618156123531538,171718000
156,2015-08-17,26.25457000732422,26.364374401449012,25.88257716849709,26.003586825355924,163538800
157,2015-08-18,26.106672286987305,26.317318945242764,25.996867877967947,26.09098594284168,138242800
158,2015-08-19,25.772769927978516,26.11114694123252,25.69881930534041,26.017028899520128,193146000
159,2015-08-20,25.243913650512695,25.62486860467399,25.01533931026963,25.564364637952508,274006400
160,2015-08-21,23.699922561645508,25.075844527643355,23.675272354625772,24.746429679000364,513102000
161,2015-08-24,23.10832405090332,24.38116427748664,20.616425097540755,21.25956853943907,648825200
162,2015-08-25,23.247268676757812,24.898824851100787,23.193487156266315,24.898824851100787,414406400
163,2015-08-26,24.580604553222656,24.625422182789382,23.54081981819115,23.997965110757313,387098400
164,2015-08-27,25.304424285888672,25.37613353297059,24.654558272511903,25.149802236992745,338464400
165,2015-08-28,25.387340545654297,25.39182162591905,24.995180199676174,25.136357308742262,212657600
166,2015-08-31,25.26856803894043,25.665209398967942,25.098257952693018,25.104980426809615,224917200
167,2015-09-01,24.139144897460938,25.071364966794416,24.05847179313516,24.683687496818415,307383600
168,2015-09-02,25.17444610595703,25.17444610595703,24.455112372767545,24.70161446705182,247555200
169,2015-09-03,24.732994079589844,25.273054024553623,24.659043430585424,25.20806724600581,212935600
170,2015-09-04,24.486480712890625,24.7509087864841,24.316172381187002,24.419254279749516,199985200
171,2015-09-08,25.16771697998047,25.223739857567235,24.721775353100924,25.042226281284528,219374400
172,2015-09-09,24.683687210083008,25.55092050698643,24.59853131779331,25.492657928736982,340043200
173,2015-09-10,25.22599220275879,25.38509703901559,24.627668020705055,24.710580821331632,251571200
174,2015-09-11,25.593505859375,25.593505859375,25.044482028248712,25.051204503862607,199662000
175,2015-09-14,25.839996337890625,26.19406140070157,25.73915582327062,26.124593566615918,233453600
176,2015-09-15,26.05736541748047,26.11338830553308,25.640554993594424,25.978933716143388,173364800
177,2015-09-16,26.086505889892578,26.115637184543175,25.86913674840091,26.050650410614907,148694000
178,2015-09-17,25.528514862060547,26.10443021019383,25.483697225582045,25.91843548009313,256450400
179,2015-09-18,25.423185348510742,25.61366453139606,25.06912200325826,25.14531230866613,297141200
180,2015-09-21,25.817596435546875,25.853451916923284,25.470255435551035,25.472495120874473,200888000
181,2015-09-22,25.4119873046875,25.58677847585552,25.214785606193775,25.407504515349082,201384800
182,2015-09-23,25.618152618408203,25.70778960375562,25.38957992997141,25.463528861425985,143026800
183,2015-09-24,25.770538330078125,25.882584148904552,25.181177938537186,25.37837796418563,200878000
184,2015-09-25,25.70553970336914,26.14924169369851,25.550915997549666,26.093218810103945,224607600
185,2015-09-28,25.19685935974121,25.67417383915858,25.19685935974121,25.51282761803632,208436000
186,2015-09-29,24.439428329467773,25.436636933681488,24.170519104557986,25.28425458365043,293461600
187,2015-09-30,24.717304229736328,24.99517733576546,24.365480485186172,24.688171227461435,265892000
188,2015-10-01,24.555952072143555,24.56491593916416,24.047263304241792,24.441664904734353,255716400
189,2015-10-02,24.735227584838867,24.876406372152566,24.101049723055393,24.204131643026145,232079200
190,2015-10-05,24.82486343383789,24.95707834695101,24.44166706073994,24.623180682290823,208258800
191,2015-10-06,24.943632125854492,25.0399915694046,24.59853090266767,24.791249789767882,192787200
192,2015-10-07,24.82486343383789,25.04671360569818,24.5178590822946,25.03999113226044,187062400
193,2015-10-08,24.538028717041016,24.692652458794942,24.24895036534952,24.692652458794942,247918400
194,2015-10-09,25.125152587890625,25.161006357395998,24.53579054393031,24.650077746740173,211064400
195,2015-10-12,25.008628845214844,25.26633459544212,24.972775068749065,25.26185351451528,121868800
196,2015-10-13,25.05119514465332,25.199094681953888,24.8024533817687,24.833826062701636,132197200
197,2015-10-14,24.697132110595703,24.99069152478597,24.551472245882195,24.939151420302792,177849600
198,2015-10-15,25.06688690185547,25.120668407978943,24.75988078960425,24.858481642233333,150694000
199,2015-10-16,24.883129119873047,25.098256830400224,24.76884193595193,25.048956409505504,156930400
200,2015-10-19,25.03775405883789,25.042235138369406,24.6747250681917,24.829348812117825,119036800
201,2015-10-20,25.494897842407227,25.584534814719742,24.83382837725812,24.95035524448626,195871200
202,2015-10-21,25.492658615112305,25.900505222254605,25.479211957730133,25.546440115591764,167180800
203,2015-10-22,25.882572174072266,25.882572174072266,25.56884368457121,25.620385489645777,166616400
204,2015-10-23,26.684829711914062,26.71844379583291,26.068577775574017,26.151490578266074,237467600
205,2015-10-26,25.83327865600586,26.47193935630753,25.752605545474786,26.46073580242905,265335200
206,2015-10-27,25.669692993164062,26.115634790275454,25.54420053688064,25.8601705077346,279537600
207,2015-10-28,26.727399826049805,26.734124009038084,26.00806611776851,26.20302639203805,342205600
208,2015-10-29,27.009754180908203,27.045609649466968,26.503306800454087,26.599666235102223,204909200
209,2015-10-30,26.77893829345703,27.16437600520498,26.76773303289212,27.112834200162197,197461200
210,2015-11-02,27.155414581298828,27.195751129404943,26.80359090991662,27.0702604062672,128813200
211,2015-11-03,27.466903686523438,27.67306752074972,27.04785183483226,27.068020965182114,182076000
212,2015-11-04,27.339168548583984,27.747015092970628,27.25401437678732,27.592391379490792,179544400
213,2015-11-05,27.213144302368164,27.611485208849075,27.046607179020967,27.42244163026454,158210800
214,2015-11-06,27.244657516479492,27.41344566739177,27.145636302172225,27.255910746674388,132169200
215,2015-11-09,27.134376525878906,27.413439053970233,27.017350858292687,27.22214620581893,135485600
216,2015-11-10,26.27918815612793,26.57175496081074,26.119402251632547,26.308445866797292,236511600
217,2015-11-11,26.130657196044922,26.425473292430482,25.928111065435715,26.18917090422134,180872000
218,2015-11-12,26.042882919311523,26.290438494586024,26.02712942953046,26.164410576337538,130102400
219,2015-11-13,25.282209396362305,26.00912433211974,25.266455906955873,25.925854906970567,183249600
220,2015-11-16,25.696304321289062,25.70980682190247,24.98064259975126,25.06616129863884,152426800
221,2015-11-17,25.586029052734375,25.892098314595156,25.502759628683492,25.86284060822513,110467600
222,2015-11-18,26.396209716796875,26.441219192006294,25.993368560767326,26.051882252140704,186698800
223,2015-11-19,26.73154067993164,26.94984028725011,26.27693870154817,26.47498283877433,173183200
224,2015-11-20,26.84856414794922,26.988094560769092,26.747290246352513,26.826057691815596,137148400
225,2015-11-23,26.499736785888672,26.945338210890085,26.407465116019043,26.84181331206017,129930000
226,2015-11-24,26.7540340423584,26.85980817551081,26.357945936384805,26.405206390495255,171212800
227,2015-11-25,26.562747955322266,26.83280996896848,26.537992227812992,26.828307991056892,85553200
228,2015-11-27,26.51323890686035,26.648270784440793,26.465978436507857,26.621264065524375,52185600
229,2015-11-30,26.623512268066406,26.873318811641276,26.499733632240492,26.553745347418406,156721200
230,2015-12-01,26.40746307373047,26.738288062358166,26.29943963887339,26.724785562251416,139409600
231,2015-12-02,26.168912887573242,26.58075636025735,26.123903403816158,26.40746624208892,133546400
232,2015-12-03,25.92584991455078,26.283681557878825,25.70530110533081,26.229669849886356,166278000
233,2015-12-04,26.787792205810547,26.837303648687627,25.905593621640442,25.94610282790341,231108000
234,2015-12-07,26.61901092529297,26.97459163578406,26.513236764336625,26.776547530739133,128336800
235,2015-12-08,26.607759475708008,26.691027181077096,26.29943923103996,26.44797188091549,137238000
236,2015-12-09,26.020374298095703,26.486229388709443,25.898846659196288,26.474976161829343,185445600
237,2015-12-10,26.14415740966797,26.317447529515086,25.99562473822935,26.114901416642635,116850800
238,2015-12-11,25.47125244140625,25.968614558600958,25.39698525707814,25.923605080402936,187544800
239,2015-12-14,25.313716888427734,25.35872636544817,24.70832963559441,25.246200955895596,257274800
240,2015-12-15,24.865867614746094,25.385736239096286,24.834360633512954,25.192192373234604,213292400
241,2015-12-16,25.057157516479492,25.203440893124053,24.48552994368631,24.99639455045869,224954000
242,2015-12-17,24.526033401489258,25.26194865584956,24.526033401489258,25.210186223835937,179091200
243,2015-12-18,23.86213493347168,24.647561707984263,23.81262348506665,24.51028230604477,385813200
244,2015-12-21,24.154706954956055,24.163709194553643,23.758616997670288,24.143453726208655,190362400
245,2015-12-22,24.13219451904297,24.242468914195612,23.956653478370008,24.170452737381485,131157600
246,2015-12-23,24.442773818969727,24.496785544116474,24.125451285103782,24.14120477647999,130629600
247,2015-12-24,24.312240600585938,24.53054017780593,24.294236122320022,24.53054017780593,54281600
248,2015-12-28,24.03993034362793,24.235725189970832,23.895897945284286,24.213218732665815,106816800
249,2015-12-29,24.472021102905273,24.627306689063776,24.048926258663258,24.07143099304826,123724800
250,2015-12-30,24.152454376220703,24.463023895390158,24.12094739820358,24.43601889537635,100855200
251,2015-12-31,23.68885040283203,24.08718960898984,23.58982749004638,24.082689347954826,163649200
252,2016-01-04,23.709104537963867,23.71360651607352,22.955184602744627,23.09246574606234,270597600
253,2016-01-05,23.114965438842773,23.821624751632932,23.0474512349527,23.799120017002906,223164000
254,2016-01-06,22.662616729736328,23.0384529014461,22.475825855355314,22.63110975251536,273829600
255,2016-01-07,21.70615005493164,22.534337108884632,21.70164979418796,22.20801411942277,324377600
256,2016-01-08,21.820932388305664,22.304792107508888,21.775922900613136,22.178764168368286,283192000
257,2016-01-11,22.174253463745117,22.293530104496217,21.906442481454086,22.273276358105072,198957600
258,2016-01-12,22.496082305908203,22.660370178573043,22.24402474087501,22.628863197569107,196616800
259,2016-01-13,21.917705535888672,22.77289958503001,21.897451780415246,22.577104697110276,249758400
260,2016-01-14,22.397052764892578,22.61310302363857,21.54636109520953,22.045974099182413,252680400
261,2016-01-15,21.85918426513672,21.989714145273158,21.46084509223923,21.649886945952915,319335600
262,2016-01-19,21.7534122467041,22.201262880477753,21.492352481407988,22.147251166520476,212350800
263,2016-01-20,21.782665252685547,22.097736688815445,21.024243504208727,21.402328884164366,289337600
264,2016-01-21,21.672393798828125,22.02797277549586,21.366324558328266,21.843431179047542,208646000
265,2016-01-22,22.82465362548828,22.833655864278438,22.13824965850337,22.196761635137154,263202000
266,2016-01-25,22.37905502319336,22.84941043244113,22.327292576954793,22.84715944338687,207178000
267,2016-01-26,22.502824783325195,22.703119820332912,22.07072774058952,22.489322287302524,300308000
268,2016-01-27,21.024242401123047,21.746655162652843,21.006237927545712,21.613876033272483,533478800
269,2016-01-28,21.175029754638672,21.271801671005875,20.79244406686214,21.107515542267087,222715200
270,2016-01-29,21.906448364257812,21.906448364257812,21.233546820430533,21.33256974138231,257666000
271,2016-02-01,21.70165252685547,21.764666487210278,21.46985043683529,21.71065476647782,163774000
272,2016-02-02,21.26280403137207,21.613882790889953,21.217792833355904,21.474350652542302,149428800
273,2016-02-03,21.68364906311035,21.793923498895694,21.17278438887882,21.379830758884445,183857200
274,2016-02-04,21.857873916625977,22.023053229116783,21.5388313080044,21.69043312718145,185886800
275,2016-02-05,21.274097442626953,21.93028673477861,21.19942897791437,21.83977756925446,185672400
276,2016-02-08,21.49810218811035,21.654228686840714,21.052346092950472,21.072709743355976,216085600
277,2016-02-09,21.493581771850586,21.708541257399276,21.253733948753766,21.335192025714715,177324800
278,2016-02-10,21.330663681030273,21.801309921553056,21.292197849935643,21.70401287881343,169374400
279,2016-02-11,21.201684951782227,21.432483350272403,20.950522902652605,21.22205032873997,200298800
280,2016-02-12,21.26730728149414,21.382706498346476,21.045561662323756,21.312562722572782,161405600
281,2016-02-16,21.866920471191406,21.914437372145343,21.40758870231874,21.50035930142369,196231600
282,2016-02-17,22.201807022094727,22.22217067140794,21.756050950844866,21.873711619396975,179452800
283,2016-02-18,21.780946731567383,22.376041566489526,21.742479173334242,22.364727274129432,156084000
284,2016-02-19,21.731157302856445,21.894073375703115,21.67685252068019,21.72210621810742,141496800
285,2016-02-22,21.92123031616211,21.92575672281318,21.704009407505577,21.792255347699847,137123200
286,2016-02-23,21.425695419311523,21.83524717134706,21.394017478619176,21.812620317469428,127770400
287,2016-02-24,21.74474334716797,21.808099244046268,21.115707333421003,21.265047712907315,145022800
288,2016-02-25,21.89407730102539,21.89407730102539,21.55240612734355,21.733424402142486,110330800
289,2016-02-26,21.928020477294922,22.179180810555707,21.853350302540388,21.993637838519774,115964400
290,2016-02-29,21.878231048583984,22.226689989469374,21.86917996522516,21.916696858120762,140865200
291,2016-03-01,22.747127532958984,22.801432338301602,22.04342136196263,22.09546468989167,201628400
292,2016-03-02,22.796903610229492,22.82858155158241,22.54574155641827,22.74259881452711,132678400
293,2016-03-03,22.966611862182617,23.014128783015103,22.729025531701545,22.758442001492117,147822800
294,2016-03-04,23.308284759521484,23.47572559606634,22.937198729168685,23.163470783106675,184220400
295,2016-03-07,23.050329208374023,23.267550120715413,22.844420860215557,23.167989888522893,143315600
296,2016-03-08,22.860260009765625,23.02543933025596,22.717709270454677,22.803692009453894,126247600
297,2016-03-09,22.8806209564209,22.98470584967883,22.688288411554122,22.92361145443563,108806800
298,2016-03-10,22.891935348510742,23.134046293258795,22.661138693065695,22.946241865583367,134054400
299,2016-03-11,23.138578414916992,23.14310309596492,22.966611187679444,23.134052007550462,109632800
300,2016-03-14,23.19740867614746,23.285656359560917,23.02996785067511,23.059384320585814,100304400
301,2016-03-15,23.663524627685547,23.799287473548514,23.498345318901467,23.523235375380143,160270800
302,2016-03-16,23.97804069519043,24.054972335581546,23.66578427489726,23.670310680989743,153214000
303,2016-03-17,23.939579010009766,24.091180840249617,23.749509626611857,23.87622139799819,137682800
304,2016-03-18,23.966726303100586,24.097964458127866,23.80154873411635,24.061760114816295,176820800
305,2016-03-21,23.964462280273438,24.358174977207085,23.79023191765434,23.968986959547607,142010800
306,2016-03-22,24.147747039794922,24.276722004992966,23.8060758516562,23.81512693841094,129777600
307,2016-03-23,24.014245986938477,24.22694221270348,23.96220439530553,24.093442565514504,102814000
308,2016-03-24,23.91016387939453,24.04140206498335,23.733671980446086,23.864910166034907,104532000
309,2016-03-28,23.801557540893555,24.027829591359108,23.772141069489038,23.984837349348656,77645600
310,2016-03-29,24.364965438842773,24.38985549328066,23.73140324167166,23.733666444707314,124760400
311,2016-03-30,24.79035758972168,24.984951630731874,24.573136695962944,24.584450985496314,182404400
312,2016-03-31,24.661380767822266,24.867289082816846,24.636490713782962,24.826560060417812,103553600
313,2016-04-01,24.887659072875977,24.88992227645211,24.48263194867367,24.613870134993224,103496000
314,2016-04-04,25.14335060119629,25.385461623560946,24.951017979295706,24.9849591317675,149424800
315,2016-04-05,24.846927642822266,25.055099193778993,24.758681701370815,24.779047078954108,106314800
316,2016-04-06,25.10714340209961,25.111669809286663,24.70890415924688,24.941965792461293,105616400
317,2016-04-07,24.5595645904541,24.984955355017746,24.46453075895347,24.87860723229722,127207600
318,2016-04-08,24.586715698242188,24.837876023385373,24.475841178225927,24.6432836967458,94326800
319,2016-04-11,24.668169021606445,25.02794234592997,24.625178521879334,24.656856459075357,117630000
320,2016-04-12,24.989482879638672,25.003058648654925,24.586718953183524,24.74058227221714,108929200
321,2016-04-13,25.351516723632812,25.41939729222358,25.07093990889034,25.07093990889034,133029200
322,2016-04-14,25.365097045898438,25.430716149073078,25.19086832295243,25.25648742612707,101895600
323,2016-04-15,24.855981826782227,25.410349328859326,24.82883028837945,25.367357091296842,187756000
324,2016-04-18,24.319717407226562,24.65233582567168,24.19753030957961,24.638760056928188,243286000
325,2016-04-19,24.19074249267578,24.437378165902466,24.036877449985877,24.410224902021245,129539600
326,2016-04-20,24.240520477294922,24.45774140571795,23.998409488981064,24.12964767271117,122444000
327,2016-04-21,23.97804069519043,24.195261577040657,23.876217273926873,24.195261577040657,126210000
328,2016-04-22,23.91242218017578,24.093440449136978,23.672574441172625,23.760820372553717,134732400
329,2016-04-25,23.77666473388672,23.90563971871821,23.64768974905523,23.758562557621605,112126400
330,2016-04-26,23.611482620239258,23.82644205389541,23.511924115124508,23.511924115124508,224064800
331,2016-04-27,22.133930206298828,22.33531217762968,21.6497081936248,21.72211517515591,458408400
332,2016-04-28,21.457374572753906,22.147503149777744,21.326136396000567,22.086410468223406,328970800
333,2016-04-29,21.210739135742188,21.43248647977647,20.93242551178816,21.267307141980485,274126000
334,2016-05-02,21.18810272216797,21.287662920665266,20.90752602114204,21.262772871040944,192640400
335,2016-05-03,21.536569595336914,21.663281366246807,21.197161586412495,21.314822269926196,227325200
336,2016-05-04,21.31256103515625,21.699485962571515,21.228839770528293,21.54109452081471,164102000
337,2016-05-05,21.22605323791504,21.41500286744286,21.098569987548814,21.39906746114708,143562000
338,2016-05-06,21.10767364501953,21.27385689972502,20.909617844724483,21.2556462495966,174799600
339,2016-05-09,21.12360954284668,21.34670520938341,21.078078574390002,21.17141575710455,131745600
340,2016-05-10,21.267024993896484,21.301172780906928,20.96880457678436,21.246537363787375,134747200
341,2016-05-11,21.05986785888672,21.301175912061915,21.048484682600442,21.280688278941234,114876400
342,2016-05-12,20.56587028503418,21.121336033753508,20.367816184370167,21.107677609384716,305258800
343,2016-05-13,20.60684585571289,20.86864330441437,20.488468800183266,20.488468800183266,177571200
344,2016-05-16,21.371747970581055,21.487849775426163,20.864090236678617,21.032550487061453,245039200
345,2016-05-17,21.28296661376953,21.558422498954688,21.173695747608512,21.52427643879756,187667600
346,2016-05-18,21.526554107666016,21.674526753374128,21.37402923236765,21.43549562122653,168249600
347,2016-05-19,21.444599151611328,21.544765566551572,21.301180478534434,21.544765566551572,121768400
348,2016-05-20,21.676801681518555,21.724607903415812,21.517445871698555,21.544764457138047,128104000
349,2016-05-23,21.952259063720703,22.12527330960593,21.779244817835473,21.82477579666277,152074400
350,2016-05-24,22.286897659301758,22.330149905114894,22.04558788632102,22.132095851604745,140560800
351,2016-05-25,22.678457260131836,22.705774104756745,22.33470582502775,22.462189064821,152675200
352,2016-05-26,22.858304977416992,22.93115280482657,22.455364075159952,22.69211994844838,225324800
353,2016-05-27,22.844642639160156,22.871961223146894,22.594228364850043,22.63748235528845,145364800
354,2016-05-31,22.733097076416016,22.856028111455124,22.496341201914312,22.673907673583287,169228800
355,2016-06-01,22.414382934570312,22.66024495809652,22.38478910717191,22.541866174845136,116693200
356,2016-06-02,22.24592399597168,22.273240842302986,21.99778497521207,22.218605412811385,160766400
357,2016-06-03,22.29144859313965,22.37112560641008,22.1844530023928,22.26185477016167,114019600
358,2016-06-06,22.453083038330078,23.195221340147576,22.20722275072929,22.307387409815206,93170000
359,2016-06-07,22.544145584106445,22.735372201930687,22.52821017735685,22.59422878727063,89638000
360,2016-06-08,22.52365493774414,22.664796596709508,22.46446554765898,22.541865588145942,83392400
361,2016-06-09,22.68528175354004,22.76268177965261,22.414378188489007,22.423484380413168,106405600
362,2016-06-10,22.498613357543945,22.61699040098032,22.418936334382074,22.430317773788715,126851600
363,2016-06-13,22.159412384033203,22.564630152066556,22.10477696350067,22.466740749496882,152082000
364,2016-06-14,22.186735153198242,22.418938773768836,22.025104106674686,22.154864340465654,127727600
365,2016-06-15,22.113887786865234,22.40300382708042,22.088846185371665,22.268689624812268,117780800
366,2016-06-16,22.20722007751465,22.252749304634087,21.870297891613266,21.956804117871677,125307200
367,2016-06-17,21.70183563232422,22.002333018892624,21.695006422579475,21.99550380914788,244032800
368,2016-06-20,21.649477005004883,21.9841222009625,21.633541602189215,21.854361996083895,137647600
369,2016-06-21,21.833877563476562,21.934042222919945,21.553867745183094,21.613057137237522,142185600
370,2016-06-22,21.751924514770508,22.056974208762426,21.70639354317016,21.911278573299274,116876400
371,2016-06-23,21.87713050842285,21.920384496701352,21.683628657792593,21.840707468421712,128960800
372,2016-06-24,21.26247787475586,21.549316923000653,21.09174063551022,21.1509300314275,301245600
373,2016-06-27,20.9528751373291,21.182801782682954,20.829944111204142,21.171418604830443,181958400
374,2016-06-28,21.30572509765625,21.321662236912484,20.9756338744431,21.148648055677793,161779600
375,2016-06-29,21.490131378173828,21.524279179508138,21.314840141844723,21.39224194065778,146124000
376,2016-06-30,21.76331329345703,21.802013329744923,21.46736969399546,21.49924051644779,143345600
377,2016-07-01,21.829330444335938,21.961367692318017,21.70184716315569,21.738270213423142,104106000
378,2016-07-05,21.624439239501953,21.71777642740223,21.503785205838827,21.715499444645676,110820800
379,2016-07-06,21.747365951538086,21.77696151102869,21.483293319400158,21.535651754635122,123796400
380,2016-07-07,21.84071159362793,21.968194862954004,21.76786376303742,21.786074418063084,100558400
381,2016-07-08,22.00916862487793,22.056974843812966,21.86574996807282,21.965914634819505,115648400
382,2016-07-11,22.077465057373047,22.229989914574308,22.02055264168639,22.02510487073652,95179600
383,2016-07-12,22.177627563476562,22.241369184931997,22.109333713415275,22.120715153344364,96670000
384,2016-07-13,22.05242347717285,22.234542165451483,22.04559252834731,22.1753545035962,103568800
385,2016-07-14,22.4895076751709,22.535036907490163,22.154862433454767,22.170797838449396,155676000
386,2016-07-15,22.48723793029785,22.605616751355818,22.423496289803303,22.519108750545126,120548000
387,2016-07-18,22.726268768310547,22.79456263260826,22.446258887884987,22.46902350931756,145975600
388,2016-07-19,22.735368728637695,22.764962554700436,22.614712968161584,22.664796163674534,95119600
389,2016-07-20,22.755861282348633,22.869686119737427,22.705778076004894,22.76496747775924,105104000
390,2016-07-21,22.635204315185547,22.99261418904708,22.56690872682313,22.726264520725785,130808000
391,2016-07-22,22.459915161132812,22.6056107972683,22.380236394671762,22.59650460290621,113254800
392,2016-07-25,22.159412384033203,22.500886801811777,22.06379996389409,22.36657436449665,161531600
393,2016-07-26,22.00689125061035,22.30283649036816,21.94997883810531,22.041039045479174,224959200
394,2016-07-27,23.436525344848633,23.75523512840097,23.39099612012484,23.737022743780013,369379200
395,2016-07-28,23.752965927124023,23.77800752997383,23.40693919011725,23.40921617314791,159479200
396,2016-07-29,23.723369598388672,23.800771381822965,23.602715562898634,23.718817369635584,110934800
397,2016-08-01,24.142242431640625,24.165007045837264,23.768897200963814,23.768897200963814,152671600
398,2016-08-02,23.78483772277832,24.146799855832086,23.675565119560158,24.14224762674467,135266400
399,2016-08-03,24.08305549621582,24.09443693605807,23.850851892023883,23.85995808599503,120810400
400,2016-08-04,24.231822967529297,24.26157710325582,24.09678120579802,24.165446745151172,109634800
401,2016-08-05,24.600332260131836,24.639241929922044,24.302783823087015,24.323382443715563,162213600
402,2016-08-08,24.804040908813477,24.804040908813477,24.527092804815823,24.609489043629477,112148800
403,2016-08-09,24.904743194580078,24.93449908368157,24.7216379561109,24.771992464217153,105260800
404,2016-08-10,24.719348907470703,24.925343830947153,24.6644175099562,24.88185552870278,96034000
405,2016-08-11,24.703319549560547,24.932202339143714,24.68500850729699,24.838359557220805,109938000
406,2016-08-12,24.76055145263672,24.820061493806705,24.66899794612241,24.66899794612241,74641600
407,2016-08-15,25.058095932006836,25.07182834461946,24.73765958322399,24.75139199583661,103472800
408,2016-08-16,25.03520965576172,25.22976150751289,24.996299983906624,25.092430377750215,135177600
409,2016-08-17,24.99858856201172,25.032921343436463,24.797170508980045,24.97112198762436,101424000
410,2016-08-18,24.966541290283203,25.08555960199935,24.952807132065452,25.000874066471287,87938800
411,2016-08-19,25.03063201904297,25.106163788909825,24.801749137922414,24.895590211138185,101472400
412,2016-08-22,24.83608627319336,24.971126358533358,24.685022706977662,24.916194946381335,103280800
413,2016-08-23,24.913902282714844,25.021477520652386,24.84065982760131,24.85439224223576,85030800
414,2016-08-24,24.726219177246094,24.89101514310888,24.646110512239996,24.849816151643186,94700400
415,2016-08-25,24.62092399597168,24.69187710883518,24.417218433164564,24.57972501999736,100344800
416,2016-08-26,24.476730346679688,24.70790074719465,24.33253304649595,24.584305555947743,111065200
417,2016-08-29,24.449270248413086,24.591178268907836,24.327962596069156,24.40349436889239,99881200
418,2016-08-30,24.26158905029297,24.376030508077367,24.147147592508567,24.215813165674433,99455600
419,2016-08-31,24.28447151184082,24.3920467372776,24.179185603989712,24.183764239161054,118649600
420,2016-09-01,24.42867088317871,24.44469261514723,24.174610743222345,24.29362907409736,106806000
421,2016-09-02,24.65755271911621,24.719350326588074,24.44926846613325,24.650684766074676,107210000
422,2016-09-06,24.65068244934082,24.788013557460886,24.607195894924537,24.696460067460034,107521600
423,2016-09-07,24.801748275756836,24.893301774270007,24.506489159826664,24.68044063237792,169457200
424,2016-09-08,24.151721954345703,24.552267014663258,24.087635024092958,24.547690125175723,212008000
425,2016-09-09,23.604686737060547,24.19749420262541,23.604686737060547,23.950300315527222,186228000
426,2016-09-12,24.13340950012207,24.197496422009813,23.46735953427949,23.494826106333228,181171200
427,2016-09-13,24.70790672302246,24.900169254355387,24.545400084314608,24.607199441122198,248704800
428,2016-09-14,25.58224105834961,25.870634002352464,24.856682681789376,24.886438576490644,443554800
429,2016-09-15,26.451993942260742,26.488616040660265,25.97591714049353,26.0606044333641,359934400
430,2016-09-16,26.3032169342041,26.580164975590975,26.101800653078442,26.348994552349193,319547600
431,2016-09-19,25.99651336669922,26.591608401003104,25.92098161045916,26.36501487852042,188092000
432,2016-09-20,25.99422836303711,26.120114644327742,25.75161307135455,25.875210034920507,138057200
433,2016-09-21,25.989652633666992,26.090359916955993,25.735592488260867,26.058316452331603,144012800
434,2016-09-22,26.234554290771484,26.307796736816936,26.09264628757944,26.172754940092023,124296000
435,2016-09-23,25.797388076782227,26.273464865638555,25.531884855537015,26.188777575064645,209924800
436,2016-09-26,25.8362979888916,25.953028742676437,25.53188509596385,25.552483716270608,119477600
437,2016-09-27,25.884357452392578,25.90495781437669,25.71269533622015,25.86375883664581,98429600
438,2016-09-28,26.08120346069336,26.239133206587653,25.962185131514705,26.021695169222927,118564400
439,2016-09-29,25.67608070373535,26.046871585785244,25.589105840841654,25.900386687102312,143548000
440,2016-09-30,25.875215530395508,25.94845799700072,25.58911187236919,25.74017369576325,145516400
441,2016-10-03,25.753896713256836,25.875206086826246,25.698965319910553,25.797385012201293,86807200
442,2016-10-04,25.863765716552734,26.163601733762686,25.779078421401593,25.877498130703476,118947200
443,2016-10-05,25.875215530395508,26.014834255211404,25.792817537184877,25.95532420539525,85812400
444,2016-10-06,26.067468643188477,26.170465231130333,25.89351718159294,26.023980341230185,115117200
445,2016-10-07,26.106374740600586,26.220816154327558,25.980490233243355,26.163595447464072,97433600
446,2016-10-10,26.561861038208008,26.722078368474566,26.257446364463615,26.326110186190167,144944000
447,2016-10-11,26.61907958984375,27.166109532262723,26.59618990489879,26.93951422421971,256164000
448,2016-10-12,26.857120513916016,27.003607186633243,26.722080431727257,26.85940983202171,150347200
449,2016-10-13,26.77471923828125,26.880005150259226,26.486326329501203,26.731230933637267,140769600
450,2016-10-14,26.923490524291992,27.047087479760652,26.809049092884454,26.98071123999576,142608800
451,2016-10-17,26.905181884765625,26.971556379926877,26.72894109816619,26.854827374308645,94499600
452,2016-10-18,26.886865615844727,27.056238416665614,26.882286981471605,27.049372211343297,98214000
453,2016-10-19,26.8067626953125,26.953247594229147,26.046871627343243,26.836516840135722,80138400
454,2016-10-20,26.79302978515625,26.866272238030678,26.625946258085435,26.747253906948913,96503200
455,2016-10-21,26.687744140625,26.7586990226796,26.614501687003166,26.735809337104534,92770800
456,2016-10-24,26.928070068359375,26.94866868851393,26.779295853260383,26.80218379106691,94154800
457,2016-10-25,27.065393447875977,27.090570697759034,26.850243038416153,26.996727903424485,192516000
458,2016-10-26,26.456571578979492,26.48174883578111,25.934718885705546,26.163601768456424,264536800
459,2016-10-27,26.202512741088867,26.51837048528033,26.115536129527058,26.410795252814587,138248000
460,2016-10-28,26.02855682373047,26.3695917661158,25.966757479086073,26.06288959895097,151446800
461,2016-10-31,25.98736572265625,26.14529548881585,25.909544625476876,26.01254298236975,105677600
462,2016-11-01,25.518150329589844,26.040002986475454,25.29842298701894,25.969049856566283,175303200
463,2016-11-02,25.541034698486328,25.714986141889998,25.458638484492432,25.4975481473135,113326800
464,2016-11-03,25.267271041870117,25.642264957129893,25.20285508147735,25.531838097943226,107730400
465,2016-11-04,25.03951072692871,25.36389333452078,24.87156937755949,24.96819331187081,123348000
466,2016-11-07,25.400699615478516,25.423705059903003,25.182143505438635,25.324780069195096,130240000
467,2016-11-08,25.550233840942383,25.702072921380648,25.237354907193314,25.377690388736767,97016800
468,2016-11-09,25.508832931518555,25.61005902319711,24.857770061068404,25.278774908760692,236705600
469,2016-11-10,24.797950744628906,25.557141052136153,24.34703729863719,25.557141052136153,228538000
470,2016-11-11,24.945178985595703,25.046405026581464,24.512670751279106,24.643803688373144,136575600
471,2016-11-14,24.319433212280273,24.802554705796396,23.94443926956893,24.779549254715324,204702000
472,2016-11-15,24.641515731811523,24.77264873869325,24.422961305409807,24.517284184996708,129058000
473,2016-11-16,25.304080963134766,25.359296151320716,24.524184420842918,24.547189871652037,235362000
474,2016-11-17,25.294883728027344,25.386907305735157,25.037219816689973,25.262675739110172,110528000
475,2016-11-18,25.32018280029297,25.43061141206758,25.22816100488457,25.241963923155183,113715600
476,2016-11-21,25.704381942749023,25.764195760935156,25.308681889132192,25.333988410366057,117058400
477,2016-11-22,25.720487594604492,25.863122445096884,25.628464034646015,25.75499489378593,103862000
478,2016-11-23,25.589351654052734,25.653767612066698,25.38229910671984,25.619258561644013,109705600
479,2016-11-25,25.718185424804688,25.736590487051203,25.524935781622954,25.566346294075945,45903600
480,2016-11-28,25.667566299438477,25.874618812643458,25.62615579679748,25.63535832574025,108776000
481,2016-11-29,25.642269134521484,25.77340214817063,25.322488596759477,25.485829595852017,114115200
482,2016-11-30,25.426006317138672,25.81250378067143,25.36849182408441,25.67446934838181,144649200
483,2016-12-01,25.189048767089844,25.522633904830364,25.083222302593835,25.391500921084965,148347600
484,2016-12-02,25.283370971679688,25.32708079195349,25.041809403796204,25.115427883165925,106112000
485,2016-12-05,25.101627349853516,25.313280278734737,24.903777338663584,25.306378819889094,137298000
486,2016-12-06,25.294883728027344,25.389208377858886,25.12004086110663,25.1913583001084,104782000
487,2016-12-07,25.543344497680664,25.580154627439146,25.11313707615084,25.136142529648094,119994800
488,2016-12-08,25.794103622436523,25.86542104085599,25.44441447910836,25.504230050636142,108273200
489,2016-12-09,26.215110778808594,26.387654294479216,25.837815764958435,25.837815764958435,137610400
490,2016-12-12,26.065576553344727,26.4566745180519,25.879228347983513,26.06327548149486,105497600
491,2016-12-13,26.500381469726562,26.668322826103353,26.169097389460877,26.189801766875863,174935200
492,2016-12-14,26.500381469726562,26.732738784998737,26.452069500555023,26.46587241883168,136127200
493,2016-12-15,26.645313262939453,26.854666852226416,26.509579906968934,26.54408719733231,186098000
494,2016-12-16,26.679824829101562,26.801755280446198,26.606206344032927,26.794853821721503,177404400
495,2016-12-19,26.833965301513672,27.00420773209918,26.629213819473506,26.640717421692816,111117600
496,2016-12-20,26.90528106689453,27.031813662716168,26.84316618225683,26.856969099908948,85700000
497,2016-12-21,26.930587768554688,27.00880839792081,26.866171812137395,26.87077395485473,95132800
498,2016-12-22,26.753448486328125,26.804061533698256,26.60391041597186,26.767251406445986,104343600
499,2016-12-23,26.806354522705078,26.806354522705078,26.59240053536389,26.59240053536389,56998000
500,2016-12-27,26.976593017578125,27.100824508810547,26.799447430834554,26.806348887813684,73187600
501,2016-12-28,26.8615779876709,27.151449862372658,26.732744288155406,27.036420839178867,83623600
502,2016-12-29,26.854671478271484,26.942092887589716,26.778751915988057,26.790253763022857,60158000
503,2016-12-30,26.645313262939453,26.962792620703265,26.555590797588746,26.836261793897304,122345200
504,2017-01-03,26.72123908996582,26.762649603333717,26.401458585981693,26.64071913486251,115127600
505,2017-01-04,26.69133186340332,26.804061561829098,26.62921696760427,26.652222419559344,84472400
506,2017-01-05,26.827062606811523,26.88457710485285,26.643015510998012,26.66832203055245,88774400
507,2017-01-06,27.12613868713379,27.183653185150572,26.79485461689209,26.86617203276788,127007600
508,2017-01-09,27.374595642089844,27.47582170420658,27.133035841860686,27.135335157670315,134247600
509,2017-01-10,27.402210235595703,27.46432512719422,27.21586380559681,27.32398959799397,97848400
510,2017-01-11,27.549448013305664,27.59085852729163,27.284880938128854,27.317088920650892,110354400
511,2017-01-12,27.434419631958008,27.445923235352577,27.195159074019244,27.353899673806367,108344800
512,2017-01-13,27.386098861694336,27.519532895322232,27.33318476035814,27.402202848152676,104447600
513,2017-01-17,27.606962203979492,27.662175636930506,27.19745921211967,27.225065050993486,137759200
514,2017-01-18,27.60466194152832,27.721992025791536,27.540245975329984,27.606963013236385,94852000
515,2017-01-19,27.55634307861328,27.627660486905143,27.462020224601755,27.468921682797355,102389200
516,2017-01-20,27.606962203979492,27.710487610163064,27.54484731131003,27.710487610163064,130391600
517,2017-01-23,27.6253662109375,27.79330757501292,27.554047034431193,27.606961148922757,88200800
518,2017-01-24,27.600059509277344,27.629966418453563,27.49193196465079,27.503435567135732,92844000
519,2017-01-25,28.039472579956055,28.09008562831899,27.67138007623037,27.703588060606148,129510400
520,2017-01-26,28.053274154663086,28.168303159062784,27.97505351896557,27.991157509373394,105350400
521,2017-01-27,28.055574417114258,28.14759797477796,27.975054462359783,28.099286001925275,82251600
522,2017-01-30,27.981956481933594,27.981956481933594,27.758801675778333,27.82091656920229,121510000
523,2017-01-31,27.91753578186035,27.926738311770396,27.749594437810618,27.871524887513246,196804000
524,2017-02-01,29.61996841430664,30.020270610409472,29.21966797340711,29.224268361259686,447940000
525,2017-02-02,29.569358825683594,29.767208875316427,29.39681530020404,29.44282796012069,134841600
526,2017-02-03,29.695886611938477,29.721193131971837,29.484233676389646,29.51874097170494,98029200
527,2017-02-06,29.974254608154297,30.022568331657627,29.6544741356893,29.707390002003997,107383600
528,2017-02-07,30.259531021118164,30.388362950360797,30.011067938833033,30.03177231808843,152735200
529,2017-02-08,30.376867294311523,30.41827957406313,30.188221494398704,30.218130168085548,92016400
530,2017-02-09,30.59636878967285,30.60330017260065,30.295995935502173,30.418455068062762,113399600
531,2017-02-10,30.527050018310547,30.71651721121805,30.510877967438446,30.605611563892197,80262000
532,2017-02-13,30.79737663269043,30.919839253845378,30.672608252092974,30.748856966868217,92141600
533,2017-02-14,31.197107315063477,31.213279362962442,30.788138188350544,30.83897066853526,132904800
534,2017-02-15,31.31031608581543,31.485920446782508,31.10467692017684,31.31262889622328,142492400
535,2017-02-16,31.27335548400879,31.400433156603963,31.155514952191538,31.347291392120912,90338400
536,2017-02-17,31.358835220336914,31.384251452160708,31.215582018580157,31.215582018580157,88792800
537,2017-02-21,31.585281372070312,31.596834850449913,31.418921155158582,31.476685021429972,98028800
538,2017-02-22,31.680004119873047,31.682313404508225,31.448948733841043,31.52288462404608,83347600
539,2017-02-23,31.546001434326172,31.765503414548835,31.49285966610156,31.742399984098633,83152800
540,2017-02-24,31.576032638549805,31.576032638549805,31.257175049984358,31.402741084003488,87106400
541,2017-02-27,31.638408660888672,31.756249150547458,31.488224087573542,31.68693183762317,81029600
542,2017-02-28,31.652292251586914,31.756266515014435,31.585284186390634,31.673086399147035,93931600
543,2017-03-01,32.299232482910156,32.382412567080664,31.793224123633966,31.86022863767035,145658400
544,2017-03-02,32.10746383666992,32.41245516840426,32.061249930553956,32.347759930593156,104844000
545,2017-03-03,32.29692459106445,32.308478066569165,32.02196809193067,32.06586918347313,84432400
546,2017-03-06,32.19525909423828,32.29461475112016,32.02428035196002,32.20219047429682,87000000
547,2017-03-07,32.23685836791992,32.343141903855376,32.06818534575366,32.130571306357986,69785200
548,2017-03-08,32.11670684814453,32.301551909230334,32.075118560354035,32.10515337077174,74828800
549,2017-03-09,32.04277420043945,32.068190445792496,31.66615614282426,32.0566404915996,88623600
550,2017-03-10,32.1490478515625,32.19988032103794,32.03352015286843,32.17446408630022,78451200
551,2017-03-13,32.16291809082031,32.21605985740259,32.07511941682055,32.082050798304046,69686800
552,2017-03-14,32.11440658569336,32.26690054272909,32.07974614383688,32.18603322965188,61236400
553,2017-03-15,32.45404815673828,32.52105268203677,32.12363704927191,32.211439243327874,102767200
554,2017-03-16,32.50719451904297,32.58344324693821,32.407838833981906,32.51412590106739,76928000
555,2017-03-17,32.3454475402832,32.57881223101058,32.322340589443556,32.57881223101058,175540000
556,2017-03-20,32.68510437011719,32.694345036519806,32.400903638062616,32.44018264011968,86168000
557,2017-03-21,32.310791015625,32.99471665093121,32.2853747768826,32.83528783751306,158119600
558,2017-03-22,32.67585372924805,32.71744553391698,32.292300925150975,32.31309859029822,103440800
559,2017-03-23,32.56032943725586,32.71282686095234,32.488702820993375,32.63888743408401,81385200
560,2017-03-24,32.49563980102539,32.7498022176487,32.42863526880281,32.69434763794183,89582400
561,2017-03-27,32.55109786987305,32.62965588865848,32.028910217133244,32.20682392784006,94300400
562,2017-03-28,33.22576904296875,33.28122008560219,32.49101099744345,32.55801904145993,133499200
563,2017-03-29,33.299705505371094,33.38519840692117,33.084825660277524,33.19804055798778,116760000
564,2017-03-30,33.25581741333008,33.38752074455431,33.156465237671576,33.31589410152102,84829200
565,2017-03-31,33.193424224853516,33.33436817947322,33.0432360785983,33.207286986680685,78646800
566,2017-04-03,33.20267105102539,33.299713927446234,33.052486402532196,33.20498386217642,79942800
567,2017-04-04,33.449893951416016,33.47761947345894,33.080203871256245,33.098688727826826,79565600
568,2017-04-05,33.2765998840332,33.60932022602162,33.228076698482546,33.322810259170346,110871600
569,2017-04-06,33.193424224853516,33.39213203750382,33.14490103283233,33.338986749664876,84596000
570,2017-04-07,33.11948776245117,33.31357349667773,33.10331571407883,33.209599248029676,66688800
571,2017-04-10,33.08021545410156,33.244266410090745,33.01782948203501,33.179571152254006,75733600
572,2017-04-11,32.7243766784668,33.121792239387545,32.361618016499676,33.02705868141359,121517600
573,2017-04-12,32.76366424560547,32.84453153953262,32.58112846168498,32.71745385970046,81400000
574,2017-04-13,32.59037399291992,32.897678183969354,32.59037399291992,32.78908183353735,71291600
575,2017-04-17,32.770599365234375,32.7821528444351,32.54878455171169,32.68972853645613,66328400
576,2017-04-18,32.62502670288086,32.81911242204733,32.60423255989005,32.67354989548555,58790000
577,2017-04-19,32.50486755371094,32.809862332481956,32.45172580612209,32.78213681645737,69313600
578,2017-04-20,32.911529541015625,33.022435138429955,32.615778930827155,32.62964168980078,93278400
579,2017-04-21,32.872257232666016,32.96698728012244,32.77521437449348,32.91153623295304,69283600
580,2017-04-24,33.18879318237305,33.26041978292252,33.082506160972926,33.15644557162086,68537200
581,2017-04-25,33.394439697265625,33.47992907478972,33.241942273336754,33.25118646452234,75486000
582,2017-04-26,33.19804382324219,33.41061792992952,33.12873001195959,33.38057959462292,80164800
583,2017-04-27,33.22345733642578,33.30895023936952,33.11255172184781,33.25349566926757,56985200
584,2017-04-28,33.19111251831055,33.341300669562116,33.103313848608956,33.2927774759267,83441600
585,2017-05-01,33.868106842041016,34.01136008674115,33.49379815717875,33.5261457777764,134411600
586,2017-05-02,34.08298110961914,34.216993665971486,33.928174413218755,34.089912489635154,181408800
587,2017-05-03,33.97901153564453,34.07836720551908,33.33436842652095,33.63935976585729,182788000
588,2017-05-04,33.85655212402344,33.99749607838162,33.690191931153905,33.854242838931896,93487600
589,2017-05-05,34.418033599853516,34.42265217204188,33.909708608923985,33.909708608923985,109310800
590,2017-05-08,35.353782653808594,35.51321143114237,34.434183222621,34.434183222621,195009600
591,2017-05-09,35.580230712890625,35.78586992640068,35.455458793091545,35.55250166092058,156521600
592,2017-05-10,35.411563873291016,35.5686834431231,35.14585146445079,35.49705680381628,103222800
593,2017-05-11,35.717811584472656,35.74565509263949,35.337316681196974,35.36979782390908,109020400
594,2017-05-12,36.21662902832031,36.29087011398681,35.88485410936519,35.891814100515845,130108000
595,2017-05-15,36.12382507324219,36.34423306457839,35.973020537111836,36.19574734555601,104038800
596,2017-05-16,36.070457458496094,36.20734198695468,35.89645062192659,36.17950202596057,80194000
597,2017-05-17,34.859378814697266,35.86166015777353,34.73409541690228,35.63661097305999,203070800
598,2017-05-18,35.39067459106445,35.57628262123861,35.063544376331315,35.09602551609839,134272800
599,2017-05-19,35.51132583618164,35.72477386484505,35.41156358438235,35.58557047581027,107843200
600,2017-05-22,35.72709274291992,35.8639773012021,35.4765224188457,35.72941156011525,91865600
601,2017-05-23,35.68301010131836,35.93821805739705,35.569324336589276,35.93821805739705,79675600
602,2017-05-24,35.57627868652344,35.768846686765585,35.420832996246155,35.69228325002992,76712000
603,2017-05-25,35.69923782348633,35.8106047364817,35.504351036011116,35.66675669224046,76942400
604,2017-05-26,35.638919830322266,35.78508670371627,35.56931638869759,35.72940324238091,87710400
605,2017-05-30,35.65283203125,35.82915764340433,35.57394980003706,35.59482976591507,80507600
606,2017-05-31,35.44171905517578,35.76885283009231,35.35355797909039,35.722451704755954,97804800
607,2017-06-01,35.539161682128906,35.57396518048359,35.31643486944589,35.536842864976805,65616400
608,2017-06-02,36.06583023071289,36.06583023071289,35.471887231987566,35.631974149961714,111082800
609,2017-06-05,35.71317672729492,35.83382251021561,35.60413565332737,35.80830135498584,101326800
610,2017-06-06,35.833824157714844,36.14935684589,35.67837840150662,35.70621837569919,106499600
611,2017-06-07,36.04726791381836,36.18879366602264,35.840779869472385,35.966066818730944,84278400
612,2017-06-08,35.95908737182617,36.08668952938383,35.82219932870438,36.01940845612938,85003200
613,2017-06-09,34.564727783203125,36.00550639611998,33.87798257029216,36.00550639611998,259530800
614,2017-06-12,33.738773345947266,33.89421906626686,33.06362580621396,33.81301798022594,289229200
615,2017-06-13,34.010215759277344,34.2097437423721,33.676122062916065,34.142462655827934,136661600
616,2017-06-14,33.67845153808594,34.221352139331366,33.37219773829891,34.221352139331366,126124800
617,2017-06-15,33.47660446166992,33.520686774191034,32.9940284619106,33.25155880437353,128661600
618,2017-06-16,33.007938385009766,33.525317729657,32.99169604737768,33.35827088059254,201444400
619,2017-06-19,33.95221710205078,34.045022883262455,33.330434298736115,33.330434298736115,130165600
620,2017-06-20,33.64365005493164,34.075187273103715,33.62741125315838,34.075187273103715,99600400
621,2017-06-21,33.843170166015625,33.88957482348066,33.55083994094887,33.76196909580847,85063200
622,2017-06-22,33.78750228881836,34.03575030191713,33.669175326340806,33.81998343651856,76425200
623,2017-06-23,33.93829345703125,34.142462613482856,33.66684321411892,33.67148438772323,141757600
624,2017-06-26,33.83157730102539,34.40231785027864,33.72949270452707,34.14478754190472,102769600
625,2017-06-27,33.346675872802734,33.910459977521306,33.32115472336808,33.64364731703564,99047600
626,2017-06-28,33.83388900756836,33.89885127529129,33.21442510738161,33.52299764915459,88329600
627,2017-06-29,33.33506774902344,33.67148379594912,33.01025640599368,33.5740403930402,125997600
628,2017-06-30,33.41395568847656,33.63204483576465,33.3582722231546,33.51371791447777,92096400
629,2017-07-03,33.29332733154297,33.7109446890339,33.200525047736186,33.61350122898272,57111200
630,2017-07-05,33.4301872253418,33.59259287203242,33.112335921091756,33.33738501014076,86278400
631,2017-07-06,33.114662170410156,33.29331019195842,33.040421089620494,33.181946800684734,96515200
632,2017-07-07,33.451087951660156,33.583334907577324,33.15411643051047,33.15411643051047,76806800
633,2017-07-10,33.655242919921875,33.86173089842264,33.263146934412056,33.43483496042663,84362400
634,2017-07-11,33.7642822265625,33.83852683386078,33.49747319196195,33.57867424849451,79127200
635,2017-07-12,33.813011169433594,33.91509221073657,33.59956319914471,33.843169948377934,99538000
636,2017-07-13,34.28399658203125,34.45104347027611,33.74341478259706,33.75733476658762,100797600
637,2017-07-14,34.578651428222656,34.6459360822605,34.18191765786568,34.33040341206484,80528400
638,2017-07-17,34.699283599853516,35.010174972615246,34.46959683558217,34.52759911588152,95174000
639,2017-07-18,34.81993103027344,34.83153219493407,34.49279730380701,34.61576186081721,71475200
640,2017-07-19,35.03801727294922,35.13081950217448,34.78976582249554,34.912730369299176,83692000
641,2017-07-20,34.88025665283203,35.2050716045532,34.845456694516386,35.14938813106929,68974800
642,2017-07-21,34.86402130126953,34.90346243798861,34.54152867498606,34.79905901253468,105010400
643,2017-07-24,35.28626251220703,35.36746711176589,34.77816202624112,34.93593005219546,85972800
644,2017-07-25,35.437076568603516,35.692284493098995,35.218987415187335,35.218987415187335,75415600
645,2017-07-26,35.604129791259766,35.71317084727418,35.51132399653175,35.57860864023195,63124000
646,2017-07-27,34.931297302246094,35.72709053321311,34.17494874241261,35.671407062358746,129905200
647,2017-07-28,34.685367584228516,34.85473327081453,34.61344531486372,34.7758510102324,68854800
648,2017-07-31,34.506710052490234,34.87792600275066,34.36750672627583,34.77816025579489,79383600
649,2017-08-01,34.812965393066406,34.852406514372724,34.432470619089045,34.59255746097682,141474400
650,2017-08-02,36.45792007446289,37.06346413718461,36.23055208383855,36.954419546336645,279747200
651,2017-08-03,36.093666076660156,36.474160950665876,35.966060332900575,36.43703863608513,108389200
652,2017-08-04,36.28390121459961,36.51822911955738,36.12149556065968,36.20966014716039,82239600
653,2017-08-07,36.845359802246094,36.870880941526856,36.348860534565596,36.439343930165116,87481200
654,2017-08-08,37.1400146484375,37.54603054605949,36.72007877218262,36.796642194841226,144823600
655,2017-08-09,37.367393493652344,37.416116973301776,36.914976354816375,36.949776311581175,104526000
656,2017-08-10,36.17717361450195,37.267238638725885,36.01645807921951,37.243945192944345,163217200
657,2017-08-11,36.680274963378906,36.93416070229305,36.351860156850435,36.47530758815783,105028400
658,2017-08-14,37.232303619384766,37.31615505207782,36.97608992113349,37.10885617043124,88490800
659,2017-08-15,37.63991165161133,37.77966166110587,37.299846542421186,37.42096606058106,117862000
660,2017-08-16,37.48851776123047,37.85187282362059,37.302180829366435,37.71911011424637,110686400
661,2017-08-17,36.7687873840332,37.43261145636436,36.76412798432432,37.38835604433153,111762400
662,2017-08-18,36.6849365234375,37.15077698722718,36.50325902688598,36.76878794908287,109712400
663,2017-08-21,36.61739730834961,36.775781386413854,36.12826331840998,36.68494262303436,105474000
664,2017-08-22,37.21599197387695,37.26723470592403,36.806053671580756,36.854964926847224,86418400
665,2017-08-23,37.262577056884766,37.37670924800208,37.00636693869412,37.050622350639216,77596400
666,2017-08-24,37.097198486328125,37.43959143915482,36.92949567049138,37.36738319710516,79275600
667,2017-08-25,37.234622955322266,37.39766638293493,37.09720089162589,37.18570814999838,101920400
668,2017-08-28,37.6096305847168,37.73307802479244,37.25093143296134,37.29984624604826,103864000
669,2017-08-29,37.945030212402344,37.993941463572725,37.267231584971434,37.290525026344106,118067600
670,2017-08-30,38.04753875732422,38.173314176455904,37.8751764271756,38.152352198947675,109078400
671,2017-08-31,38.19892501831055,38.320044556194304,38.07780548042678,38.11507357732661,107140400
672,2017-09-01,38.21056365966797,38.417862517958746,38.11273759156137,38.385253828589875,66364400
673,2017-09-05,37.751712799072266,38.257149291687355,37.39767304031707,38.14068917207796,117874000
674,2017-09-06,37.71211624145508,37.963670522676125,37.38835725576962,37.898453140961124,86606800
675,2017-09-07,37.560707092285156,37.788971428503594,37.35108035110812,37.75403126892082,87714000
676,2017-09-08,36.9481315612793,37.535087892012,36.92483812021589,37.467542599456294,114446000
677,2017-09-11,37.61661148071289,37.744718298738775,37.24160982471719,37.38369128578587,126323200
678,2017-09-12,37.4675407409668,38.18959472915535,36.98073841197719,37.87515106079712,286856000
679,2017-09-13,37.18571472167969,37.257922981172236,36.78043578057349,37.236957458568185,179629600
680,2017-09-14,36.866615295410156,37.127484826851486,36.822359881166186,37.03199022957224,95042800
681,2017-09-15,37.239288330078125,37.49317053339173,36.80139715072568,36.91086994556379,196458400
682,2017-09-18,36.95746612548828,37.38371073039949,36.801409940206355,37.292871949292646,113077600
683,2017-09-19,36.971435546875,37.21367463162102,36.9038902285617,37.153113083393784,83242400
684,2017-09-20,36.351863861083984,36.861956205442226,35.83012123973316,36.77810477619086,211805600
685,2017-09-21,35.727638244628906,36.28897691957961,35.57856942162137,36.28897691957961,150046800
686,2017-09-22,35.37825393676758,35.4667647623346,35.068469601363695,35.296730433842086,186581600
687,2017-09-25,35.06614303588867,35.364280660403736,34.7423840426693,34.935708269423436,177549200
688,2017-09-26,35.66940689086914,35.85108440127797,35.331673239677386,35.35263520916742,146640000
689,2017-09-27,35.923282623291016,36.03741480448484,35.76256711139289,35.82312863998077,102016800
690,2017-09-28,35.7020149230957,35.93493516844684,35.56692075430234,35.84409641492313,88022000
691,2017-09-29,35.89767074584961,35.90000222315323,35.40388091253344,35.68571600201449,105199200
692,2017-10-02,35.825469970703125,35.97453881719591,35.571587702377876,35.930283392535586,74795200
693,2017-10-03,35.98153305053711,36.1236145997943,35.848770305145955,35.872060206646374,64921200
694,2017-10-04,35.74859619140625,35.83710701682054,35.51102011384265,35.78353635863432,80655200
695,2017-10-05,36.193477630615234,36.20512435397174,35.88136534751433,35.91164256334408,85135200
696,2017-10-06,36.17251968383789,36.21677510506576,36.000157399603395,36.09565556603391,69630400
697,2017-10-09,36.29830551147461,36.50560447521714,36.216785523624,36.291318185489764,65051600
698,2017-10-10,36.312255859375,36.80138967542724,36.125922552383685,36.34952394240527,62468000
699,2017-10-11,36.46364974975586,36.563803707079416,36.27731292120666,36.32855563790967,67622400
700,2017-10-12,36.33555221557617,36.65465176118932,36.272662764675964,36.41707570948683,64500400
701,2017-10-13,36.5661506652832,36.63369597276531,36.43105649623809,36.50558912676728,65576800
702,2017-10-16,37.239288330078125,37.26723762098803,36.719873646797474,36.778103705580264,96486000
703,2017-10-17,37.376712799072266,37.46987947743301,37.0878904096244,37.21599725793115,75989200
704,2017-10-18,37.21133041381836,37.43260745030128,37.17406588237725,37.36505860103378,65496800
705,2017-10-19,36.33089828491211,36.5871119722712,36.107296843290385,36.51024786606347,170336800
706,2017-10-20,36.3937873840332,36.74316774291992,36.32624207844399,36.477638812329246,95896400
707,2017-10-23,36.37515640258789,36.72919619122614,36.21910025562893,36.542859273307,87937200
708,2017-10-24,36.591773986816406,36.66630662132224,36.3821436219765,36.403105592236166,71028800
709,2017-10-25,36.431053161621094,36.69658207534849,36.1655242478937,36.547513273853816,84828400
710,2017-10-26,36.66398620605469,36.76181230804649,36.517245276026074,36.62205870286859,68002000
711,2017-10-27,37.9776496887207,38.10575654450994,36.96444512048361,37.10186722302062,177816800
712,2017-10-30,38.83246612548828,39.146909898881574,38.13370534379751,38.173301361603585,178803200
713,2017-10-31,39.37284469604492,39.514926216689624,38.88371421404958,39.107315704652706,144187200
714,2017-11-01,38.87205123901367,39.58245854526735,38.57391367345149,39.566152425643104,134551200
715,2017-11-02,39.156219482421875,39.247058228740606,38.49705481387086,38.80451121930693,165573600
716,2017-11-03,40.178733825683594,40.58867209133476,39.85730281777248,40.528114119819975,237594400
717,2017-11-06,40.58634948730469,40.758711734467276,39.9970615983004,40.148458323966565,140105200
718,2017-11-07,40.71678924560547,40.819274726553346,40.43495772707984,40.50716243754375,97446000
719,2017-11-08,41.04985427856445,41.04985427856445,40.60497587662775,40.681839963408436,97638000
720,2017-11-09,40.96603012084961,41.01727287945627,40.32782711625542,40.786680465726306,117930400
721,2017-11-10,40.830440521240234,40.99640999054884,40.73693890579127,40.933294438348895,100582000
722,2017-11-13,40.66680908203125,40.790700322015965,40.5335655408074,40.55694272704739,67928400
723,2017-11-14,40.05202865600586,40.552269806408404,40.01462658178594,40.449415885732684,99130000
724,2017-11-15,39.52372741699219,39.81358806625075,39.360097843562826,39.731771496107484,116632400
725,2017-11-16,39.99591827392578,40.17590901947847,39.80891152035712,40.014615739111214,94550000
726,2017-11-17,39.77385330200195,40.06371400342983,39.654638212802126,39.981897418561154,87598000
727,2017-11-20,39.734100341796875,39.86968012490555,39.63592261613677,39.80656459881815,65049600
728,2017-11-21,40.472782135009766,40.60368579254124,39.92111417337202,39.92111417337202,100525200
729,2017-11-22,40.89822006225586,40.9075687942775,40.45174231251265,40.52420657796541,102355600
730,2017-11-24,40.90056228637695,41.024453513062106,40.82575815192538,40.93095191185509,56106800
731,2017-11-27,40.69484329223633,40.92626450683943,40.51952516304331,40.91925206702023,82867200
732,2017-11-28,40.45641326904297,40.87717392629052,40.17356511741134,40.74393400265719,105715200
733,2017-11-29,39.61723709106445,40.42136380660984,39.074921313258585,40.353575671955824,166665600
734,2017-11-30,40.17124938964844,40.23903753166076,39.3741350302361,39.839310422431836,166108800
735,2017-12-01,39.98423385620117,40.12916241108595,39.38815132748786,39.727099097349935,159037200
736,2017-12-04,39.69202423095703,40.35121852648377,39.65228588396219,40.31849261914353,130169600
737,2017-12-05,39.654624938964844,40.09409021118591,39.364764334563795,39.51904515143161,109400800
738,2017-12-06,39.50735855102539,39.785530580238316,38.911279707691186,39.15438596756534,114240000
739,2017-12-07,39.579833984375,39.84164132481947,39.48399252337033,39.51204229074438,102693200
740,2017-12-08,39.59150695800781,39.97253282752388,39.46294318543951,39.85331778561536,93420800
741,2017-12-11,40.3629150390625,40.41434198453013,39.45593461920474,39.5517760691087,141095200
742,2017-12-12,40.13616943359375,40.29746270901659,40.08006990604287,40.241359614608676,77636800
743,2017-12-13,40.269412994384766,40.566282506322544,40.206297458955966,40.32317623063898,95273600
744,2017-12-14,40.25772476196289,40.470444984363944,40.12448124896759,40.29979940805167,81906000
745,2017-12-15,40.66680908203125,40.713559887653396,40.31383639769752,40.587332355787815,160677200
746,2017-12-18,41.239501953125,41.42183253648349,40.87484078640801,40.87951693560756,117684400
747,2017-12-19,40.800045013427734,40.99874037620498,40.69485481948698,40.91458750768088,109745600
748,2017-12-20,40.755619049072266,41.00573770394797,40.498484388119515,40.8771703734716,93902400
749,2017-12-21,40.909912109375,41.14600954402588,40.69719542593479,40.71355660149593,83799600
750,2017-12-22,40.909912109375,41.005753571622236,40.790697029632184,40.83277168123875,65397600
751,2017-12-26,39.87202453613281,40.08240489130736,39.66397690538748,39.92578777056952,132742000
752,2017-12-27,39.8790397644043,39.92111441163747,39.67099568597355,39.76216098850259,85992800
753,2017-12-28,39.991249084472656,40.171243428209586,39.850993103171035,39.97254804917525,65920800
754,2017-12-29,39.55878448486328,39.876694857743026,39.5564481937096,39.86033368595383,103999600
755,2018-01-02,40.26707458496094,40.276426884472016,39.56580192963127,39.77618586634448,102223600
756,2018-01-03,40.26006317138672,40.80238241744237,40.19695119893329,40.33019115208112,118071600
757,2018-01-04,40.44706344604492,40.54991732565844,40.22499451516484,40.33252097704683,89738400
758,2018-01-05,40.90756607055664,40.994055211711675,40.451739619141776,40.54290490942475,94640000
759,2018-01-08,40.755619049072266,41.050152196917644,40.65743776626764,40.755619049072266,82271200
760,2018-01-09,40.75095748901367,40.921599515903196,40.53590095325459,40.80238443961448,86336000
761,2018-01-10,40.741607666015625,40.74394752463994,40.44006195266457,40.47746402207704,95839600
762,2018-01-11,40.97301483154297,41.02210547657908,40.78834797363013,40.81172158381117,74670800
763,2018-01-12,41.39613723754883,41.459252795449636,41.059525684555624,41.183416941301964,101672400
764,2018-01-16,41.18574523925781,41.933768721013166,41.17405664783749,41.585468671088606,118263600
765,2018-01-17,41.86598587036133,41.901048082180715,40.923943066330935,41.176398125146065,137547200
766,2018-01-18,41.90338134765625,42.09974042023661,41.6672874824555,41.929094823419305,124773600
767,2018-01-19,41.716373443603516,41.97818075507873,41.47092730566695,41.75143564894141,129700400
768,2018-01-22,41.37510299682617,41.55743367383638,41.28160136594966,41.44523100341285,108434400
769,2018-01-23,41.384437561035156,41.94545785474811,41.33301417846406,41.44521681046371,130756400
770,2018-01-24,40.72523498535156,41.44520856729474,40.48680131877495,41.43351997804808,204420400
771,2018-01-25,39.998252868652344,40.89588096747637,39.86267306723772,40.79302707903376,166116000
772,2018-01-26,40.091758728027344,40.206301219057266,39.75281097181956,40.206301219057266,156572000
773,2018-01-29,39.26192092895508,39.7761868421077,39.05387684544463,39.7761868421077,202561600
774,2018-01-30,39.03049850463867,39.124000098125286,38.499867866116375,38.693887061115404,184192800
775,2018-01-31,39.13802719116211,39.374124613366014,38.92063436894064,39.007123526143936,129915600
776,2018-02-01,39.219844818115234,39.41620032091382,38.98141109794126,39.07725255770871,188923200
777,2018-02-02,37.51808166503906,38.990754742832486,37.42458008451683,38.803748014931365,346375200
778,2018-02-05,36.580711364746094,38.30817909539416,36.46616890910437,37.19081856416882,290954000
779,2018-02-06,38.10948944091797,38.270782705665994,35.99865925194776,36.19267842788692,272975200
780,2018-02-07,37.293678283691406,38.19598257725575,37.183815515739305,38.123518306819236,206434400
781,2018-02-08,36.267478942871094,37.63496190465887,36.2394291809823,37.46899249081761,217562000
782,2018-02-09,36.711082458496094,37.05845311203358,35.2629186182967,36.86599229990847,282690400
783,2018-02-12,38.18977355957031,38.466730422889015,36.969275246625436,37.20164009234235,243278000
784,2018-02-13,38.57234573364258,38.66857795561748,37.94097353876356,38.011387447072025,130196800
785,2018-02-14,39.28352355957031,39.32342394356788,38.22967494691538,38.267225932124475,162579600
786,2018-02-15,40.60258102416992,40.62604993130771,39.66608460137815,39.851504367782084,204588800
787,2018-02-16,40.47115707397461,41.03211898521176,40.316250761428385,40.45472919022899,160704400
788,2018-02-20,40.33502960205078,40.900679588295006,40.234102152798535,40.38197101922367,135722000
789,2018-02-21,40.15194320678711,40.86780765643654,40.13785756271119,40.56503256469426,149886400
790,2018-02-22,40.48758316040039,40.827912853294784,40.302163340873086,40.32328643776861,123967600
791,2018-02-23,41.19171142578125,41.226916584183606,40.73167706139258,40.76219058627438,135249600
792,2018-02-26,42.006160736083984,42.10473876856565,41.358360702033096,41.39122004619365,152648800
793,2018-02-27,41.87002182006836,42.36056609144427,41.816039387401,42.036667914040706,155712400
794,2018-02-28,41.80664825439453,42.39342471689793,41.79022037577208,42.07421817804011,151128400
795,2018-03-01,41.0743522644043,42.19626857117151,40.52513035651895,41.90522615725141,195208000
796,2018-03-02,41.35835647583008,41.37947957033199,40.47584232615504,40.55799246886187,153816000
797,2018-03-05,41.50154113769531,41.71747451781942,40.96170589668479,41.123656827127995,113605600
798,2018-03-06,41.466312408447266,41.83715550694427,41.339570287355286,41.75735477953826,95154000
799,2018-03-07,41.081398010253906,41.273862430596104,40.903019234965775,41.06027491477236,126814000
800,2018-03-08,41.52968978881836,41.571935973323356,41.09078215882034,41.18701077288144,95096400
801,2018-03-09,42.243221282958984,42.24791649869535,41.63532156620826,41.76910835419292,128740800
802,2018-03-12,42.651611328125,42.80886700334209,42.29719960470139,42.31597330142616,128828400
803,2018-03-13,42.24087142944336,43.069399648429766,42.069533676140765,42.855812120337546,126774000
804,2018-03-14,41.88176345825195,42.36996197589975,41.73389462212503,42.323020568345115,117473600
805,2018-03-15,41.93105697631836,42.30424963868147,41.79492794839765,41.89585181071824,90975200
806,2018-03-16,41.78318786621094,42.04136741352731,41.689301464223135,41.93105312956666,157618800
807,2018-03-19,41.144779205322266,41.654100905167574,40.75985386813316,41.618895738906545,133787200
808,2018-03-20,41.13068771362305,41.49683568443578,41.06027381583607,41.13068771362305,78597600
809,2018-03-21,40.198883056640625,41.09547563260166,40.19653365868567,41.08373938702482,148219600
810,2018-03-22,39.63088607788086,40.52982452051389,39.57220842812468,39.90080183419946,165963200
811,2018-03-23,38.713172912597656,39.88203087822492,38.713172912597656,39.5229238913069,164115200
812,2018-03-26,40.55094909667969,40.62840402011539,39.06523065201155,39.44781005466082,150164800
813,2018-03-27,39.51117706298828,41.1095554946715,39.17788847855881,40.76453066529328,163690400
814,2018-03-28,39.07463455200195,39.90551239771122,38.77185933862034,39.2553627855558,166674000
815,2018-03-29,39.37974548339844,40.31154688271614,39.173199002522075,39.386786515119255,153594000
816,2018-04-02,39.12155532836914,39.652003498357566,38.60284698433149,39.112168481567124,150347200
817,2018-04-03,39.52293014526367,39.60742613093235,38.69909697104452,39.34689714023731,121112000
818,2018-04-04,40.2786979675293,40.372580802376035,38.67327785440633,38.69909617119927,138422000
819,2018-04-05,40.55799865722656,40.89363314796675,40.38900671262728,40.506362030743446,107732800
820,2018-04-06,39.520572662353516,40.482883990273784,39.47832289128992,40.128472267405044,140021200
821,2018-04-09,39.91253662109375,40.62605524022441,39.865595219285055,39.87263625048639,116070800
822,2018-04-10,40.663612365722656,40.839645319686824,40.259909838119526,40.60493471440127,113634400
823,2018-04-11,40.47349548339844,40.820866160421915,40.29980835418697,40.42420468274402,89726400
824,2018-04-12,40.87250518798828,41.07435645439156,40.61432208628652,40.70116744671329,91557200
825,2018-04-13,41.010990142822266,41.27151910294791,40.80444720984534,41.02272639139374,100497200
826,2018-04-16,41.266815185546875,41.35365695260684,41.03445042603608,41.0813918249496,86313600
827,2018-04-17,41.83481979370117,41.99911650197846,41.40529895401935,41.42407623230813,106421600
828,2018-04-18,41.740936279296875,41.97095526813903,41.515616087100334,41.733895247128224,83018000
829,2018-04-19,40.55799865722656,41.16589834553228,40.525139311410044,40.78331886242555,139235200
830,2018-04-20,38.896240234375,40.18714851166951,38.8281721559885,40.04162908827687,261964400
831,2018-04-23,38.78358840942383,39.177900575378345,38.51366901785712,39.15677747678798,146062000
832,2018-04-24,38.243751525878906,39.03942043706122,37.84004894625956,38.88451055807703,134768000
833,2018-04-25,38.4103889465332,38.82582771877816,38.11935008940759,38.16863731070807,113528400
834,2018-04-26,38.54417419433594,38.89858590345385,38.344668756042076,38.520701702278025,111852000
835,2018-04-27,38.09822082519531,38.56998777396035,37.70155939528785,38.49253285734537,142623200
836,2018-04-30,38.78827667236328,39.257697923260864,37.98556676309641,38.05363485006051,169709600
837,2018-05-01,39.68956756591797,39.71303647925035,38.79062545495093,39.05819542045914,214277600
838,2018-05-02,41.44285583496094,41.719812647104675,40.792706415671205,41.12834088273352,266157600
839,2018-05-03,41.51796340942383,41.66113703771084,40.94292307926782,41.28090696121748,136272800
840,2018-05-04,43.1468505859375,43.245428609444815,41.81838771321594,41.8371649912268,224805200
841,2018-05-07,43.459022521972656,44.04814493310454,43.36279030101084,43.46371415611706,169805600
842,2018-05-08,43.66792297363281,43.707823359687076,43.10931040607153,43.41913022447046,113611200
843,2018-05-09,43.97537612915039,43.98476297690126,43.473095611593955,43.7852611249509,92844800
844,2018-05-10,44.604400634765625,44.68185556216297,44.04344244670562,44.064569122468185,111957200
845,2018-05-11,44.43476104736328,44.78111639096404,44.16615931102086,44.646817320397844,104848800
846,2018-05-14,44.331092834472656,44.656243653269094,44.26276586287573,44.53372248173257,83115200
847,2018-05-15,43.92818832397461,44.076627354090526,43.612464172969005,44.008296792998124,94780800
848,2018-05-16,44.33815002441406,44.40412571212167,43.824509647791004,43.841004468520254,76732400
849,2018-05-17,44.057777404785156,44.510159080061804,43.90933837555642,44.29574794788918,69176000
850,2018-05-18,43.897560119628906,44.25098366663279,43.85515101968935,44.10490308433846,73190800
851,2018-05-21,44.208580017089844,44.594989665645436,44.038936405996104,44.29575668563138,73603200
852,2018-05-22,44.09782791137695,44.50308713532342,44.00829280986027,44.385279304995024,60962800
853,2018-05-23,44.38056945800781,44.41355550927262,43.767967254278695,43.90698323730388,80233600
854,2018-05-24,44.331092834472656,44.49366824387088,43.874001393175,44.47717701426208,92936000
855,2018-05-25,44.432411193847656,44.68451813500634,44.21328671319679,44.34994425694681,69844000
856,2018-05-29,44.27218246459961,44.472457219965484,44.02949861480413,44.201500640550265,90056400
857,2018-05-30,44.17793655395508,44.29574438476563,44.00829298997112,44.2297722871285,74762000
858,2018-05-31,44.02949905395508,44.349936508610654,43.857500621703196,44.111965976448204,109931200
859,2018-06-01,44.823524475097656,44.82823419974906,44.2368401871287,44.293389239832464,93770000
860,2018-06-04,45.19816207885742,45.57279019489144,45.085067544721014,45.153394518725605,105064800
861,2018-06-05,45.5468635559082,45.69530257509716,45.323029393544196,45.49031809732934,86264000
862,2018-06-06,45.70473098754883,45.72829399486384,45.219363236624766,45.622267652366574,83734400
863,2018-06-07,45.582210540771484,45.756563841147845,45.3183185372882,45.74242747573462,85388800
864,2018-06-08,45.16753387451172,45.238219311227645,44.71279724984477,45.04265782757154,106627200
865,2018-06-11,45.0567741394043,45.231130992996015,44.81644879484294,45.08505045863021,73234000
866,2018-06-12,45.30418395996094,45.381937568012425,45.0379370834704,45.09448614256514,67644400
867,2018-06-13,44.93191146850586,45.44555554341027,44.870652683238966,45.33717074386563,86553600
868,2018-06-14,44.95547866821289,45.13690377351365,44.818821123524955,45.132190452604284,86440400
869,2018-06-15,44.49365997314453,44.80467436726028,44.35700246014303,44.774043181267466,246876800
870,2018-06-18,44.47010040283203,44.583194911549555,44.107250277682624,44.267470793974596,73939600
871,2018-06-19,43.7514762878418,43.90227017955534,43.223695869239414,43.62188694452313,134314000
872,2018-06-20,43.94233322143555,44.10726351180362,43.76090810442532,43.90699230036049,82514800
873,2018-06-21,43.69728088378906,44.37820998177126,43.574759736739,44.11903132362873,102847600
874,2018-06-22,43.57004928588867,43.85985555346904,43.51821355084701,43.852787370982426,108801600
875,2018-06-25,42.92211151123047,43.5700546843232,42.58282432899554,43.21191781471853,126652400
876,2018-06-26,43.454593658447266,43.94938797353978,43.009280212947836,43.115310134188796,98276800
877,2018-06-27,43.39098358154297,44.12610333725696,43.36035239331826,43.643090484345954,101141200
878,2018-06-28,43.70671844482422,43.874007197044854,43.30617241801084,43.37685785690985,69460800
879,2018-06-29,43.61481475830078,44.104895760187524,43.096461027816034,43.89283951007356,90950800
880,2018-07-02,44.1025390625,44.130815387435966,43.21662544405176,43.31087386848866,70925200
881,2018-07-03,43.33443832397461,44.28396929007822,43.24490320913668,44.24626991591381,55819200
882,2018-07-05,43.68315505981445,43.92112924889861,43.419266591740104,43.65016900130516,66416800
883,2018-07-06,44.288692474365234,44.39707370521319,43.6360358452276,43.68787159744567,69940800
884,2018-07-09,44.90363693237305,44.92719634335544,44.6020491482026,44.649171565377365,79026400
885,2018-07-10,44.84944152832031,45.06856236255624,44.809383703042094,44.93426330823316,63756400
886,2018-07-11,44.26747512817383,44.715143482285086,44.203857887887295,44.41355569937035,75326000
887,2018-07-12,45.00967025756836,45.09920538074771,44.604410935570954,44.65624668107368,72164400
888,2018-07-13,45.080352783203125,45.200515497182295,44.979036161635726,45.021448857587984,50055600
889,2018-07-16,44.981388092041016,45.39135705389442,44.8659351203138,45.125113793493355,60172400
890,2018-07-17,45.10862731933594,45.20758548689798,44.578491967618255,44.708081328191334,62138000
891,2018-07-18,44.861228942871094,45.191093088092565,44.750489273536566,45.186379767318016,65573600
892,2018-07-19,45.20993423461914,45.36779629624371,44.693935361208126,44.693935361208126,81147200
893,2018-07-20,45.10626220703125,45.33951940784949,44.80702931428614,45.1863706680151,82704800
894,2018-07-23,45.14631652832031,45.228783446987535,44.66330370871866,44.927192096118354,63957600
895,2018-07-24,45.47382354736328,45.62933074980564,45.24998938365914,45.34423421199465,74791600
896,2018-07-25,45.90263748168945,45.90970566277552,45.33951269029891,45.48795168352464,66839600
897,2018-07-26,45.7589225769043,46.17125001494184,45.617551731493165,45.85316741037176,76304000
898,2018-07-27,44.997886657714844,45.98983036478812,44.79054728056739,45.942707942491445,96096000
899,2018-07-30,44.74577713012695,45.2853354853208,44.547860810814726,45.21465005836353,84118000
900,2018-07-31,44.835304260253906,45.271194687816894,44.61147009280662,44.83766271788807,157492000
901,2018-08-01,47.476566314697266,47.537825105988844,46.48933589897435,46.918158223646834,271742800
902,2018-08-02,48.86434555053711,49.097606414885774,47.205612411911986,47.259803022542634,249616000
903,2018-08-03,49.00570297241211,49.18241471941246,48.414305358183405,48.7795103543594,133789600
904,2018-08-06,49.26017761230469,49.30258671388447,48.788946198074015,49.0080670799903,101701600
905,2018-08-07,48.79836654663086,49.36148791169574,48.715899615615555,49.31907881246056,102349600
906,2018-08-08,48.83134841918945,48.9632926213491,48.18811863605624,48.548610329531655,90102000
907,2018-08-09,49.21540832519531,49.427461016071646,48.81957208162651,49.368557091360415,93970400
908,2018-08-10,49.068809509277344,49.44002519266483,48.86546923859156,49.0286148009558,98444800
909,2018-08-13,49.38565444946289,49.87745439241345,49.10901765801939,49.489689538447394,103563600
910,2018-08-14,49.59370803833008,49.78522547543453,49.241408169898676,49.69065012134938,82992000
911,2018-08-15,49.70957946777344,49.827800496523814,49.25797427207032,49.468407558933215,115230400
912,2018-08-16,50.43781661987305,50.55367090797726,50.00039741215219,50.066600893302926,114001600
913,2018-08-17,51.44505310058594,51.532535490008144,50.399979846645785,50.466183320989956,141708000
914,2018-08-20,50.94379425048828,51.82335515995268,50.86103810842803,51.568000978126,121150800
915,2018-08-21,50.844482421875,51.352834849865985,50.60567731793008,51.26062262083593,104639200
916,2018-08-22,50.846866607666016,51.15660513439439,50.560770122656535,50.62224736832876,76072400
917,2018-08-23,50.95087432861328,51.31972317326829,50.74044114888997,50.752260359491814,75532800
918,2018-08-24,51.10930633544922,51.28427111585805,50.861041500529375,51.21334139829706,73905600
919,2018-08-27,51.53017044067383,51.719324763645,51.1494986735286,51.34337923890554,82100400
920,2018-08-28,51.94631576538086,52.14492621424723,51.761891261745056,51.783170179590904,91107200
921,2018-08-29,52.72184371948242,52.84243146580002,51.87774753435485,52.05271233047196,109019200
922,2018-08-30,53.20655822753906,53.97026509633108,52.58471443473294,52.78569163548751,195175200
923,2018-08-31,53.82128143310547,54.114467137744704,53.43587990583163,53.556463999725075,173360400
924,2018-09-04,53.993896484375,54.18777705269031,53.584852825321335,54.005719306205876,109560400
925,2018-09-05,53.6415901184082,54.30362837496612,53.22309041713026,54.14284956250599,133332000
926,2018-09-06,52.75021743774414,53.755096048130156,52.324621069428616,53.49027852572328,137160000
927,2018-09-07,52.324615478515625,53.2869325453365,52.18511556397365,52.45465930046942,150479200
928,2018-09-10,51.62238693237305,52.45466385736109,51.18260462853595,52.24186387354506,158066000
929,2018-09-11,52.92754364013672,53.033941819572114,51.20387942357245,51.54671960522813,142996000
930,2018-09-12,52.270233154296875,53.19944845556792,51.97940690511045,53.185262513230725,197114800
931,2018-09-13,53.53282928466797,53.991527300779616,52.62489295197468,52.8495121102655,166825600
932,2018-09-14,52.92517852783203,53.63450455616086,52.613076951433094,53.37678363174455,127997200
933,2018-09-17,51.5159912109375,52.71475044000342,51.371761426756805,52.52559609238329,148780400
934,2018-09-18,51.601104736328125,52.454660523096074,51.3362872360447,51.49470294727404,126286800
935,2018-09-19,51.6318473815918,51.9273999330875,50.90597219118434,51.662586001449505,108495200
936,2018-09-20,52.02433395385742,52.55632846390417,51.81626383542605,52.07398836223533,106435200
937,2018-09-21,51.46397018432617,52.33880492393241,51.37648418489235,52.20166812140533,384986800
938,2018-09-24,52.20402526855469,52.315153292233006,51.22042933428429,51.26535388953533,110773600
939,2018-09-25,52.5350456237793,52.68400522996359,51.94630377783899,51.958126598742545,98217600
940,2018-09-26,52.116546630859375,52.903898945307674,51.96049404071963,52.25368342754412,95938800
941,2018-09-27,53.18762969970703,53.53992959522191,52.85424559802705,52.9204526803586,120724800
942,2018-09-28,53.37441635131836,53.39805838572912,52.96773583814115,53.149793573596064,91717600
943,2018-10-01,53.73380661010742,54.24452218637405,53.51864713609809,53.89695216428858,94403200
944,2018-10-02,54.21141815185547,54.38165667005677,53.584848333349555,53.731441209871306,99152800
945,2018-10-03,54.87110137939453,55.20211876466658,54.329647132562286,54.39348748822865,114619200
946,2018-10-04,53.90641403198242,54.937301318347934,53.60849479660541,54.56608563865395,128168000
947,2018-10-05,53.031585693359375,54.00572939058797,52.15438771011894,53.899331189879966,134322000
948,2018-10-08,52.90863037109375,53.15216535637329,52.06453065114557,52.53978140728469,118655600
949,2018-10-09,53.6415901184082,53.73616907381262,52.54922934016951,52.87788354358608,107564000
950,2018-10-10,51.15660095214844,53.51865827828025,51.08330449551882,53.30822500274197,167962400
951,2018-10-11,50.70498275756836,51.89901549857534,50.201363784862224,50.72153542820455,212497600
952,2018-10-12,52.51613998413086,52.69820135934952,51.27008946263702,52.116552371945346,161351600
953,2018-10-15,51.39303207397461,52.449928078120834,51.37175316034392,52.29151237472821,123164000
954,2018-10-16,52.525596618652344,52.72421066994395,51.251174194641926,51.764252977522055,116736000
955,2018-10-17,52.29859924316406,52.64143937365331,51.86118016121075,52.56104997077243,91541600
956,2018-10-18,51.07620620727539,51.95577081093266,50.36215029617322,51.51125865851134,130325200
957,2018-10-19,51.854087829589844,52.315148949225154,51.40957577177829,51.55853536728283,132314800
958,2018-10-22,52.17093276977539,52.81169226211933,51.766618916580256,51.967592478519066,115168400
959,2018-10-23,52.6627311706543,52.78568203373293,50.764102000238935,51.0312826427505,155071200
960,2018-10-24,50.8563117980957,53.017391656334006,50.726267969157426,52.63199362779541,163702000
961,2018-10-25,51.969947814941406,52.34352657548441,51.24879905591277,51.475784943669666,119423200
962,2018-10-26,51.14241409301758,52.0621734864531,50.284128331310725,51.04783511210514,189033600
963,2018-10-29,50.18245315551758,51.94394539631925,48.72833263934348,51.82572439213365,183742000
964,2018-10-30,50.43307876586914,50.87758726765469,49.48021780499368,49.924726306779235,146640000
965,2018-10-31,51.74769973754883,52.12364167690508,51.21806832318598,51.27954555631616,153435600
966,2018-11-01,52.54214859008789,52.575250330223895,51.262996332298286,51.792627782293415,233292800
967,2018-11-02,49.05699920654297,50.515846331621,48.57229224609191,49.54643601853852,365314800
968,2018-11-05,47.66435241699219,48.326390884436485,46.85572103174801,48.30511196562412,264654800
969,2018-11-06,48.17979049682617,48.4044096899324,47.68799067176834,47.74237132513075,127531600
970,2018-11-07,49.6410026550293,49.66701142221143,48.264911939279166,48.69996440139942,133697600
971,2018-11-08,49.46779251098633,49.85453521515348,49.054946674562586,49.82131798374514,101450400
972,2018-11-09,48.513973236083984,48.879362743694706,47.987240320926354,48.770221974842265,137463200
973,2018-11-12,46.07011795043945,47.417795954110254,45.97995536127528,47.21611762163437,204542000
974,2018-11-13,45.60984420776367,46.784315386331606,45.42477619758487,45.46748614938422,187531600
975,2018-11-14,44.32148361206055,46.14369273389911,44.11505882624037,46.006077416821554,243204000
976,2018-11-15,45.41527557373047,45.54814450930108,44.34519912826086,44.69872824786671,185915200
977,2018-11-16,45.91827392578125,46.2599389233287,44.9525992928305,45.19935533527785,147713200
978,2018-11-19,44.09843826293945,45.24680950472581,43.89201716190447,45.080723353294985,167701200
979,2018-11-20,41.99150466918945,43.05683460015604,41.64272195581489,42.32130559172112,271300800
980,2018-11-21,41.94406509399414,42.77212832849176,41.889494691042145,42.64400210541268,124496800
981,2018-11-23,40.87873077392578,41.90135460850539,40.83365308403461,41.507490510580666,94496000
982,2018-11-26,41.43156814575195,41.50986670109431,40.39708373701015,41.34140913508516,179994000
983,2018-11-27,41.34141159057617,41.46716283590815,40.54419416749373,40.69366994529131,165549600
984,2018-11-28,42.93109130859375,43.014132585864616,41.505114329859374,41.932195651447095,184250000
985,2018-11-29,42.601280212402344,43.372397774847585,42.16233492100179,43.33918054774312,167080000
986,2018-11-30,42.37113571166992,42.78635290696132,42.003371186044795,42.776860200784085,158126000
987,2018-12-03,43.8516960144043,43.88016690063734,42.99516185628555,43.76627973529744,163210000
988,2018-12-04,41.92270278930664,43.27512383554187,41.82305109331107,42.93345880903892,165377200
989,2018-12-06,41.45528030395508,41.46951574117852,40.43503173153599,40.75296856421355,172393600
990,2018-12-07,39.97712707519531,41.40072939361831,39.93204575584665,41.16346234054781,169126400
991,2018-12-10,40.24049377441406,40.35675231372011,38.75282833330837,39.14906387872286,248104000
992,2018-12-11,40.010337829589844,40.76009884419869,39.62359143727057,40.729256594178395,189126800
993,2018-12-12,40.12184524536133,40.79093620431171,40.10286345370511,40.43028940365676,142510800
994,2018-12-13,40.560794830322266,40.94516985024621,40.22862246288901,40.45165403262589,127594400
995,2018-12-14,39.262939453125,40.117102042698306,39.21548678046134,40.09812024955147,162814800
996,2018-12-17,38.89755630493164,39.943904744588174,38.61046161430654,39.25582820608512,177151600
997,2018-12-18,39.40293884277344,39.74934669174223,39.00432833526614,39.239224006854776,135366000
998,2018-12-19,38.17388916015625,39.730360169185076,37.74680781733559,39.38632372817106,196189200
999,2018-12-20,37.21058654785156,38.4633561025011,36.84756830306149,38.05762791222595,259092000
1000,2018-12-21,35.76325988769531,37.5261558756445,35.502268316215726,37.21770799988889,382978400
1001,2018-12-24,34.83790588378906,35.95780615108884,34.780960513781764,35.15109636781357,148676800
1002,2018-12-26,37.291255950927734,37.30549139242431,34.811816392339566,35.18669870684758,234330000
1003,2018-12-27,37.04924011230469,37.19634811223778,35.606659957323785,36.97568792254167,212468400
1004,2018-12-28,37.06821823120117,37.61156162757762,36.66961145378511,37.3695483010569,169165600
1005,2018-12-31,37.42648696899414,37.81085823837311,37.12752831911624,37.61392625135377,140014000
1006,2019-01-02,37.469207763671875,37.689867977237725,36.59369187126671,36.750288975035055,148158800
1007,2019-01-03,33.736995697021484,34.574547927015324,33.69191438723821,34.16170203892372,365248800
1008,2019-01-04,35.177207946777344,35.24601741169735,34.11899903898665,34.29220295413125,234428400
1009,2019-01-07,35.098907470703125,35.31244995449789,34.61725572428317,35.28160408429917,219111200
1010,2019-01-08,35.76799774169922,36.02187515169098,35.23889338251769,35.485649452234306,164101200
1011,2019-01-09,36.375404357910156,36.66487039683081,35.50226350768915,35.89612398881753,180396400
1012,2019-01-10,36.49166488647461,36.53199984154206,35.79409933557466,36.183217066092084,143122800
1013,2019-01-11,36.133392333984375,36.467939696000656,35.948324350827995,36.27338262516767,108092800
1014,2019-01-14,35.59005355834961,35.891383692191056,35.40498556947879,35.79173197667657,129756800
1015,2019-01-15,36.31847381591797,36.394397399203584,35.60192621779174,35.65412526522925,114843600
1016,2019-01-16,36.76214599609375,36.98517753374155,36.30184748144305,36.320829274052095,122278800
1017,2019-01-17,36.980430603027344,37.407511879044904,36.363535024290115,36.58656655845522,119284800
1018,2019-01-18,37.20820617675781,37.459708573550046,37.00889918007144,37.369545970773025,135004000
1019,2019-01-22,36.37303161621094,37.186855683764556,36.21168817452131,37.11093212681015,121576000
1020,2019-01-23,36.520145416259766,36.809611518898286,35.99341225378036,36.574715826308925,92522400
1021,2019-01-24,36.230674743652344,36.6530097672651,36.00290042236398,36.56522212472766,101766000
1022,2019-01-25,37.431243896484375,37.519035156053725,36.615048386108995,36.890275378715764,134142000
1023,2019-01-28,37.08482360839844,37.091941326997095,36.45843902887305,36.96381515140883,104768400
1024,2019-01-29,36.7004508972168,37.519024789086224,36.565210615346906,37.07296175472334,166348800
1025,2019-01-30,39.208370208740234,39.421909052183295,38.017288901847,38.73383622739391,244439200
1026,2019-01-31,39.49072265625,40.098125636928835,39.04465950838577,39.41242410665209,162958400
1027,2019-02-01,39.509708404541016,40.09338329388807,39.36971809982081,39.61410648111566,130672400
1028,2019-02-04,40.6319694519043,40.72924978051158,39.690019271912284,39.72086513717964,125982000
1029,2019-02-05,41.32716369628906,41.54070616529914,40.89296827882337,41.013973143644144,144406400
1030,2019-02-06,41.34141159057617,41.65697719767212,41.011610539919296,41.43868832837846,112958400
1031,2019-02-07,40.55842208862305,41.27022309791329,40.41606043860214,40.904829885716296,126966800
1032,2019-02-08,40.6060791015625,40.665650250891964,40.131891443963546,40.26771540968325,95280000
1033,2019-02-11,40.37256622314453,40.79671624225165,40.32967673169206,40.75858982589266,83973600
1034,2019-02-12,40.72045135498047,40.74666280397595,40.43689212564779,40.53220813832866,89134000
1035,2019-02-13,40.551265716552734,41.099320945808756,40.48931303829851,40.8395916413653,89960800
1036,2019-02-14,40.69900894165039,40.80861781758018,40.36064525814671,40.43927960962729,87342800
1037,2019-02-15,40.608463287353516,40.91346730094003,40.44881303304922,40.80623995233979,98507200
1038,2019-02-19,40.7299690246582,40.851496450190716,40.386842388859705,40.43926527125941,75891200
1039,2019-02-20,40.992088317871094,41.29947740453898,40.744274000963244,40.79193018083782,104457600
1040,2019-02-21,40.76096725463867,41.0731195307499,40.57987224909108,40.93729918557291,68998800
1041,2019-02-22,41.21609115600586,41.223239403756004,40.83721948150898,40.884875678488214,75652800
1042,2019-02-25,41.51632308959961,41.90710967168657,41.44960369528727,41.499645058988676,87493600
1043,2019-02-26,41.54014587402344,41.77128217748678,41.26373492448921,41.39241061710472,68280800
1044,2019-02-27,41.6688346862793,41.69981285361265,41.15890569167824,41.273284939092875,111341600
1045,2019-02-28,41.258975982666016,41.67835919496109,41.20417154412631,41.537772157173244,112861600
1046,2019-03-01,41.69265365600586,41.735543135571554,41.197021288508566,41.528236712468996,103544800
1047,2019-03-04,41.90235137939453,42.35509069759693,41.45437513566205,41.86422496802693,109744800
1048,2019-03-05,41.82609558105469,41.938089634020294,41.59019251792692,41.9237931397582,78949600
1049,2019-03-06,41.58542251586914,41.81655883042522,41.44721703446925,41.621163745570044,83241600
1050,2019-03-07,41.10409164428711,41.56636432916655,40.98971605951243,41.43054036805001,99185600
1051,2019-03-08,41.2017936706543,41.23992008169563,40.3892422605175,40.584637390153304,95997600
1052,2019-03-11,42.62911605834961,42.68153896438816,41.78320858604554,41.81656828662146,128044000
1053,2019-03-12,43.10805892944336,43.527438429638856,42.74109868533032,42.891219115734174,129870400
1054,2019-03-13,43.298709869384766,43.6775816297943,43.11046294011812,43.427381993999774,124130000
1055,2019-03-14,43.780025482177734,43.86819325045519,43.501232955961775,43.82053342503637,94318000
1056,2019-03-15,44.34952163696289,44.63784755758058,43.782406850290364,44.04690286026948,156171600
1057,2019-03-18,44.802276611328125,44.89044075986763,44.27089927495176,44.27328444822138,104879200
1058,2019-03-19,44.44723129272461,45.03341307639729,44.30187752445981,44.8809110601797,126585600
1059,2019-03-20,44.835628509521484,45.152547444755115,44.018310490038075,44.375737368520994,124140800
1060,2019-03-21,46.486934661865234,46.78240882980378,45.22879245634288,45.27883381453322,204136800
1061,2019-03-22,45.52428436279297,47.10649433690762,45.45994648746014,46.54652393961974,169630800
1062,2019-03-25,44.97383499145508,45.74587473890536,44.46390611241121,45.63388069031745,175381200
1063,2019-03-26,44.50917053222656,45.96032623886354,43.982563700573884,45.66961879021226,199202000
1064,2019-03-27,44.909488677978516,45.21687414252472,44.45198278594525,44.97620805998751,119393600
1065,2019-03-28,44.96907424926758,45.169232459544084,44.68551496674179,45.02387869438107,83121600
1066,2019-03-29,45.26215362548828,45.2931317832796,44.92617150707696,45.233560640409536,94256000
1067,2019-04-01,45.56955337524414,45.67439555693616,44.88805919660428,45.66486577166774,111448000
1068,2019-04-02,46.23198699951172,46.33683282315308,45.52428132586758,45.533811111682674,91062800
1069,2019-04-03,46.548892974853516,46.822918780518556,46.024664003423624,46.04849391519191,93087200
1070,2019-04-04,46.629913330078125,46.791945110655476,46.02228688104425,46.41545501139502,76457200
1071,2019-04-05,46.942073822021484,46.96590374026455,46.687107513373874,46.81101654355472,74106400
1072,2019-04-08,47.680755615234375,47.71173014450236,46.78480308511343,46.80386629170483,103526800
1073,2019-04-09,47.537776947021484,48.33603179875124,47.473439087978925,47.73317206117505,143072800
1074,2019-04-10,47.804656982421875,47.833253607870596,47.22324195607037,47.342384260292086,86781200
1075,2019-04-11,47.40672302246094,47.89520720622881,47.285199178784595,47.85946596865772,83603200
1076,2019-04-12,47.387657165527344,47.690279625122976,46.753822893813584,47.46629151971839,111042800
1077,2019-04-15,47.47343826293945,47.62117718246721,47.18273076972158,47.31855473245824,70146400
1078,2019-04-16,47.47819900512695,47.98336111335143,47.31378207550533,47.52824036298592,102785600
1079,2019-04-17,48.402740478515625,48.46231161438307,47.3256933239708,47.54729620414958,115627200
1080,2019-04-18,48.57669448852539,48.64579541672132,48.25739402484164,48.400362590881734,96783200
1081,2019-04-22,48.73634719848633,48.83404475360525,48.214503361460345,48.33126412020742,77758000
1082,2019-04-23,49.43928527832031,49.50362313511346,48.58622601734535,48.71251655805477,93292000
1083,2019-04-24,49.36302947998047,49.67756320312822,49.336818033390344,49.41068566398058,70162400
1084,2019-04-25,48.91506576538086,49.506010596011244,48.87693935413123,49.28440764800036,74172800
1085,2019-04-26,48.68153762817383,48.848336097417246,48.16207538289125,48.82450618641079,74596400
1086,2019-04-29,48.75541305541992,49.079480262865886,48.576699602106366,48.70537168868094,88818800
1087,2019-04-30,47.81657409667969,48.467090089008494,47.4448506724918,48.386074191108,186139600
1088,2019-05-01,50.163665771484375,51.305047195466486,49.85627665797254,50.01116380100785,259309200
1089,2019-05-02,49.83721923828125,50.671215281428715,49.594171580722325,50.00163618282265,127985200
1090,2019-05-03,50.45676040649414,50.478205146321336,50.094566822586664,50.25183551985448,83569600
1091,2019-05-06,49.67757034301758,49.763352940920356,48.490914101974354,48.679157328406795,129772400
1092,2019-05-07,48.33840560913086,49.42498261248666,47.85468824698724,49.05802599276639,155054800
1093,2019-05-08,48.34794616699219,48.92936120017659,48.073920318435675,48.109661555748396,105358000
1094,2019-05-09,47.828487396240234,48.05723858660724,46.86105245762417,47.752234575494825,139634400
1095,2019-05-10,47.165889739990234,47.56536064029775,46.11101077401089,47.223299584031466,164834800
1096,2019-05-13,44.42463684082031,45.32403587911326,43.73812763352999,44.90065057528068,229722400
1097,2019-05-14,45.12788772583008,45.3766564067439,44.350480579312546,44.58968277824102,146118800
1098,2019-05-15,45.66849899291992,45.86703732389194,44.49640927747329,44.55620984764786,106178800
1099,2019-05-16,45.46757125854492,46.03926457983026,45.170959107985624,45.42690730765116,132125600
1100,2019-05-17,45.20920944213867,45.663692098249506,44.67339527551436,44.7140592058034,131516400
1101,2019-05-20,43.79553985595703,44.09693703228056,43.12338210548431,43.89839872325471,154449200
1102,2019-05-21,44.6351318359375,44.970013454882476,44.180645467442574,44.30503163302324,113459200
1103,2019-05-22,43.72138595581055,44.422250430132046,43.666370461560184,44.17108734343066,118994400
1104,2019-05-23,42.97508239746094,43.185577921397595,42.53255672055004,43.00857057058294,146118800
1105,2019-05-24,42.810020446777344,43.56829102566304,42.72629821206873,43.10423814743245,94858800
1106,2019-05-28,42.63301467895508,43.197532117519515,42.55647185928589,42.79806481034798,111792800
1107,2019-05-29,42.429683685302734,42.90091226999758,42.099583510254305,42.200047987456955,113924800
1108,2019-05-30,42.649757385253906,42.87221370220988,42.259856591093225,42.56603514665155,84873600
1109,2019-05-31,41.877132415771484,42.57560242696121,41.85799580108924,42.15460420382392,108174400
1110,2019-06-03,41.45375061035156,42.558863836181885,40.72896808562691,42.0039165147465,161584400
1111,2019-06-04,42.97028732299805,43.01573632949458,41.74557310553312,41.96563871336283,123872000
1112,2019-06-05,43.66397476196289,44.25002316291043,43.32909308993842,44.08018796856743,119093600
1113,2019-06-06,44.30503463745117,44.36483519131341,43.570682084053516,43.79314204238784,90105200
1114,2019-06-07,45.48429870605469,45.90768763912735,44.4365955097193,44.613602808905426,122737600
1115,2019-06-10,46.0655632019043,46.73293577866847,45.835927468539325,45.881376473575656,104883600
1116,2019-06-11,46.59897994995117,46.88363115164734,46.30954733221378,46.61094078992602,107731600
1117,2019-06-12,46.450687408447266,46.87646713884036,46.259324870645045,46.393277552125554,73012800
1118,2019-06-13,46.44110107421875,47.072594673728766,46.309542797186474,46.57266300118658,86698400
1119,2019-06-14,46.10383987426758,46.30715958311369,45.52018583958195,45.8191886319466,75046000
1120,2019-06-17,46.378910064697266,46.634858146675334,45.96748202726741,46.14209859491775,58676400
1121,2019-06-18,47.46968078613281,47.90981200382238,46.69466791366559,46.89559690653218,106204000
1122,2019-06-19,47.330936431884766,47.811735172431156,47.19698378872574,47.76389181421512,84496800
1123,2019-06-20,47.711280822753906,47.98636194123762,47.36921971853001,47.928952089147415,86056000
1124,2019-06-21,47.548622131347656,48.04377253215675,47.39792354850374,47.553407198246234,191202400
1125,2019-06-24,47.50078201293945,47.87872199614494,47.40270821699431,47.49121187922274,72881600
1126,2019-06-25,46.780784606933594,47.663437821269206,46.713804620677834,47.46489952077428,84281200
1127,2019-06-26,47.792598724365234,48.07724991703019,47.206554083550465,47.30701856626707,104270000
1128,2019-06-27,47.77824783325195,48.215988288918595,47.737583898017675,47.90980612080103,83598800
1129,2019-06-28,47.34290313720703,47.720843084338505,47.13479837293914,47.52469551117032,124442400
1130,2019-07-01,48.21119689941406,48.91445184578584,47.99591276178485,48.59870323723714,109012000
1131,2019-07-02,48.493465423583984,48.5891485023053,48.165759547562075,48.177720388644275,67740800
1132,2019-07-03,48.895328521728516,48.90250429660593,48.483900395720205,48.62502883489124,45448000
1133,2019-07-05,48.852272033691406,49.055595395919944,48.534132619231094,48.641776546255905,69062000
1134,2019-07-08,47.8452262878418,48.1753228503153,47.460110590009364,48.03419442469582,101354400
1135,2019-07-09,48.13705825805664,48.20164023244244,47.555794939029724,47.64908366307894,82312000
1136,2019-07-10,48.61307144165039,48.73267256467266,48.21360412874839,48.28297482406582,71588400
1137,2019-07-11,48.25904846191406,48.890542184265826,48.24948197897164,48.63220334558516,80767200
1138,2019-07-12,48.62981414794922,48.79725497916496,48.36669023465564,48.42649079222815,70380800
1139,2019-07-15,49.086692810058594,49.2445635130071,48.79725649643611,48.81878382184684,67789600
1140,2019-07-16,48.91685485839844,49.30197058543267,48.67765263415199,48.93838218259591,67467200
1141,2019-07-17,48.64177322387695,49.057982753514956,48.62263660815599,48.80921404901501,56430000
1142,2019-07-18,49.194332122802734,49.246956906066245,48.725494140074105,48.797255539973115,74162400
1143,2019-07-19,48.45998001098633,49.39526162771868,48.40496451880691,49.22542643455206,83717200
1144,2019-07-22,49.5674934387207,49.569884147383455,48.70397311967198,48.71353960425987,89111600
1145,2019-07-23,49.954994201660156,49.971740110187,49.58423000504602,49.864099833734244,73420800
1146,2019-07-24,49.914329528808594,50.029145578681785,49.5555261792605,49.67512729577653,59966400
1147,2019-07-25,49.51964569091797,50.050674922943,49.450275001634395,49.9669526841349,55638400
1148,2019-07-26,49.69186782836914,50.16787788464866,49.548345044101694,49.62967291854977,70475600
1149,2019-07-29,50.155914306640625,50.38555001894711,49.85930592191719,49.864090987781196,86693600
1150,2019-07-30,49.940635681152344,50.27073588947548,49.58900815053056,49.93585061510733,135742800
1151,2019-07-31,50.95964050292969,52.95219547888276,50.54343096661381,51.76814519291497,277125600
1152,2019-08-01,49.85691452026367,52.153257179746014,49.452665854213244,51.16535089156151,216071600
1153,2019-08-02,48.80203628540039,49.3785108420285,48.230343145055464,49.163230311330075,163448400
1154,2019-08-05,46.247352600097656,47.51751570162563,46.065560241571106,47.359645023139706,209572000
1155,2019-08-06,47.12284469604492,47.37879286336873,46.41480440834536,46.95779455449021,143299200
1156,2019-08-07,47.610809326171875,47.735195505332065,46.36217706782614,46.742507730135785,133457600
1157,2019-08-08,48.66090774536133,48.68482942826137,47.6945323451434,47.88828556685008,108038000
1158,2019-08-09,48.25992202758789,48.68491595492223,47.851730305039446,48.33435586806552,98478800
1159,2019-08-12,48.13747024536133,48.51444641488046,47.81812205634959,47.930974561632105,89927600
1160,2019-08-13,50.1760139465332,50.937165649678846,48.13746950693572,48.267131545137225,188874000
1161,2019-08-14,48.68251037597656,49.568520645476625,48.64409173261856,48.78095677565512,146189600
1162,2019-08-15,48.439998626708984,49.2563746314281,47.942967055319286,48.85298987534668,108909600
1163,2019-08-16,49.58293151855469,49.74140568988817,48.944235250189195,49.04988469774485,110481600
1164,2019-08-19,50.50735092163086,51.078812617102535,50.43051364208329,50.57217825447058,97654400
1165,2019-08-20,50.50977325439453,51.227706792381404,50.500170422067065,50.634632057480246,107537200
1166,2019-08-21,51.05721664428711,51.29972750063154,50.807502749106995,51.14125698244228,86141600
1167,2019-08-22,51.013999938964844,51.489418835377954,50.6034083940143,51.18927999555581,89014800
1168,2019-08-23,48.656105041503906,50.91555099493653,48.262323049739784,50.28645752648354,187272000
1169,2019-08-26,49.580543518066406,49.748620559238184,49.23718273185397,49.429272349109446,104174400
1170,2019-08-27,49.021080017089844,50.07516753420753,48.86980886104783,49.90949029926712,103493200
1171,2019-08-28,49.35002517700195,49.39564686397116,48.81938179356974,49.0066681246404,63755200
1172,2019-08-29,50.18561553955078,50.260053051987526,49.621356699521705,50.0631602076527,83962000
1173,2019-08-30,50.12078094482422,50.5313687808023,49.751007883111264,50.46173818969739,84573600
1174,2019-09-03,49.390838623046875,49.69818045135938,49.03547532102372,49.56611865080238,80092000
1175,2019-09-04,50.228843688964844,50.298474298793316,49.77983708566578,50.03675406819679,76752400
1176,2019-09-05,51.21088790893555,51.3765651308316,50.7858902958723,50.90354603728645,95654800
1177,2019-09-06,51.20607376098633,51.48460341781366,51.02599049966228,51.395763514644194,77449200
1178,2019-09-09,51.42457962036133,51.96963269243375,50.68023761457171,51.58545357319783,109237600
1179,2019-09-10,52.03206253051758,52.05127185370454,50.83391076513622,51.35014804449725,127111600
1180,2019-09-11,53.686431884765625,53.71524770381324,52.27938090410862,52.36102145030546,177158400
1181,2019-09-12,53.566375732421875,54.36594600540606,53.51115121424335,53.976967258907166,128906800
1182,2019-09-13,52.5242919921875,53.01411692029238,52.10890090309722,52.82443080357143,159053200
1183,2019-09-16,52.800418853759766,52.855647033642335,52.23855987155783,52.27937831072937,84632400
1184,2019-09-17,52.99250793457031,53.02132375192014,52.61313203639829,52.81482810263167,73274800
1185,2019-09-18,53.48954391479492,53.508753239988586,52.6899736146539,53.07895237436418,101360000
1186,2019-09-19,53.054935455322266,53.72724341657254,52.91326716138404,53.307049108889316,88242400
1187,2019-09-20,52.27937698364258,53.43911377467882,52.216949430695024,53.15578449922015,221652400
1188,2019-09-23,52.517086029052734,52.78600921665871,52.260165462190585,52.57231054140675,76662000
1189,2019-09-24,52.26737976074219,53.42231716904428,52.1497276727192,53.07175336927151,124763200
1190,2019-09-25,53.071754455566406,53.18460696208919,52.1377224527618,52.47627997233017,87613600
1191,2019-09-26,52.79801940917969,53.05013674812319,52.543502278670516,52.824431771617654,75334000
1192,2019-09-27,52.541099548339844,53.05493702755311,52.17132649489073,52.95408716657338,101408000
1193,2019-09-30,53.77767562866211,53.92414352515708,53.01412053525755,53.04053289901251,103909600
1194,2019-10-01,53.926551818847656,54.798156296373676,53.832908635098924,54.04180778638815,139223200
1195,2019-10-02,52.574729919433594,53.684042068079286,52.32741210702432,53.55918326581723,138449200
1196,2019-10-03,53.021324157714844,53.054939558377036,51.65509168829448,52.44745522730388,114426000
1197,2019-10-04,54.50761032104492,54.622866267592265,53.7584649875072,54.17865934180888,138478800
1198,2019-10-07,54.51961898803711,55.20873658677315,54.22668318942507,54.3299328547412,122306000
1199,2019-10-08,53.88092041015625,54.75972776925968,53.8641145411307,54.221881339577685,111820000
1200,2019-10-09,54.51240539550781,54.694888454476924,54.17865121925164,54.51240539550781,74770400
1201,2019-10-10,55.247154235839844,55.33119457436902,54.57724597451074,54.728513454537506,113013600
1202,2019-10-11,56.71663284301758,57.059989886560345,55.78019754791175,55.93386847365883,166795600
1203,2019-10-14,56.63499450683594,57.17764784685901,56.34686196781524,56.40208648570823,96427600
1204,2019-10-15,56.502952575683594,57.06240828151875,56.39730309282552,56.75986957826567,87360000
1205,2019-10-16,56.27482223510742,56.483721327443455,55.99389276314205,56.03471119953323,73903200
1206,2019-10-17,56.493316650390625,56.702212051166576,56.07072260290043,56.44769497348481,67585200
1207,2019-10-18,56.7646598815918,57.045589398505086,56.255621913343404,56.327655968301634,97433600
1208,2019-10-21,57.74910354614258,57.8643594805564,56.98315242424609,57.03117389835004,87247200
1209,2019-10-22,57.6170539855957,58.1549004377134,57.535413437281406,57.905186536916496,82293600
1210,2019-10-23,58.39021682739258,58.40462657130632,57.919601112741944,58.130900057820426,75828800
1211,2019-10-24,58.486244201660156,58.77917994672948,58.061246659419666,58.70954569740127,69275200
1212,2019-10-25,59.206581115722656,59.242596306464485,58.318170993988126,58.385401792575365,73477200
1213,2019-10-28,59.79964828491211,59.84766975456233,59.24018918716893,59.40826616284637,96572800
1214,2019-10-29,58.416622161865234,59.96774132739238,58.24374555756727,59.78045498091568,142839600
1215,2019-10-30,58.40941619873047,58.89924482176762,57.91719144782321,58.76958279527963,124522000
1216,2019-10-31,59.730037689208984,59.82848412244298,56.96875995728241,59.36507144431984,139162000
1217,2019-11-01,61.425209045410156,61.45161774300314,59.82606861277858,59.91730831812791,151125200
1218,2019-11-04,61.8286018371582,61.91264217896342,61.31956753037255,61.78777973024419,103272000
1219,2019-11-05,61.7397575378418,61.99427467320338,61.545268167001495,61.72054454973453,79897600
1220,2019-11-06,61.76618194580078,61.826209725588754,61.31717532540429,61.65332942669499,75864400
1221,2019-11-07,62.47903060913086,62.70059923548496,62.161130673338896,62.31285597676723,94940400
1222,2019-11-08,62.6500358581543,62.72228251352526,61.857696572744686,62.300826541440614,69986400
1223,2019-11-11,63.14614486694336,63.21116685235938,62.202080319789076,62.20689431328376,81821200
1224,2019-11-12,63.08832931518555,63.2882239296663,62.83786940371136,62.98958734351304,87388800
1225,2019-11-13,63.69282531738281,63.76748263298455,62.8739981675004,62.88844749635185,102734400
1226,2019-11-14,63.25209426879883,63.7915553774023,63.122042983829644,63.51941415220653,89182800
1227,2019-11-15,64.00349426269531,64.00830825530088,63.341206473883005,63.502559746650064,100206400
1228,2019-11-18,64.32621002197266,64.40568132510607,63.635023558282754,64.01312410296957,86703200
1229,2019-11-19,64.13115692138672,64.54297759366457,63.914409585956776,64.51889292314802,76167200
1230,2019-11-20,63.384544372558594,64.08054469809994,62.71262135582171,63.95050077197476,106234400
1231,2019-11-21,63.10036849975586,63.582032299976326,62.90047390688483,63.504964328035534,121395200
1232,2019-11-22,63.04499435424805,63.382157650570974,62.81861170894366,63.240067666749475,65325200
1233,2019-11-25,64.15040588378906,64.1672658843364,63.22320139858819,63.26896005744073,84020400
1234,2019-11-26,63.64947509765625,64.34066158536174,63.21838386975903,64.28767826489613,105207600
1235,2019-11-27,64.50444030761719,64.538160314546,63.89513565756925,63.96015765000588,65235600
1236,2019-11-29,64.3623275756836,64.54295150714015,64.03720302914049,64.20578830500924,46617600
1237,2019-12-02,63.61818313598633,64.60318515159148,63.447194470828975,64.36716714152493,94487200
1238,2019-12-03,62.48385238647461,62.503115708653056,61.722822542288654,62.20930043557878,114430400
1239,2019-12-04,63.03534698486328,63.41345487874028,62.78006572711878,62.873993707598274,67181600
1240,2019-12-05,63.960147857666016,64.03481252591874,63.273782660423635,63.52906394668115,74424400
1241,2019-12-06,65.19563293457031,65.26547627703798,64.37439487879905,64.41775022734338,106075600
1242,2019-12-09,64.28286743164062,65.21728922547906,63.79879285948436,65.02462660501106,128042400
1243,2019-12-10,64.65857696533203,65.04149895721667,64.02759096181438,64.68747562892948,90420400
1244,2019-12-11,65.21005249023438,65.28953113493121,64.6633667099047,64.73802401273718,78756800
1245,2019-12-12,65.3762435913086,65.64116022447391,64.3792030714425,64.48998371818132,137310400
1246,2019-12-13,66.26492309570312,66.30104642565348,65.24861176531338,65.37625243087754,133587600
1247,2019-12-16,67.39921569824219,67.62319496321233,66.70562596191743,66.71043995432287,128186000
1248,2019-12-17,67.53167724609375,67.85920511821561,67.14393404643634,67.32937932220554,114158400
1249,2019-12-18,67.37031555175781,67.89051335467951,67.22100094482415,67.38476487826064,116028400
1250,2019-12-19,67.43775177001953,67.71711767990757,67.18006720064264,67.31252181714845,98369200
1251,2019-12-20,67.298095703125,68.07116437712546,67.08616236392761,67.97001905135092,275978000
1252,2019-12-23,68.39627075195312,68.45647873677,67.52204963647512,67.5605836287108,98572000
1253,2019-12-24,68.4613037109375,68.61062571090498,68.13618642046343,68.5624563754821,48478800
1254,2019-12-26,69.81959533691406,69.83645533824492,68.5648628664668,68.59376152611499,93121200
1255,2019-12-27,69.79309844970703,70.79737094783557,69.38850252439819,70.11099839799601,146266000
1256,2019-12-30,70.20732879638672,70.48910541724575,68.69009042144484,69.7112155576161,144114400
1257,2019-12-31,70.72029113769531,70.72751580123949,69.72565414200866,69.8243961101836,100805600
1258,2020-01-02,72.3338851928711,72.39409318664748,71.09119131937346,71.34406195339083,135480400
1259,2020-01-03,71.63065338134766,72.38927264137095,71.40668140593664,71.56322072155912,146322800
1260,2020-01-06,72.20140075683594,72.23993474282962,70.50353879987532,70.7540060340311,118387200
1261,2020-01-07,71.86184692382812,72.46633010238772,71.64268897397623,72.21104883104543,108872000
1262,2020-01-08,73.0178451538086,73.31888511458335,71.56562867701548,71.56562867701548,132079200
1263,2020-01-09,74.56879425048828,74.76145686133366,73.74274246581768,73.99320238999518,170108400
1264,2020-01-10,74.73737335205078,75.30092656417412,74.23644614635045,74.8024026801614,140644800
1265,2020-01-13,76.33409881591797,76.36059415429726,74.93486566437117,75.05287832688332,121532000
1266,2020-01-14,75.30333709716797,76.48100893453174,75.18051779267843,76.27148630079421,161954400
1267,2020-01-15,74.98062133789062,75.98248317068368,74.54953007278792,75.10344798902688,121923600
1268,2020-01-16,75.91985321044922,76.03064118697364,75.16123412136378,75.52248200660513,108829200
1269,2020-01-17,76.7603759765625,76.76277929851412,75.86207008807327,76.16792404225187,137816400
1270,2020-01-21,76.24015045166016,76.83018415127219,76.10287451536945,76.38946504217743,110843200
1271,2020-01-22,76.51232147216797,77.0638214037391,76.41839347401398,76.72424743670398,101832400
1272,2020-01-23,76.88076782226562,76.96023911310208,76.01858552983758,76.56527863051073,104472000
1273,2020-01-24,76.65921020507812,77.86818383448923,76.46895092458591,77.12642473209515,146537600
1274,2020-01-27,74.40501403808594,75.08415437016195,73.4248264992336,74.67233390344245,161940000
1275,2020-01-28,76.50990295410156,76.68089158109271,75.18532722614749,75.28406920782065,162234000
1276,2020-01-29,78.11143493652344,78.95675744540253,77.39857441186852,78.13793027321145,216229200
1277,2020-01-30,77.99822235107422,78.0512056603916,76.7651642610764,77.19625539826748,126743200
1278,2020-01-31,74.5398941040039,77.71164655303768,74.24607885109228,77.29019066933044,199588400
1279,2020-02-03,74.3351821899414,75.49839714349714,72.78422401879573,73.2851511845041,173788400
1280,2020-02-04,76.78927612304688,76.97953543976107,75.53213292898627,75.9367288800473,136616400
1281,2020-02-05,77.41541290283203,78.21256585966833,76.8133331862121,77.91392932249283,118826800
1282,2020-02-06,78.3209457397461,78.32335641079244,77.12883215929374,77.68515330009288,105425600
1283,2020-02-07,77.25636291503906,78.06989154294402,76.76631409771366,77.82124622907054,117684000
1284,2020-02-10,77.6233139038086,77.6233139038086,75.76451086097089,75.84417079645658,109348800
1285,2020-02-11,77.15494537353516,78.1905681328534,76.93768376375351,78.11815005194215,94323200
1286,2020-02-12,78.98722839355469,78.9920538114317,77.60398368209574,77.60398368209574,113730400
1287,2020-02-13,78.42475891113281,78.7506551305069,78.05782821966719,78.26060628866534,94747600
1288,2020-02-14,78.44408416748047,78.69272952184373,77.93713525426901,78.39338411922328,80113600
1289,2020-02-18,77.00772857666016,77.18878123005356,75.94796350927948,76.12901616267288,152531200
1290,2020-02-19,78.12300109863281,78.35233737517142,77.24912158938099,77.24912158938099,93984000
1291,2020-02-20,77.321533203125,78.3716398349872,76.81700080414447,77.88400744802773,100566000
1292,2020-02-21,75.57136535644531,77.35775721221363,74.95578935685651,76.91598466630131,129554000
1293,2020-02-24,71.98172760009766,73.43014927898001,69.82116968266364,71.75964040155239,222195200
1294,2020-02-25,69.54351043701172,73.03179362770307,69.07277807692655,72.65037937541128,230673600
1295,2020-02-26,70.646728515625,71.90927139616765,69.16209855410392,69.16934036398257,198054800
1296,2020-02-27,66.02867889404297,69.04139705399142,65.8934935311334,67.85852144500781,320605600
1297,2020-02-28,65.99005889892578,67.20915102510166,61.88861568726967,62.103468343907636,426510000
1298,2020-03-02,72.13378143310547,72.76867383608672,67.04258234775999,68.14338175177791,341397200
1299,2020-03-03,69.84286499023438,73.3866667341741,68.99311992366323,73.30700681770827,319475600
1300,2020-03-04,73.0824966430664,73.24182384454771,70.76261243598904,71.56165746891385,219178400
1301,2020-03-05,70.71192932128906,72.31242862903635,70.3474076125405,71.33957264179317,187572800
1302,2020-03-06,69.77287292480469,70.20498737405435,67.889928042293,68.07580613740882,226176800
1303,2020-03-09,64.25436401367188,67.13188921300795,63.48911178224734,63.67016438238683,286744800
1304,2020-03-10,68.882080078125,69.14762542571471,65.0268655374001,66.90257561810807,285290000
1305,2020-03-11,66.48975372314453,67.88748182990133,65.62794159632746,66.96290981260235,255598800
1306,2020-03-12,59.92359161376953,65.17894700154001,59.86806983845157,61.784814276675704,418474000
1307,2020-03-13,67.10295104980469,67.57369096094727,61.06303266081341,63.94539557678096,370732000
1308,2020-03-16,58.470340728759766,62.54281272853614,57.93683739697829,58.40757346412376,322423600
1309,2020-03-17,61.04130172729492,62.187964904896894,57.55060477772075,59.74979126293009,324056000
1310,2020-03-18,59.5469970703125,60.350871115595204,57.24159305699179,57.88131450093201,300233600
1311,2020-03-19,59.09074783325195,61.036459434063396,58.566902685612334,59.72081110917334,271857200
1312,2020-03-20,55.3393440246582,60.79264863512061,55.04000233501268,59.67012006159394,401693200
1313,2020-03-23,54.163700103759766,55.160697700443244,51.32479637531141,55.05930867623348,336752800
1314,2020-03-24,59.59769821166992,59.79323446043245,56.56084169108887,57.05813231967632,287531200
1315,2020-03-25,59.269386291503906,62.34245170831376,58.97487373705756,60.53192552123785,303602000
1316,2020-03-26,62.38832092285156,62.446255405203736,59.472166210481355,59.51079165439952,252087200
1317,2020-03-27,59.8052978515625,61.767905586340525,59.63872886548187,61.01472792774082,204216800
1318,2020-03-30,61.512027740478516,61.68342585318123,60.206033868463194,60.529517371062305,167976400
1319,2020-03-31,61.386497497558594,63.366005560924876,60.833685075362965,61.70273919270683,197002000
1320,2020-04-01,58.15652084350586,60.04188167908633,57.726822887688364,59.50596558883749,176218400
1321,2020-04-02,59.12694549560547,59.18005454951663,57.188476078420805,58.018904539368904,165934000
1322,2020-04-03,58.2772216796875,59.31284110700112,57.68819653151743,58.61277240805976,129880000
1323,2020-04-06,63.36118698120117,63.515681414819454,60.20121554945302,60.568146275466354,201820400
1324,2020-04-07,62.627315521240234,65.58934152567265,62.52351377225885,65.37207245676143,202887200
1325,2020-04-08,64.23023986816406,64.54406151460887,63.061847651130236,63.42636197678972,168895200
1326,2020-04-09,64.69373321533203,65.19585671097452,63.89952086210519,64.86513503536223,161834800
1327,2020-04-13,65.9635009765625,66.07213548949194,64.17228391165321,64.77096719479518,131022800
1328,2020-04-14,69.29486846923828,69.58455560243435,67.12223707141726,67.59297682109842,194994800
1329,2020-04-15,68.66240692138672,69.12107217268907,67.74507641878203,68.17235803124424,131154400
1330,2020-04-16,69.20796203613281,69.57248363661981,68.16027185080422,69.37453102131897,157125200
1331,2020-04-17,68.26891326904297,69.27074378183441,66.83497575491855,68.72516946310567,215250000
1332,2020-04-20,66.85188293457031,67.99854979022932,66.83257389218826,67.09811926901436,130015200
1333,2020-04-21,64.78547668457031,66.92914162387588,64.0757495798799,66.69497985985144,180991600
1334,2020-04-22,66.65149688720703,67.08602016909022,65.71002486509416,66.05039726124157,116862400
1335,2020-04-23,66.39320373535156,68.01543553598502,66.35457829164004,66.59598178954948,124814400
1336,2020-04-24,68.30995178222656,68.31960998543786,66.86877252729914,66.91705617630512,126161200
1337,2020-04-27,68.35823822021484,68.68895986495261,67.58091858862758,68.02750920842628,117087600
1338,2020-04-28,67.25018310546875,69.00035846269303,67.15845596472252,68.81930583953189,112004800
1339,2020-04-29,69.45906066894531,69.92738424358258,68.53207172647193,68.73484986697673,137280800
1340,2020-04-30,70.9243392944336,71.10056648651737,69.60869475205328,69.99735081766806,183064000
1341,2020-05-01,69.78250885009766,72.17964374552773,69.0051893150792,69.10174923798432,240616800
1342,2020-05-04,70.76985168457031,70.89779524622708,69.11865261133845,69.80665406694762,133568000
1343,2020-05-05,71.83202362060547,72.66245223551824,71.08367131021836,71.2285148811078,147751200
1344,2020-05-06,72.5731430053711,73.20320267035598,72.14827044329485,72.5321011645588,142333600
1345,2020-05-07,73.32389068603516,73.66910326152602,72.89660917840814,73.19836352852457,115215200
1346,2020-05-08,75.06912994384766,75.1223827731926,73.65551811313698,73.98229650289032,133838400
1347,2020-05-11,76.25037384033203,76.74416477518758,74.36958632362644,74.57775917368724,145946400
1348,2020-05-12,75.37897491455078,77.3832066763356,75.25794640867731,76.93297679324957,162301200
1349,2020-05-13,74.46881103515625,76.47788793234099,73.39407770388901,75.55806719087377,200622400
1350,2020-05-14,74.92630767822266,74.98682191354754,72.98742921457588,73.70876155896555,158929200
1351,2020-05-15,74.48336029052734,74.52935171327063,72.6679327201148,72.70182424718615,166348400
1352,2020-05-18,76.2382583618164,76.611028150083,75.11511790410643,75.80498172029709,135178400
1353,2020-05-19,75.7977066040039,77.09996661357478,75.76623802284678,76.25519033631431,101729600
1354,2020-05-20,77.2718276977539,77.34201888089427,76.61584817289278,76.65457816375839,111504800
1355,2020-05-21,76.69574737548828,77.67365953830173,76.45852890117943,77.1338698714014,102688800
1356,2020-05-22,77.18952941894531,77.27182787960697,76.33264591312964,76.43430567577444,81803200
1357,2020-05-26,76.66670227050781,78.48454498542678,76.6110265113562,78.3054252019707,125522000
1358,2020-05-27,77.00074005126953,77.1459757123096,75.7856167074525,76.52389490649263,112945200
1359,2020-05-28,77.03461456298828,78.29089056504547,76.40042661637571,76.67636766312725,133560800
1360,2020-05-29,76.95958709716797,77.73658783652532,76.60376308600569,77.27668110998019,153532400
1361,2020-06-01,77.90605926513672,78.02708778430363,76.78291106151043,76.91362393056917,80791200
1362,2020-06-02,78.26671600341797,78.2909231828301,77.19924365819143,77.63978920771235,87642800
1363,2020-06-03,78.69754791259766,78.95897353375568,78.01494559700772,78.58620379313693,104491200
1364,2020-06-04,78.01981353759766,78.81859867793425,77.64704369151033,78.52087329742372,87560400
1365,2020-06-05,80.24188232421875,80.30239656428226,78.24007392223491,78.26911957554665,137250400
1366,2020-06-08,80.71630859375,80.75020011255444,79.2300827598663,79.93930785149966,95654400
1367,2020-06-09,83.26519775390625,83.65732897173929,80.36535917971183,80.39682777642588,147712400
1368,2020-06-10,85.4073715209961,85.87453965160508,83.77348714351568,84.2116096226659,166651600
1369,2020-06-11,81.30696105957031,84.97654679882439,81.20530123598519,84.55294696423167,201662400
1370,2020-06-12,82.00889587402344,84.18740853476542,80.90027823694467,83.44187634114364,200146000
1371,2020-06-15,83.02312469482422,83.67425858934295,80.50331054070764,80.665491974399,138808800
1372,2020-06-16,85.22341918945312,85.49452921505798,83.44188334314991,85.07334504214955,165428800
1373,2020-06-17,85.10482025146484,86.02705683600927,84.98379175074255,85.96654258564811,114406400
1374,2020-06-18,85.13870239257812,85.55504068464955,84.53113702208627,85.06124238777585,96820400
1375,2020-06-19,84.65219116210938,86.3078604847737,83.54598867934699,85.84311508911084,264476000
1376,2020-06-22,86.86699676513672,87.0098095125726,84.99831637895207,85.04430780115948,135445200
1377,2020-06-23,88.72113800048828,90.1371727058119,87.6899729783668,88.1087341820106,212155600
1378,2020-06-24,87.15503692626953,89.26819705246864,86.78226710315806,88.35079901624333,192623200
1379,2020-06-25,88.31206512451172,88.35079512662277,86.55231359048508,87.3099530977363,137522400
1380,2020-06-26,85.5986099243164,88.42825657527817,85.45095132716905,88.20798383985682,205256800
1381,2020-06-29,87.57137298583984,87.6657787527797,85.02977472321102,85.50662726415537,130646000
1382,2020-06-30,88.3023910522461,88.58802392767775,87.14052040168764,87.15988171149978,140223200
1383,2020-07-01,88.13534545898438,88.92203048346985,88.08693850505696,88.37982532273861,110737200
1384,2020-07-02,88.13534545898438,89.67483137890527,88.02158579310888,89.04064340262327,114041600
1385,2020-07-06,90.49301147460938,90.96017971455592,89.52962194946613,89.56109054157537,118655600
1386,2020-07-07,90.21221923828125,91.6476154008952,90.10087509241899,90.87061453958542,112424400
1387,2020-07-08,92.31326293945312,92.34473152661032,91.10055518911935,91.18769953716944,117092000
1388,2020-07-09,92.71024322509766,93.2572869587544,91.66455533300416,93.20403412942578,125642800
1389,2020-07-10,92.87242889404297,92.93052759776583,91.69603540831204,92.30601639495103,90257200
1390,2020-07-13,92.44400024414062,96.77924249240976,92.2309888780557,94.17470651308925,191649200
1391,2020-07-14,93.9737777709961,94.16499745387678,90.89481289415856,91.82672629574613,170989200
1392,2020-07-15,94.62005615234375,96.09418202713559,93.42429428051739,95.84486367498508,153198000
1393,2020-07-16,93.4557876586914,94.31024858615012,92.85790656415841,93.49451766571708,110577600
1394,2020-07-17,93.26696014404297,94.06090662183887,92.79494615025625,93.90599401950857,92186800
1395,2020-07-20,95.23248291015625,95.37045717183655,93.01040144233045,93.35412562962276,90318000
1396,2020-07-21,93.9181137084961,96.09662665534265,93.66879530005893,96.02158957813295,103433200
1397,2020-07-22,94.18193817138672,94.86211761268852,93.53322731563136,93.620364272229,89001600
1398,2020-07-23,89.8951416015625,93.99316537476754,89.08667200224166,93.91570535175619,197004400
1399,2020-07-24,89.67245483398438,90.01617910353914,86.31270171716119,88.09666842369546,185438800
1400,2020-07-27,91.7977066040039,91.88968945823548,90.50996880574512,90.73265713883738,121214000
1401,2020-07-28,90.2896957397461,91.54597232497112,90.28484987143669,91.36926803254836,103625600
1402,2020-07-29,92.02040100097656,92.20436670679456,90.73507876836658,90.77138584530584,90329200
1403,2020-07-30,93.13384246826172,93.23792519284922,90.78830982976133,91.19496376791191,158130000
1404,2020-07-31,102.88392639160156,103.03400057454317,97.62160131671524,99.61615635027891,374336800
1405,2020-08-03,105.47633361816406,108.09054616095987,104.4645371706777,104.76226254133908,308151200
1406,2020-08-04,106.18070220947266,107.26995848073891,104.94378735797679,105.66511972582127,173071600
1407,2020-08-05,106.56558990478516,106.88510690463526,105.43760344433963,105.90235611566642,121776800
1408,2020-08-06,110.28356170654297,110.77735994512233,106.30899078686637,106.89718739322298,202428800
1409,2020-08-07,107.77619171142578,110.26174899503663,106.98081367668276,109.80586023116359,198045600
1410,2020-08-10,109.34268951416016,110.35873735584337,106.69708588297902,109.21901552378732,212403600
1411,2020-08-11,106.09088134765625,109.10507306907006,105.83141158748525,108.60796447088038,187902400
1412,2020-08-12,109.61673736572266,109.8737798216829,106.98568204543375,107.17967383850515,165598000
1413,2020-08-13,111.55664825439453,112.55814702285623,110.50664785344017,110.99406187884408,210082000
1414,2020-08-14,111.45723724365234,111.5469586132698,109.65065854076958,111.38206488530741,165565200
1415,2020-08-17,111.166259765625,112.60182410704658,110.54062998121614,112.57757328432733,119561600
1416,2020-08-18,112.09258270263672,112.51694618501556,110.58427334354063,110.91891544512356,105633600
1417,2020-08-19,112.23323822021484,113.64455185030188,112.1386696245519,112.49998249055456,145538000
1418,2020-08-20,114.72364044189453,114.837612647254,112.25747906222769,112.27445537799255,126907200
1419,2020-08-21,120.63563537597656,121.11819493819868,115.66936721789659,115.68148892938783,338054800
1420,2020-08-24,122.07845306396484,124.91805616382935,120.21610549023623,124.83317459173283,345937600
1421,2020-08-25,121.07695770263672,121.42130160395935,119.35768029886763,120.95329109467639,211495600
1422,2020-08-26,122.7234878540039,123.17937664467517,121.32672345710665,122.39127306939878,163022400
1423,2020-08-27,121.25643157958984,123.65711534895581,120.1142820569393,123.32490049343852,155552400
1424,2020-08-28,121.05996704101562,122.6458683430527,120.83686988582103,122.22877945314914,187630000
1425,2020-08-31,125.1654052734375,127.06656032182518,122.2166916072517,123.7492518971319,225702700
1426,2020-09-01,130.1510467529297,130.75244043183687,126.61064913629612,128.77368605712132,151948100
1427,2020-09-02,127.45451354980469,133.8369410345014,123.1866360174791,133.45865195686625,200119000
1428,2020-09-03,117.25043487548828,124.97142573807301,116.8818474811542,123.09938333499908,257599600
1429,2020-09-04,117.32801055908203,119.98573625952378,107.56037630423063,116.46473461185484,332607200
1430,2020-09-08,109.43241882324219,115.41715402612338,109.29662311428591,110.52848630276392,231366600
1431,2020-09-09,113.79730987548828,115.56266164657546,111.79916649731042,113.73911382379356,176940500
1432,2020-09-10,110.08232879638672,116.88184747247477,109.122056768908,116.7460517271874,182274400
1433,2020-09-11,108.63705444335938,111.77007275174712,106.6971070425851,111.12988655734183,180860300
1434,2020-09-14,111.89616394042969,112.44904864015743,109.41303369608222,111.27538137934282,140150100
1435,2020-09-15,112.07074737548828,115.26196131479541,110.19869808587379,114.77697452888815,184642000
1436,2020-09-16,108.76315307617188,112.51695412354394,108.67585899150183,111.77007759799923,154679000
1437,2020-09-17,107.02688598632812,108.83103751673956,105.44583164529507,106.42550707639862,178011000
1438,2020-09-18,103.6319580078125,107.55065156434694,102.90447793321525,107.08506846077829,287104900
1439,2020-09-21,106.77470397949219,106.88140167582651,100.0042844680874,101.40104892896447,195713800
1440,2020-09-22,108.45275115966797,109.47122644967507,105.8823269140235,109.29663089711133,183055400
1441,2020-09-23,103.90357208251953,108.74373815268274,103.56407541081022,108.26845317272523,150718700
1442,2020-09-24,104.97056579589844,106.93961142539536,101.847248976567,102.01214274645399,167743300
1443,2020-09-25,108.90863037109375,109.06382969318265,104.43705165768294,105.17423363698332,149981400
1444,2020-09-28,111.50817108154297,111.85736219121794,109.39362820642745,111.55667272467461,137672400
1445,2020-09-29,110.664306640625,111.84767585373268,110.15992352372166,111.11050109828263,99382200
1446,2020-09-30,112.33265686035156,113.7391232285353,110.20841939441779,110.3733131547286,142675200
1447,2020-10-01,113.28321838378906,114.18529413378772,112.35204460964711,114.10769446919807,116120400
1448,2020-10-02,109.62642669677734,111.90587086149135,108.85045216012577,109.50033277715342,144712000
1449,2020-10-05,113.001953125,113.14745068204762,110.14053323775403,110.48972441454302,106243800
1450,2020-10-06,109.76221466064453,112.63333559022071,108.87953514429641,112.22594105943094,161498200
1451,2020-10-07,111.62457275390625,112.08046156708008,110.70309331868141,111.17838574960963,96849000
1452,2020-10-08,111.51785278320312,112.90491516312255,111.1492581226096,112.75941766027303,83477200
1453,2020-10-09,113.45780944824219,113.48690747123634,111.46936067345082,111.81855175000258,100506900
1454,2020-10-12,120.66472625732422,121.42130453731181,115.6984583933761,116.45503667336371,240226800
1455,2020-10-13,117.46380615234375,121.62499394990238,116.05734733652297,121.50859444916024,262330500
1456,2020-10-14,117.55110931396484,119.33585728240598,116.02825097556021,117.36681195189107,150712000
1457,2020-10-15,117.08553314208984,117.56081821833106,114.60240265361523,115.15528740769942,112559200
1458,2020-10-16,115.44625854492188,117.90029805270329,115.24256497002679,117.63840102761567,115393800
1459,2020-10-19,112.49754333496094,116.80422116143153,112.18715207359088,116.35803418573154,120639300
1460,2020-10-20,113.98160552978516,115.40746797741103,112.15805033404632,112.71093501778782,124423700
1461,2020-10-21,113.36082458496094,115.14557257156684,112.9534300225298,113.16682541230045,89946000
1462,2020-10-22,112.27445220947266,114.49569279996962,111.14927920105526,113.92340448698165,101988000
1463,2020-10-23,111.58576965332031,113.05043193781697,110.84858760677534,112.89523260157101,82572600
1464,2020-10-26,111.59546661376953,113.05042702646372,109.49061825916863,110.58669317293085,111850700
1465,2020-10-27,113.09893035888672,113.75851276167866,111.10078693291935,112.02225897491293,92276800
1466,2020-10-28,107.86107635498047,111.96406850952522,107.76408046155812,111.59548115439539,143937800
1467,2020-10-29,111.85736083984375,113.41901900582575,108.83104039265947,108.99594153712782,146129200
1468,2020-10-30,105.59130859375,108.62732277738229,104.48553947126106,107.72524718795079,190272600
1469,2020-11-02,105.5040283203125,107.35668150297613,104.09756951905206,105.83382320217856,122866900
1470,2020-11-03,107.1239013671875,108.14236934595198,105.46524717293197,106.3673230400161,107624400
1471,2020-11-04,111.49846649169922,112.11924902667879,108.97653651830575,110.71279021468385,138235500
1472,2020-11-05,115.45597839355469,116.02826677461476,113.36083886704176,114.40840493014188,126387100
1473,2020-11-06,115.32479095458984,115.8203256136095,112.83736946099638,114.96527887670223,114457900
1474,2020-11-09,113.02200317382812,118.53124107554257,112.75966168887598,117.08348880826458,154515300
1475,2020-11-10,112.68191528320312,114.25597883957684,110.8940807658282,112.27382528066764,138023400
1476,2020-11-11,116.10209655761719,116.23812654293447,113.13857769111563,113.86731293234887,112295000
1477,2020-11-12,115.83004760742188,117.1126214574974,115.20819406878398,116.22842646880996,103162300
1478,2020-11-13,115.8786392211914,116.27701069114,114.52805029862242,116.0535360017511,81581900
1479,2020-11-16,116.88915252685547,117.55958400464418,114.80010971790968,115.54827474511946,91183000
1480,2020-11-17,116.00495147705078,117.24865863043144,115.58714291023577,116.16041857776305,74271000
1481,2020-11-18,114.68350982666016,116.42275908285534,114.65436159878705,115.24706694247119,76322100
1482,2020-11-19,115.27618408203125,115.68427398835739,113.49806853051076,114.25595190313857,74113000
1483,2020-11-20,114.0130615234375,115.40251710432108,113.96448361868471,115.27620565626937,73604300
1484,2020-11-23,110.62200164794922,114.28511473034199,110.52483843743296,113.85758770837712,127959300
1485,2020-11-24,111.90460205078125,112.56532241854126,109.39775058959653,110.68033196208322,113874200
1486,2020-11-25,112.74021911621094,113.43980625953591,111.90460196313715,112.27383262938065,76499200
1487,2020-11-27,113.2843246459961,114.15880846315034,112.92481998616722,113.26489496698315,46691300
1488,2020-11-30,115.67459106445312,117.54015173092947,113.49809620715159,113.65356330256418,169410200
1489,2020-12-01,119.24052429199219,119.96925956195165,116.60736173944143,117.57900876605405,127728200
1490,2020-12-02,119.59033966064453,119.87211823940518,117.46242991146435,118.56038858339666,89004200
1491,2020-12-03,119.45429992675781,120.27047995352808,118.74499426371094,120.01784962535093,78967600
1492,2020-12-04,118.78385925292969,119.3765645833526,118.07455360054387,119.12393425897255,78260400
1493,2020-12-07,120.24134063720703,121.03809104227989,118.78386984160453,118.84216630124308,86712000
1494,2020-12-08,120.85347747802734,121.43647173529656,119.60005168582639,120.84376634333147,82225500
1495,2020-12-09,118.32718658447266,122.37895334699282,117.56930300737729,120.99921619827668,115089200
1496,2020-12-10,119.74577331542969,120.35791566525569,116.74338766599487,117.08346263085474,81312200
1497,2020-12-11,118.93932342529297,119.27939842297663,117.13205925122674,118.95875310526962,86939800
1498,2020-12-14,118.32718658447266,119.85267228564851,118.09399334838469,119.12393693642923,79184500
1499,2020-12-15,124.25423431396484,124.27367140820184,120.61055751786674,120.81460252887871,157243700
1500,2020-12-16,124.18622589111328,124.73034594931227,122.97166689471923,123.79757294273104,98208600
1501,2020-12-17,125.05101776123047,125.90607221997152,124.40972691717467,125.24534427653631,94359800
1502,2020-12-18,123.0688247680664,125.43964605507787,122.5441344465272,125.30361605465058,192541500
1503,2020-12-21,124.59429931640625,124.67203286094654,119.94982751976666,121.47531311924551,121251600
1504,2020-12-22,128.14080810546875,130.599073771845,125.9740246713456,127.8784592702847,168904800
1505,2020-12-23,127.2469253540039,128.67523311498164,127.07202114631367,128.41289904268606,88223700
1506,2020-12-24,128.228271484375,129.67603102914552,127.3829432351903,127.59670678746939,54930100
1507,2020-12-28,132.81442260742188,133.44598718799116,129.7245776284665,130.19097883452193,124486200
1508,2020-12-29,131.04603576660156,134.85489050709643,130.53106400488656,134.13588116304936,121047300
1509,2020-12-30,129.92864990234375,132.13429294527648,129.61771571736733,131.7359140805847,96452100
1510,2020-12-31,128.92787170410156,130.91975146585497,127.9853727167279,130.27846074381847,99116600
1511,2021-01-04,125.74085998535156,129.82177500940742,123.16599358092327,129.73433032505793,143301900
1512,2021-01-05,127.29549407958984,128.00480720900393,124.7886425294723,125.23560676408721,97664900
1513,2021-01-06,123.0105209350586,127.33435496235823,122.7967573877346,124.0987683518539,155088000
1514,2021-01-07,127.2080307006836,127.89790663345559,124.23479308365204,124.72061661130184,109578200
1515,2021-01-08,128.30601501464844,128.8695721666665,126.53761000388556,128.67523086681507,105158200
1516,2021-01-11,125.3230209350586,126.47928319135579,124.85663454489163,125.52707332046941,100384500
1517,2021-01-12,125.14814758300781,126.01291289609365,123.26314986487158,124.85665049211372,91951100
1518,2021-01-13,127.17888641357422,127.72300640920702,124.84693933910279,125.10927337732423,88636800
1519,2021-01-14,125.2550277709961,127.28576659581172,125.10927181431389,127.09144014639318,90221800
1520,2021-01-15,123.53520202636719,126.52787663913662,123.39917203606663,125.1287025525268,111598500
1521,2021-01-19,124.20565032958984,125.0607045202907,123.34088500532488,124.15706500945309,90757300
1522,2021-01-20,128.28659057617188,128.7335548533042,124.90526215662156,125.01214395162096,104319500
1523,2021-01-21,132.98931884765625,135.70993338633443,129.80231790485385,130.00637029637122,120150900
1524,2021-01-22,135.12696838378906,135.88485193048166,131.19179469063414,132.4160646907934,114459400
1525,2021-01-25,138.86778259277344,140.97625472972098,132.66867020571667,139.01353853335786,157611700
1526,2021-01-26,139.10098266601562,140.2086596098709,137.36172630104042,139.5285097015661,98390600
1527,2021-01-27,138.03216552734375,140.208660067174,136.42895396495652,139.3633171255217,140843800
1528,2021-01-28,133.20309448242188,137.96417406452278,132.82415271471342,135.5642045936499,142621100
1529,2021-01-29,128.2185821533203,132.86305498594893,126.51819940588042,131.97885239900157,177523800
1530,2021-02-01,130.33673095703125,131.54157860190338,127.21773749244758,129.9577892114423,106239800
1531,2021-02-02,131.16265869140625,132.44522526454477,130.79342801715512,131.88166811874655,83305400
1532,2021-02-03,130.14242553710938,131.92054165395052,129.82178018887643,131.91081569341782,89880900
1533,2021-02-04,133.49456787109375,133.50427900274144,130.77395356806818,132.43547630144383,84183100
1534,2021-02-05,133.08103942871094,133.7232884555335,132.20525610000038,133.6551792335879,75693800
1535,2021-02-08,133.22702026367188,133.27567819524438,131.29054743428753,132.37068818260687,71297200
1536,2021-02-09,132.35116577148438,134.17087067010365,132.1954812442837,132.94475664834664,76774200
1537,2021-02-10,131.74786376953125,133.3048279995829,130.7844904817518,132.80853804149436,73046600
1538,2021-02-11,131.4949188232422,132.72101864864962,130.1715031243171,132.24419462572126,64280000
1539,2021-02-12,131.72840881347656,131.88410821935858,130.0936095966532,130.73585850968206,60145100
1540,2021-02-16,129.60708618164062,132.35121823326722,129.21783758857316,131.8452173347529,80576300
1541,2021-02-17,127.3202896118164,128.66317119438432,125.98714852369966,127.7192638281322,97918500
1542,2021-02-18,126.22067260742188,126.50286477250336,123.982542030246,125.72438263501022,96856700
1543,2021-02-19,126.3763656616211,127.19378012757379,125.33515742569439,126.73642239782728,87668800
1544,2021-02-22,122.6104736328125,126.23040308983671,122.22123254914695,124.56639727156255,103916400
1545,2021-02-23,122.47423553466797,123.30136816472337,115.20518512538801,120.43072920624994,158273000
1546,2021-02-24,121.97795867919922,122.18230857916163,118.94189453786483,121.57899194807914,111039900
1547,2021-02-25,117.73526000976562,123.05811336412599,117.29736837706596,121.32599812486836,148199500
1548,2021-02-26,117.99800109863281,121.49142336780443,117.93961010314024,119.29221728289741,164560400
1549,2021-03-01,124.35232543945312,124.48855870917815,119.48683030882653,120.42100448300808,116307900
1550,2021-03-02,121.75416564941406,125.25732102772348,121.64712415132996,124.95566267357219,102260900
1551,2021-03-03,118.7764663696289,122.32827934815643,118.56238339310273,121.45248872789318,112966300
1552,2021-03-04,116.89839935302734,120.27505462421279,115.42902496763867,118.47482266404644,178155000
1553,2021-03-05,118.15367126464844,118.65968686991202,114.40724183835442,117.7255127803743,153766600
1554,2021-03-08,113.22981262207031,117.74499188213018,113.08384627126932,117.67687524164398,154376600
1555,2021-03-09,117.8325424194336,118.7764495417566,115.59441940046939,115.82796105806665,129525800
1556,2021-03-10,116.75243377685547,118.88351576641335,116.23668501538924,118.41643235397203,111943300
1557,2021-03-11,118.67915344238281,119.89552719538874,117.99798711036199,119.24355264557505,103026500
1558,2021-03-12,117.77417755126953,117.91041082516712,115.9544870681418,117.16112781873039,88105100
1559,2021-03-15,120.65453338623047,120.66426645422422,117.18057052802266,118.14394380720245,92403800
1560,2021-03-16,122.19204711914062,123.79766203262986,121.36491441345117,122.31854732264155,115227900
1561,2021-03-17,121.40383911132812,122.47424657756945,119.04893377660937,120.71293967926185,111932600
1562,2021-03-18,117.28762817382812,119.86634216018179,117.08327826271949,119.57440947336566,121229700
1563,2021-03-19,116.76214599609375,118.16341092060107,116.4604876842397,116.67457065039011,185549500
1564,2021-03-22,120.07067108154297,120.53776181396455,117.02487423771213,117.09299086284075,111912300
1565,2021-03-23,119.2435531616211,120.89781850320577,118.85431207414345,120.01230226774646,95467100
1566,2021-03-24,116.85945892333984,119.59387224546333,116.84000020937296,119.51602254128295,88530500
1567,2021-03-25,117.34600830078125,118.38723138862223,115.79878440882977,116.32425877519718,98844700
1568,2021-03-26,117.94933319091797,118.21207408800578,115.72093550893463,117.11246742653448,94071200
1569,2021-03-29,118.12448120117188,119.28247132989765,117.48223975334861,118.37748900748083,80819200
1570,2021-03-30,116.67457580566406,117.16112532326552,115.66255191815422,116.8789257121579,85671900
1571,2021-03-31,118.8640365600586,120.19717735139929,117.89093762370798,118.37748709188328,118323800
1572,2021-04-01,119.69117736816406,120.83943448866229,119.19489479787379,120.33342627373456,75089100
1573,2021-04-05,122.51317596435547,122.76618380455446,119.75930377924526,120.53778601486208,88651200
1574,2021-04-06,122.8148193359375,123.71006860087718,122.26988629191437,123.09701892635115,80171300
1575,2021-04-07,124.45938873291016,124.47884745021324,121.77363287146659,122.44507369286691,83466700
1576,2021-04-08,126.85321044921875,126.88240223692625,125.06271151102148,125.48113703370569,88844600
1577,2021-04-09,129.4221649169922,129.4610823431084,125.987126690143,126.3082511367721,106686700
1578,2021-04-12,127.70953369140625,129.2762238665418,127.11594263503031,128.95509937555343,91420000
1579,2021-04-13,130.81365966796875,131.0374830743866,128.38091275888675,128.8772026312571,91266500
1580,2021-04-14,128.47828674316406,131.36839256751463,128.11824478906962,131.31000899099288,87222800
1581,2021-04-15,130.8817901611328,131.3683395669363,130.04492458921848,130.22009009642866,89347100
1582,2021-04-16,130.5509490966797,131.0472241792983,129.6946173321828,130.68718234573052,84922400
1583,2021-04-19,131.21266174316406,131.82571884662076,129.75301328602865,129.91843832937323,94264200
1584,2021-04-20,129.5292205810547,131.88411859918818,128.2641887932471,131.38784340823202,94812300
1585,2021-04-21,129.90870666503906,130.15198139662152,127.76789199677557,128.79937448295544,68847100
1586,2021-04-22,128.3906707763672,130.5412110225183,127.87492954910141,129.46107065350094,84566500
1587,2021-04-23,130.7066650390625,131.4851323617936,128.60476763173878,128.60476763173878,78657500
1588,2021-04-26,131.09591674804688,131.42676689058607,129.9671181870508,131.20295824690538,66905100
1589,2021-04-27,130.77479553222656,131.76736083305914,130.5023289552631,131.3781122600293,66015800
1590,2021-04-28,129.98655700683594,131.38782184344353,129.50000754125335,130.69691506905932,107760100
1591,2021-04-29,129.88926696777344,133.38270410909877,128.88697605750357,132.7988386951313,151101000
1592,2021-04-30,127.92359161376953,129.96709045367274,127.54408362576527,128.23497554962137,109839500
1593,2021-05-03,128.97454833984375,130.46340362512916,128.28365629304724,128.48799878924353,75135100
1594,2021-05-04,124.41070556640625,127.95279275381809,123.29164023246338,127.66086008438737,137564700
1595,2021-05-05,124.65398406982422,126.9407577416854,124.5274764521898,125.72438402846821,84000900
1596,2021-05-06,126.24987030029297,126.25959594495404,123.71007387822482,124.44963120105919,78128300
1597,2021-05-07,126.92244720458984,127.94592476658238,126.21086763240989,127.54628780481441,78973300
1598,2021-05-10,123.64728546142578,126.26936319427197,123.60829449035425,126.14265555263232,88071200
1599,2021-05-11,122.73101043701172,123.0819142652862,119.67028275042819,120.38185488141869,126142800
1600,2021-05-12,119.67028045654297,121.49306907963458,119.1634127705143,120.28437887697672,112172300
1601,2021-05-13,121.81475830078125,122.96496595514449,121.1226852750631,121.43460561674969,105861300
1602,2021-05-14,124.23211669921875,124.66100988052594,122.67251527187383,123.06241748790161,81918000
1603,2021-05-17,123.08191680908203,123.72525662054227,122.0096912267483,123.61803331863223,74244600
1604,2021-05-18,121.6977767944336,123.78374532662899,121.62954445690447,123.36460169987382,63342900
1605,2021-05-19,121.54183197021484,121.76602077062454,119.75803398561095,120.0504625668393,92612000
1606,2021-05-20,124.09567260742188,124.49532449020155,121.94147161685788,122.06819413421118,76857100
1607,2021-05-21,122.26311492919922,124.76822668310021,122.04866834970511,124.59277106685647,79295400
1608,2021-05-24,123.89096069335938,124.70975612799803,122.76025239580743,122.82848472896345,63092900
1609,2021-05-25,123.69601440429688,125.08016771850949,123.13065653206684,124.59278434432386,72009500
1610,2021-05-26,123.64728546142578,124.17365241574042,123.228141818366,123.75450877268065,56575900
1611,2021-05-27,122.11692810058594,124.41734339161216,121.92198067731965,123.24764397847942,94625600
1612,2021-05-28,121.46383666992188,122.62379382802953,121.4053539348129,122.39959761550023,71311100
1613,2021-06-01,121.14218139648438,122.18516577367905,120.81076927511776,121.92198599710954,67637100
1614,2021-06-02,121.90245819091797,122.07791381305455,120.91796422365286,121.14215297391479,59278900
1615,2021-06-03,120.42086029052734,121.69778300232346,120.02120840977952,121.5320769508381,76229200
1616,2021-06-04,122.71151733398438,122.97470451422886,120.72302254551224,120.93746915555829,75169300
1617,2021-06-07,122.72126007080078,123.13065406520676,121.67827588309044,122.98443979955707,71057600
1618,2021-06-08,123.54005432128906,125.21663622404847,123.02343700167279,123.4035896495703,74403800
1619,2021-06-09,123.92021179199219,124.52456067367201,123.32561251203367,123.99819373222839,56877900
1620,2021-06-10,122.92597198486328,124.95345787476269,122.7602659341765,123.81299241371467,71186400
1621,2021-06-11,124.13465881347656,124.22239035571975,122.91621888119515,123.33536251537065,53522400
1622,2021-06-14,127.18560028076172,127.24408300420586,123.8617007821636,124.59276457227712,96906500
1623,2021-06-15,126.36680603027344,127.30257417876281,126.12311811252965,126.659234506272,62746300
1624,2021-06-16,126.86395263671875,127.58527439037435,125.2166344350542,127.07839924257492,91815000
1625,2021-06-17,128.46255493164062,129.20337594415264,126.37658632134162,126.52280804022224,96721700
1626,2021-06-18,127.16612243652344,128.1895998960208,126.95167585727805,127.40981037898122,108953300
1627,2021-06-21,128.9596710205078,129.066894317528,125.94769141357571,127.01016734634604,79663300
1628,2021-06-22,130.5972900390625,130.69477120433336,128.2968743499232,128.79400746985203,74783600
1629,2021-06-23,130.32431030273438,130.9286665216875,129.8661757752273,130.39255006678223,60214200
1630,2021-06-24,130.0416717529297,131.240612583958,129.57378007008424,131.0554073186903,68711000
1631,2021-06-25,129.74923706054688,130.50954241745376,129.4568084909208,130.09040620403312,70783700
1632,2021-06-28,131.3770294189453,131.83516389556277,129.9831416645566,130.04162438522602,62111300
1633,2021-06-29,132.887939453125,133.04390333984907,130.95793469390316,131.39657011097157,64556100
1634,2021-06-30,133.50205993652344,133.94069542579433,132.4395687976653,132.73199741502498,63261400
1635,2021-07-01,133.80418395996094,133.86266668828733,132.33229922059724,133.15110203776288,52485800
1636,2021-07-02,136.42633056640625,136.46531411179538,134.2721215635701,134.4183284507029,78852600
1637,2021-07-06,138.4342803955078,139.53574001915328,136.53351700878477,136.53351700878477,108181800
1638,2021-07-07,140.91990661621094,141.2318195282519,139.0581266890823,139.91589835234652,104911600
1639,2021-07-08,139.6234588623047,140.42274763655988,137.11833949517367,138.00536723887996,105575500
1640,2021-07-09,141.44627380371094,141.972633378387,139.04837716154248,139.14585831818513,99890800
1641,2021-07-12,140.85166931152344,142.62572515772004,140.36429329314447,142.51850183873523,76299700
1642,2021-07-13,141.96287536621094,143.7369310790402,140.00362927408963,140.39352411006757,100827100
1643,2021-07-14,145.3842315673828,145.79364043052715,143.95134516697595,144.3607540301203,127050800
1644,2021-07-15,144.7311553955078,146.21278242197315,143.37625087333885,145.47197634550716,106820300
1645,2021-07-16,142.6939239501953,145.97883295333372,142.19680585690423,144.71166743629377,93251400
1646,2021-07-19,138.8533935546875,140.43250161447835,138.09308832622733,140.1205738932986,121434600
1647,2021-07-20,142.45994567871094,143.38597163190832,139.35050045305252,139.83787627114395,96350000
1648,2021-07-21,141.7289276123047,142.4405072449087,140.97837931958148,141.85565012536404,74993500
1649,2021-07-22,143.09356689453125,144.45821346206498,142.1285572602189,142.25527975346566,77338200
1650,2021-07-23,144.8091278076172,144.96509166825837,143.210535419876,143.82463382519293,71447400
1651,2021-07-26,145.228271484375,146.04705940106285,143.97083337261068,144.52644902049065,72434100
1652,2021-07-27,143.0643310546875,145.44272791296905,141.87513262554674,145.35498894389306,104818600
1653,2021-07-28,141.3195343017578,143.25929604709813,138.94113715127986,141.15382825419624,118931200
1654,2021-07-29,141.96287536621094,142.84990322262558,140.92964066468824,141.03686397561236,56699500
1655,2021-07-30,142.17733764648438,142.63547230965827,140.47152152252852,140.73470874624329,70440600
1656,2021-08-02,141.84591674804688,143.2398049839172,141.58272954059322,142.66470486730785,62880000
1657,2021-08-03,143.63941955566406,144.30224361135603,141.51445299043982,142.12855135709023,64786600
1658,2021-08-04,143.2397918701172,144.058579914417,142.58670986762564,143.5517196242508,56368300
1659,2021-08-05,143.34703063964844,144.10733603044793,142.4795019309908,143.2690486927029,46397700
1660,2021-08-06,142.66368103027344,143.61060825982952,142.16581806356817,142.86869219057516,54126800
1661,2021-08-09,142.6148681640625,143.21035833317768,142.05843483321482,142.72225212556916,48908700
1662,2021-08-10,142.1365203857422,144.19632898598317,141.84365370926938,142.95653516321173,69023100
1663,2021-08-11,142.39036560058594,143.22990900393347,142.06821366601775,142.57584837162412,48493500
1664,2021-08-12,145.34823608398438,145.5044336133679,142.37078584930737,142.71246608285676,72282600
1665,2021-08-13,145.5532989501953,145.88520764627282,144.74304073624972,145.42638655047446,59375000
1666,2021-08-16,147.52520751953125,147.59354953492934,142.98582599022765,145.00657783567002,103296000
1667,2021-08-17,146.61732482910156,148.07187159409528,145.5434853619502,146.65636676617194,92229700
1668,2021-08-18,142.87843322753906,147.134719463398,142.67342208980006,146.23660593235846,86326000
1669,2021-08-19,143.21035766601562,144.4794367790495,141.06269334170713,141.5800847276963,86960300
1670,2021-08-20,144.66493225097656,144.96755574158394,143.288469055807,143.9327728785443,60549600
1671,2021-08-23,146.1487579345703,146.61733569322215,144.37204430196212,144.7820517027598,60131800
1672,2021-08-24,146.06092834472656,147.2714373635395,145.60210721881165,145.89497398579473,48606400
1673,2021-08-25,144.8308563232422,146.74423897086186,144.28417982272728,146.24636116832204,58991300
1674,2021-08-26,144.0303497314453,145.57276688380205,144.00106455542348,144.82109417148567,48597200
1675,2021-08-27,145.06512451171875,145.21155036889095,143.3372249180138,143.97175682684613,55802400
1676,2021-08-30,149.47760009765625,149.8388087234133,145.07488865020937,145.45561079403902,90956700
1677,2021-08-31,148.2183074951172,149.16523456794167,147.69114453920625,149.02856544896787,86453100
1678,2021-09-01,148.8821258544922,151.293371319359,148.71617155840954,149.1945209265185,80313700
1679,2021-09-02,149.99505615234375,151.03961075732303,148.77479043390352,150.20982411045497,71115500
1680,2021-09-03,150.6295623779297,150.9517142276546,149.44833892893834,150.10239938899159,57808700
1681,2021-09-07,152.9627227783203,153.51915609845358,150.71743128739138,151.28363626481305,82278300
1682,2021-09-08,151.42030334472656,153.3043860941943,150.31717858511598,153.24581573453693,74420200
1683,2021-09-09,150.40504455566406,152.39651120399355,150.28788894400816,151.79126431107525,57305700
1684,2021-09-10,145.4263458251953,151.78148246152148,145.16276433644302,151.3129047338198,140893200
1685,2021-09-13,145.99256896972656,147.818081410703,145.21159606216116,147.04688016056696,102404300
1686,2021-09-14,144.59654235839844,147.4763801866019,143.4153339702326,146.7735062300835,109296300
1687,2021-09-15,145.48492431640625,145.8851749521173,142.88819590848047,145.02610332343372,83281300
1688,2021-09-16,145.25062561035156,145.42635157507343,143.71798000246844,144.90896023332135,68034100
1689,2021-09-17,142.58555603027344,145.27991132028194,142.29268938190515,145.27991132028194,129868800
1690,2021-09-20,139.539794921875,141.3945924183066,137.90952209387459,140.37933813407227,123478900
1691,2021-09-21,140.0181427001953,141.16032435989862,139.38361057442205,140.50624891873463,75834000
1692,2021-09-22,142.38059997558594,142.94679012081193,140.28173414994058,141.01389352952881,76404300
1693,2021-09-23,143.33724975585938,143.5813028239796,142.17555476827644,143.1615238009879,64838200
1694,2021-09-24,143.4250946044922,143.96201429353556,142.09744541695585,142.19507259526048,53477900
1695,2021-09-27,141.91197204589844,142.48794860245857,140.39885495340664,142.00959923062172,74150700
1696,2021-09-28,138.53433227539062,141.3067724570639,138.31956431384194,139.84245357149845,108972300
1697,2021-09-29,139.4324188232422,141.013878143942,138.65144592439347,139.08098176355122,74602000
1698,2021-09-30,138.13404846191406,140.9455448156453,137.9192805517919,140.2426707272125,89056700
1699,2021-10-01,139.25668334960938,139.5202648503588,135.80089824481317,138.52452409983053,94639600
1700,2021-10-04,135.8302001953125,138.82717957779718,134.98090012736012,138.3878720570302,98322000
1701,2021-10-05,137.7533416748047,138.85646652806082,136.04496985928344,136.17188224652747,80861100
1702,2021-10-06,138.6221466064453,138.76857249312508,135.07849119061893,136.15233067899587,83221100
1703,2021-10-07,139.8814697265625,140.78935501402486,139.32503639848235,139.6569450430087,61732700
1704,2021-10-08,139.500732421875,140.7502829805711,139.16882381318146,140.60385709315267,58773200
1705,2021-10-11,139.41290283203125,141.3653278052875,138.43669034540312,138.88575464341304,64452200
1706,2021-10-12,138.143798828125,139.84241361250955,137.68497785008697,139.82288519545196,73035900
1707,2021-10-13,137.55809020996094,138.03642474342516,135.88876048394778,137.88024208325538,78762700
1708,2021-10-14,140.34027099609375,140.45742659800283,138.14379338196727,138.7295267040612,69907100
1709,2021-10-15,141.39459228515625,141.45316264244676,140.0962280805495,140.35005282323274,67940300
1710,2021-10-18,143.06390380859375,143.34699879821167,139.75454497889402,140.03763996851194,85589200
1711,2021-10-19,145.22137451171875,145.62162523479623,143.06395310397025,143.5130025382052,76378900
1712,2021-10-20,145.70945739746094,146.18780683574556,144.59657585778285,145.16278083703227,58418800
1713,2021-10-21,145.92417907714844,146.0803765865811,144.3524770160413,145.27011876419027,61421000
1714,2021-10-22,145.1529998779297,146.60754657748723,145.10418628692474,146.129212114762,58883400
1715,2021-10-25,145.10421752929688,145.8168484447923,144.1084766625064,145.14325947301697,50720600
1716,2021-10-26,145.76803588867188,147.2518679421637,145.46539754636262,145.77779264971988,60893400
1717,2021-10-27,145.3092041015625,146.16826078037482,144.95776708428832,145.80706700277705,56094900
1718,2021-10-28,148.9407501220703,149.5264686918417,146.1585385042387,146.25616571377768,100077900
1719,2021-10-29,146.2366180419922,146.373287179863,142.92725865743117,143.7179883048137,124953200
1720,2021-11-01,145.41659545898438,146.1389830509936,144.28418557941234,145.44588063726485,74588300
1721,2021-11-02,146.4513702392578,147.96450225059075,145.11394928812004,145.12372094423125,69122000
1722,2021-11-03,147.8864288330078,148.35500663634056,146.25615583539988,146.8125891838913,54511500
1723,2021-11-04,147.36900329589844,148.80402155525002,147.05660823548425,147.97425010568048,60394600
1724,2021-11-05,147.89694213867188,148.79636649786093,146.70422366033108,148.49330137784227,65463900
1725,2021-11-08,147.07571411132812,148.18044870579655,146.80197694204415,148.02402320404659,55020900
1726,2021-11-09,147.43748474121094,148.04361511790856,146.7042567367947,146.84112536758323,56787900
1727,2021-11-10,144.6121063232422,146.77269130050686,144.54367946999045,146.66515060177312,65187100
1728,2021-11-11,144.5631866455078,146.0882980655143,144.37743321812488,145.62882237351127,41000000
1729,2021-11-12,146.63580322265625,147.03662312152338,144.18192440007093,145.11067671997742,63804000
1730,2021-11-15,146.6455535888672,148.48351596746593,146.08829332480207,147.00727451410145,59222800
1731,2021-11-16,147.62318420410156,148.1022316953491,146.00030323462437,146.58689139053743,59256200
1732,2021-11-17,150.0575408935547,151.53376771191043,147.61344786594324,147.62321886773208,88807000
1733,2021-11-18,154.33953857421875,155.12165110785514,149.62733629184328,150.27258025090998,137827700
1734,2021-11-19,156.9596405029297,157.41913113659675,153.02953515610952,154.12448394226502,117305600
1735,2021-11-22,157.4191436767578,161.99447854129045,157.3995867561447,158.06437288139423,117467900
1736,2021-11-23,157.80044555664062,158.18172351994562,155.50299185623751,157.51692237613375,96041900
1737,2021-11-24,158.3185577392578,158.51408217991857,156.06998937776268,157.15516717862224,69463600
1738,2021-11-26,153.30325317382812,156.8618512011978,152.86331951425362,156.0015407986573,76959800
1739,2021-11-29,156.6565704345703,157.58532267329434,155.2389847402696,155.8060160344783,88748200
1740,2021-11-30,161.60340881347656,161.8184901598309,156.34371666317804,156.41215841772612,174048100
1741,2021-12-01,161.0852813720703,166.49161375206606,160.8506430799377,163.73466976035556,152052500
1742,2021-12-02,160.09786987304688,160.52803264766237,154.27116024660182,155.19014164372396,136739200
1743,2021-12-03,158.22080993652344,161.27104831929452,156.1482237273482,160.35206691181173,118023100
1744,2021-12-06,161.6229705810547,164.12571914002814,160.6062196554979,160.61599065605895,107497000
1745,2021-12-07,167.35191345214844,167.7429772469704,164.57542763792551,165.2988844701773,120405400
1746,2021-12-08,171.16470336914062,172.02502878126478,166.88264814477856,168.2806769394803,116998900
1747,2021-12-09,170.6563262939453,172.79735388590385,170.03063915946248,170.9985052389604,108923700
1748,2021-12-10,175.43698120117188,175.61296364291238,170.78343380069845,171.29180928871014,115402700
1749,2021-12-13,171.8099365234375,178.0570365302883,171.6046261840087,177.06961358561998,153237000
1750,2021-12-14,170.43145751953125,173.76520322122326,168.35887188331523,171.3308817563336,139380400
1751,2021-12-15,175.29034423828125,175.4858686850592,168.45665517933287,171.19404218690133,131063300
1752,2021-12-16,168.4077911376953,177.08921488839127,166.93156422700537,175.27080896540932,150185800
1753,2021-12-17,167.31280517578125,169.59070130648584,165.89523442801953,166.12985777423478,195432700
1754,2021-12-20,165.95387268066406,166.76531314131543,163.7150906232475,164.51674516713837,107499100
1755,2021-12-21,169.12144470214844,169.3267401361631,165.3379790393109,167.72341591348743,91185900
1756,2021-12-22,171.71218872070312,171.92727008747283,168.30022969109157,169.1703261593658,92135300
1757,2021-12-23,172.33782958984375,172.89508977696892,171.350421702329,171.91745288802377,68356600
1758,2021-12-27,176.2973175048828,176.38530127238838,173.11022561335014,173.12976761664484,74919600
1759,2021-12-28,175.28054809570312,177.2749361221624,174.5375492742612,176.1311025117923,79144300
1760,2021-12-29,175.36859130859375,176.59063798697883,174.15631563331343,175.31970645794595,62348900
1761,2021-12-30,174.21493530273438,176.53194546765312,174.10739462067014,175.45653864701075,59773000
1762,2021-12-31,173.59901428222656,175.22188041192248,173.29593427269404,174.1073747963206,64062300
1763,2022-01-03,177.93971252441406,178.79026689432098,173.73588518068755,173.85319685203027,104487900
1764,2022-01-04,175.681396484375,178.8489462858369,175.1143651356069,178.5458811499138,99310400
1765,2022-01-05,171.0082550048828,176.1408490374331,170.7345178498846,175.5933747274367,94537600
1766,2022-01-06,168.15359497070312,171.37980064842037,167.80164498917833,168.83793801323478,96904000
1767,2022-01-07,168.31976318359375,170.2457092977057,167.2052575825263,169.0236630282213,86709100
1768,2022-01-10,168.33934020996094,168.64240533418686,164.40923476090865,165.29888813158135,106765600
1769,2022-01-11,171.16470336914062,171.26245812752686,166.99997473942338,168.46643037323963,76138300
1770,2022-01-12,171.60464477539062,173.21774007794218,170.91053076473975,172.18144710369126,74805200
1771,2022-01-13,168.33934020996094,172.6702655459411,167.94827640647682,171.84905393496265,84505800
1772,2022-01-14,169.19964599609375,169.89375992557677,167.26391395832079,167.50832321300913,80440800
1773,2022-01-18,166.0028076171875,168.68152412823068,165.62152968734614,167.67455895666092,90956700
1774,2022-01-19,162.51260375976562,167.25414945182573,162.22909557704548,166.19829964047344,94815000
1775,2022-01-20,160.83106994628906,165.8854518373375,160.50844792121475,163.24583471657064,91420500
1776,2022-01-21,158.77804565429688,162.61038131219433,158.67050497614542,160.74309086318223,122848900
1777,2022-01-24,158.00572204589844,158.67052310978175,151.24047430258736,156.44151145113545,162294600
1778,2022-01-25,156.20684814453125,159.1202024043847,153.5085752311325,155.4247355135648,115798400
1779,2022-01-26,156.11888122558594,160.71377291639465,154.29070450112417,159.84367643647036,108275300
1780,2022-01-27,155.65936279296875,160.17604091465265,154.7403816352541,158.817126094803,121954600
1781,2022-01-28,166.52093505859375,166.54049197821774,159.15932862262193,162.00425626677838,179935700
1782,2022-01-31,170.8714141845703,171.0864955438015,165.71926239899202,166.35473547583268,115541600
1783,2022-02-01,170.7052459716797,170.93009836904955,168.45667724529795,170.1186576369502,86213900
1784,2022-02-02,171.90771484375,171.94682868403083,169.45385093947993,170.84209391826516,84914300
1785,2022-02-03,169.03343200683594,172.2987509371964,168.27087633720052,170.57810026310062,89418100
1786,2022-02-04,168.7495880126953,170.4234840013588,167.07569202403184,168.05457472378333,82465400
1787,2022-02-07,168.03500366210938,170.2766384169295,167.33999039041194,169.20965988540354,77251200
1788,2022-02-08,171.13807678222656,171.6471000057892,167.80986639624405,168.1035342150904,74829200
1789,2022-02-09,172.55743408203125,172.91961588647231,171.20657123174874,172.3322952525055,71285000
1790,2022-02-10,168.48524475097656,171.77429042410176,167.92728951408122,170.46259150846328,90865900
1791,2022-02-11,165.07879638671875,169.42503845048873,164.49146072642745,168.69087634340775,98670700
1792,2022-02-14,165.31370544433594,165.99892030677,163.04269054419584,163.83558309476697,86185500
1793,2022-02-15,169.14114379882812,169.29776862360237,166.65478818594016,167.3595849608588,62527400
1794,2022-02-16,168.90618896484375,169.67949961629867,166.4589825612284,168.22097415914394,61177400
1795,2022-02-17,165.31370544433594,168.27971865617212,164.91235997613748,167.4182971510757,69589300
1796,2022-02-18,163.76707458496094,166.93864489391834,162.68051421778296,166.23386310925557,82772700
1797,2022-02-22,160.85000610351562,163.16995323151656,158.72581758393332,161.49605730830203,91162800
1798,2022-02-23,156.68975830078125,162.6413518716535,156.37650867254357,162.04423283731927,90009200
1799,2022-02-24,159.30337524414062,159.4110529381091,148.7901697172211,149.3579234730035,141147500
1800,2022-02-25,161.3688201904297,161.6331077669388,157.47285626304333,160.38013909716133,91974200
1801,2022-02-28,161.63311767578125,161.92678549313706,158.99992064321486,159.61662156600548,95056600
1802,2022-03-01,159.753662109375,163.08187242749526,158.54964050687724,161.2219862371019,83474400
1803,2022-03-02,163.042724609375,163.82583387430233,159.50895693417934,160.91855062373517,79724800
1804,2022-03-03,162.71966552734375,165.34307890598984,162.0540324670775,164.91236813214016,76678400
1805,2022-03-04,159.72427368164062,162.05401907314567,158.67687705595137,161.01640589639365,83737200
1806,2022-03-07,155.93600463867188,161.53521443024337,155.68148559760553,159.91026569329455,96418800
1807,2022-03-08,154.1152801513672,159.44040392728598,152.50991327214726,155.46614292973925,131148300
1808,2022-03-09,159.50892639160156,159.95921898709753,156.04368834876885,158.06996768709067,91454900
1809,2022-03-10,155.1724853515625,157.0029911685478,152.6861150001443,156.81700107101284,105342000
1810,2022-03-11,151.46249389648438,155.91641251914996,151.23735509056115,155.57379764949783,96970100
1811,2022-03-14,147.4392852783203,150.86537421208124,146.9302771053436,148.2517595892854,108732100
1812,2022-03-15,151.81491088867188,152.28478532825997,147.20438184151632,147.713390079557,92964300
1813,2022-03-16,156.21987915039062,156.6212246232631,151.19822129277074,153.73352378158447,102300200
1814,2022-03-17,157.22813415527344,157.60011436017203,154.30128444798586,155.26058530967927,75615400
1815,2022-03-18,160.51719665527344,161.00663805311925,156.3863100625295,157.12047215929823,123511700
1816,2022-03-21,161.8876190185547,162.83713639325782,159.56765695852218,160.05709828830467,95811400
1817,2022-03-22,165.25498962402344,165.84231029999864,161.42755456550663,162.01487524148183,81532000
1818,2022-03-23,166.61561584472656,168.9942934206818,164.1096638130363,164.4424952526729,98062700
1819,2022-03-24,170.3941192626953,170.46263328488442,166.61563143205333,167.4476727675763,90131400
1820,2022-03-25,171.03036499023438,171.578536843318,169.10196511927478,170.20810721060892,80546200
1821,2022-03-28,171.8917999267578,172.0190445148475,168.36781639958284,168.53422465828777,90371900
1822,2022-03-29,175.1808319091797,175.22976408859992,172.61614940998814,172.95876428530602,100589400
1823,2022-03-30,174.01597595214844,175.81711647524634,172.96856432856262,174.77950323773482,92633200
1824,2022-03-31,170.9227294921875,174.27050693821633,170.71715752826566,174.0845168128981,103049300
1825,2022-04-01,170.62904357910156,171.18701389593227,168.30909632537671,170.35495761395958,78751300
1826,2022-04-04,174.6718292236328,174.72077634534207,170.75629847192283,170.88355800105404,76468400
1827,2022-04-05,171.36318969726562,174.53477477488693,170.73670541562527,173.7516656886956,73401800
1828,2022-04-06,168.201416015625,169.9634078617043,166.537318414103,168.7202226513366,89058800
1829,2022-04-07,168.50486755371094,169.69910564386342,166.26323274049562,167.54556668896316,77594700
1830,2022-04-08,166.4981689453125,168.15248323813117,165.6269638660641,168.15248323813117,76575500
1831,2022-04-11,162.24978637695312,165.46052001953282,162.0050657338506,165.1472853633742,72246700
1832,2022-04-12,164.11949157714844,166.2828141709391,163.12102695263263,164.4718899777678,79265200
1833,2022-04-13,166.80157470703125,167.4280589196407,163.24824133176645,163.85514371182387,70618900
1834,2022-04-14,161.79949951171875,167.65322825491936,161.55477886000992,167.01694559853848,75329400
1835,2022-04-18,161.5841827392578,163.08187215208477,160.1158586140106,160.45845861462905,69023900
1836,2022-04-19,163.8649444580078,164.2760883021938,160.44865367684753,161.53521398147984,67723800
1837,2022-04-20,163.6985626220703,165.3137281661249,162.59243524088046,165.1962520760154,67929800
1838,2022-04-21,162.9056396484375,167.90773030576432,162.40641490220864,165.34306268686478,87227800
1839,2022-04-22,158.37339782714844,164.32500539707067,158.08952846576778,162.9447923826861,84882400
1840,2022-04-25,159.4403839111328,159.72425325965065,155.11372512050855,157.71754117840766,96046400
1841,2022-04-26,153.48880004882812,158.91180327087787,153.41048764569481,158.82370741856425,95623200
1842,2022-04-27,153.26365661621094,156.41564486229873,152.0987839265491,152.61759051221244,88063200
1843,2022-04-28,160.18434143066406,161.0457628626786,155.57379800357486,155.88704759214835,130216800
1844,2022-04-29,154.32083129882812,162.69028026576657,153.9292842451666,158.42235165998022,131747600
1845,2022-05-02,154.62429809570312,154.88858563658798,150.0333364297974,153.40069487713816,123055300
1846,2022-05-03,156.11221313476562,157.31624964341847,153.01895506893698,154.81029731534235,88966500
1847,2022-05-04,162.51409912109375,162.964376768375,155.8968429541357,156.29818841895514,108256500
1848,2022-05-05,153.45947265625,160.615104090122,151.67789865233715,160.38996521087574,130525300
1849,2022-05-06,154.18487548828125,156.3023722983105,151.14587460582203,152.93986371222095,116124600
1850,2022-05-09,149.06756591796875,152.763379211531,148.50879088738637,151.88108159062776,131577900
1851,2022-05-10,151.46939086914062,153.6555174482576,149.92048190900607,152.45952464307157,115366700
1852,2022-05-11,143.6170196533203,152.3908891933398,142.94059580220576,150.4792663261752,142689800
1853,2022-05-12,139.75454711914062,143.32291464808353,136.06854586723028,139.9604210928437,182602000
1854,2022-05-13,144.21502685546875,145.1855500570958,140.2937427481442,141.744613679471,113990900
1855,2022-05-16,142.67587280273438,144.61691862288893,141.34263600841436,142.68568558350242,86643800
1856,2022-05-17,146.30308532714844,146.82265416778552,143.79345144967377,145.93055862687706,78336300
1857,2022-05-18,138.0487823486328,144.46007380411618,137.14687404841018,143.96011558077154,109742900
1858,2022-05-19,134.64706420898438,138.87224434894858,133.91182362893935,137.127274568989,136095600
1859,2022-05-20,134.88235473632812,137.93115346240322,130.00036063657,136.3528361484188,137426100
1860,2022-05-23,140.29373168945312,140.44077384848245,134.94117272312687,135.07841705772444,117726300
1861,2022-05-24,137.5978240966797,139.1761411372566,134.62745335548652,138.0389654521871,104132700
1862,2022-05-25,137.75469970703125,138.99969650386015,135.61759232548434,135.7058176181396,92482700
1863,2022-05-26,140.95053100585938,141.49950829001511,134.44120114221013,134.68628135538745,90601500
1864,2022-05-27,146.69520568847656,146.73441193920726,142.4013957458045,142.5288422380691,90978500
1865,2022-05-31,145.9109649658203,147.69515625482543,143.95032308788612,146.13644955191023,103718400
1866,2022-06-01,145.7834930419922,148.7538634677618,144.77374899266687,146.9500620711425,74286600
1867,2022-06-02,148.2342987060547,148.2931155543275,143.96989770419586,144.92080997395743,72348100
1868,2022-06-03,142.51905822753906,145.05808578629097,141.6171647882395,144.0091352358549,88570300
1869,2022-06-06,143.26409912109375,145.64628674294468,142.04849579123675,144.13658414441952,71598400
1870,2022-06-07,145.7834930419922,146.06777945381725,141.26421416659088,141.5092943334597,67808200
1871,2022-06-08,145.04827880859375,146.9206802540853,144.55811838609154,145.6560729457736,53950200
1872,2022-06-09,139.83299255371094,145.0384948829892,139.72515664096548,144.18562036487367,69473000
1873,2022-06-10,134.43142700195312,137.98998215242344,134.36279735008839,137.5194322486073,91437900
1874,2022-06-13,129.28475952148438,132.53941799813305,128.85341581720851,130.2552678975913,122207100
1875,2022-06-14,130.14735412597656,131.25512116222714,128.89254498690727,130.51008291043752,84784300
1876,2022-06-15,132.7648468017578,134.63726323315953,129.5592083618082,131.64728162043858,91533000
1877,2022-06-16,127.50051879882812,129.78466802101963,126.50058741056863,129.48077097128098,108123900
1878,2022-06-17,128.9710235595703,130.4611156124141,127.25546187351353,127.5103548974603,134520300
1879,2022-06-21,133.1961669921875,134.36275100339577,130.696361206463,130.7943843000857,81000500
1880,2022-06-22,132.6864471435547,135.04900927487205,131.2747825760473,132.13745484401576,73409200
1881,2022-06-23,135.54896545410156,135.8626603415122,132.9609190593017,134.12750324123766,72433800
1882,2022-06-24,138.87225341796875,139.117333627322,137.01944763359853,137.1468791706762,89116800
1883,2022-06-27,138.87225341796875,140.66624234545563,138.19582964679236,139.89178050713437,70207900
1884,2022-06-28,134.73529052734375,140.59760460905184,134.61765682035212,139.33299738336785,67083400
1885,2022-06-29,136.49008178710938,137.90174634957765,133.98046254650382,134.75492447437682,66242400
1886,2022-06-30,134.0294952392578,135.6470189893978,131.13755113159218,134.54906419941244,98964500
1887,2022-07-01,136.1959686279297,136.3038045198631,132.9903302157903,133.36284196732555,71051600
1888,2022-07-05,138.77423095703125,138.82324999611623,134.23534018265374,135.05882114715405,73353800
1889,2022-07-06,140.10745239257812,141.28383440664965,138.30366564043456,138.56835645511603,74064300
1890,2022-07-07,143.46995544433594,143.66601661315485,140.46036340026106,140.4701612232241,66253700
1891,2022-07-08,144.1463623046875,144.646335480772,142.14651447587394,142.4013924960781,64547800
1892,2022-07-11,142.0190887451172,143.7542609845207,140.95054251842944,142.80334848304327,63141600
1893,2022-07-12,142.98960876464844,145.52863633565593,142.19555121961218,142.89157069008422,77588800
1894,2022-07-13,142.6268768310547,143.5679764107693,139.32318560371215,140.1760748610569,71185600
1895,2022-07-14,145.54823303222656,146.0187828364424,140.43095716603992,141.24462523992875,78140700
1896,2022-07-15,147.2147979736328,147.89122183493336,145.28356446993823,146.83247339444262,76259900
1897,2022-07-18,144.17581176757812,148.58725611818477,143.8130828380742,147.77358792071823,81420900
1898,2022-07-19,148.02845764160156,148.25392726287154,144.01894870347078,145.0090674390563,82982400
1899,2022-07-20,150.0283203125,150.69494637561027,147.41086501912858,148.14610577429508,64823400
1900,2022-07-21,152.29283142089844,152.50850317822432,148.9499341408544,151.4595528168205,65086600
1901,2022-07-22,151.0576171875,153.20452197233897,150.39100627342597,152.3320371239143,66675400
1902,2022-07-25,149.9400634765625,151.9889303599999,149.28325033510924,150.97920113195147,53623900
1903,2022-07-26,148.61666870117188,150.07733740905365,147.8324089141252,149.26366918886245,55138700
1904,2022-07-27,153.7045135498047,154.2338952339947,149.1656377708993,149.5773707705413,78620700
1905,2022-07-28,154.2534942626953,154.53778073211737,151.37134852302864,153.8907653704556,81378700
1906,2022-07-29,159.31195068359375,160.40992030893383,156.36119003723385,158.06695385906744,101786900
1907,2022-08-01,158.3316192626953,160.3706884793457,157.72382510643268,157.84145882480365,67829400
1908,2022-08-02,156.8611297607422,159.2139087149108,156.48861801917639,156.94937000342367,59907000
1909,2022-08-03,162.86073303222656,163.31167231688755,157.58660124880873,157.67482654904526,82507500
1910,2022-08-04,162.54701232910156,163.89986001020398,161.19416464799912,162.74307352499065,55474100
1911,2022-08-05,162.3212432861328,162.81208464474912,160.0142829089203,160.22044287042655,56697000
1912,2022-08-08,161.85000610351562,164.73615535552312,161.1922805564501,163.32253000929188,60276900
1913,2022-08-09,161.89910888671875,162.78263230320212,160.25970057725633,161.0156004495246,63135500
1914,2022-08-10,166.1399688720703,166.23812814464867,163.8428202002786,164.60853143111325,70170500
1915,2022-08-11,165.40371704101562,167.85792369494868,165.10920924668594,166.94495103045548,57149200
1916,2022-08-12,168.94760131835938,169.01631131920942,166.2970460032489,166.70936592550703,68039400
1917,2022-08-15,170.0176239013672,170.21395743937939,168.21133138479297,168.37821564106778,54091700
1918,2022-08-16,169.8605194091797,170.52807128910433,168.5156191962962,169.61509878760032,56377100
1919,2022-08-17,171.35267639160156,172.92335934005538,169.4089493149704,169.60528281111644,79542000
1920,2022-08-18,170.96002197265625,171.6962839363271,169.94889007422466,170.56735491708034,62290100
1921,2022-08-19,168.37820434570312,170.55754092380556,168.1720444080825,169.86053968443733,70346300
1922,2022-08-22,164.5005645751953,166.74861119438174,164.07843325743647,166.58172694573366,69026800
1923,2022-08-23,164.16677856445312,165.6196796113523,163.5974008535258,164.0195321647684,54147100
1924,2022-08-24,164.46128845214844,165.03066617037743,163.2047358944321,164.25514348994625,53841500
1925,2022-08-25,166.91549682617188,167.0234825149317,165.26627719342727,165.68839353539587,51218200
1926,2022-08-26,160.62286376953125,167.91677153078174,160.56396522431612,167.4455681897766,78961000
1927,2022-08-29,158.42391967773438,159.9160662270411,156.89249744175427,158.19812192757627,73314000
1928,2022-08-30,155.9991912841797,159.58232691391927,154.83098655063566,159.1602105704912,77906200
1929,2022-08-31,154.3401336669922,157.63858767600124,154.2615972644816,157.3735291899389,87991100
1930,2022-09-01,155.06658935546875,155.5181549609377,151.83684522830168,153.77076113952282,74229900
1931,2022-09-02,152.95594787597656,157.42260624530542,152.1313381712874,156.8237793213389,76957800
1932,2022-09-06,151.69943237304688,154.21253778677115,150.87482246778544,153.60389928231007,73714800
1933,2022-09-07,153.10324096679688,153.80022729759784,150.79628062278962,151.9841232844313,87449600
1934,2022-09-08,151.63070678710938,153.49589780674214,149.88329791132227,151.8074024718103,84923800
1935,2022-09-09,154.48736572265625,154.92913481819144,151.91536244109605,152.62217501880943,68028800
1936,2022-09-12,160.4364013671875,161.25119983056848,156.38206187837264,156.66674327917337,104956000
1937,2022-09-13,151.0220489501953,157.59931943362142,150.56065692569356,156.97104316313002,122656600
1938,2022-09-14,152.4651336669922,154.22235404144755,150.79627611743592,151.95465448242936,87965400
1939,2022-09-15,149.57899475097656,152.3964344091801,148.6071384221947,151.8172302065752,90481100
1940,2022-09-16,147.93954467773438,148.5776472684102,145.65222273370736,148.44021232229758,162278800
1941,2022-09-19,151.6503448486328,151.7288812650201,146.368901915373,146.57504690151106,81474200
1942,2022-09-20,154.02601623535156,155.18440966019696,150.27599594996536,150.59012663818945,107689800
1943,2022-09-21,150.9042510986328,155.83230196535132,150.78645397951445,154.4579373320565,101696800
1944,2022-09-22,149.9421844482422,151.64049091114813,148.1457037475465,149.588778163199,86652500
1945,2022-09-23,147.67449951171875,148.6954577569954,145.83875792782328,148.42058784002563,96029900
1946,2022-09-26,148.00831604003906,150.95336436223522,146.89900971197227,146.91864756165486,93339400
1947,2022-09-27,148.9801788330078,151.88596656060932,147.20333533190674,149.94223877822546,84442700
1948,2022-09-28,147.0952911376953,147.88064007446383,142.18687900699845,144.9355927960457,146691400
1949,2022-09-29,139.87014770507812,144.0324877695267,138.10311583907216,143.42384928540386,128138200
1950,2022-09-30,135.6685333251953,140.4787870882612,135.47219979960417,138.69211755301987,124925300
1951,2022-10-03,139.8406524658203,140.4493057292082,135.1678497151715,135.6783287485433,114311700
1952,2022-10-04,143.423828125,143.54162523892447,141.61752082886468,142.3734205948832,87830100
1953,2022-10-05,143.7183074951172,144.6803670999918,140.39040452379436,141.43100052371705,79471000
1954,2022-10-06,142.76611328125,144.83746445591814,142.55996829483985,143.13915751475957,68402200
1955,2022-10-07,137.52392578125,140.47880029356153,136.8956494527264,139.9290453992253,85925600
1956,2022-10-10,137.84786987304688,139.29094450363405,136.03176603772727,137.84786987304688,74899000
1957,2022-10-11,136.43426513671875,138.76086345268553,135.68819163523887,137.33741147407548,77033700
1958,2022-10-12,135.8059844970703,137.78898779453903,135.62928879673916,136.58152223774053,70433700
1959,2022-10-13,140.3708038330078,140.9598044199806,131.90868942611982,132.5173428390662,113224000
1960,2022-10-14,135.84523010253906,141.87276009592642,135.65870802953629,141.66660017858484,88598000
1961,2022-10-17,139.8014373779297,140.282452315822,137.7006369919499,138.48598615048115,85250900
1962,2022-10-18,141.11691284179688,144.01287431817016,138.03442922306775,142.82504643152265,99136600
1963,2022-10-19,141.22486877441406,142.29489928414645,138.90809708603376,139.09461918905455,61758300
1964,2022-10-20,140.763427734375,143.2176335425476,140.03697742261386,140.40021006813618,64522000
1965,2022-10-21,144.5723876953125,145.14176534962488,140.03700430524796,140.25297565616944,86548600
1966,2022-10-24,146.7124786376953,147.47818995640918,143.32567626964715,144.4938810962025,75981900
1967,2022-10-25,149.54949951171875,149.69676086548404,146.62409003086213,147.34071401880695,74732300
1968,2022-10-26,146.61428833007812,149.20592954793565,145.32827166402765,148.19479776463467,88194300
1969,2022-10-27,142.14764404296875,146.31979510961392,141.48991849585923,145.35775035197634,109180200
1970,2022-10-28,152.8872528076172,154.61500878306214,145.11232844918345,145.4853576495381,164762400
1971,2022-10-31,150.5312042236328,151.4147275390832,149.13721674827332,150.35450854811523,97943200
1972,2022-11-01,147.89048767089844,152.60256746450293,146.39834080336652,152.23934967138234,80379300
1973,2022-11-02,142.3734130859375,149.38262560122348,142.34396380900958,146.22160672381153,93604600
1974,2022-11-03,136.33609008789062,140.1842842462697,136.2084665510831,139.45783369878677,97918500
1975,2022-11-04,136.07057189941406,140.28896920604143,132.1373281619349,139.71864706361086,140814800
1976,2022-11-07,136.60157775878906,136.8277351131925,133.40581664759068,134.82178704829124,83374600
1977,2022-11-08,137.17189025878906,139.06967336647747,135.19544046730184,138.06670690734794,89908500
1978,2022-11-09,132.619140625,136.23773265765962,132.34381476431366,136.18856411022261,74917800
1979,2022-11-10,144.4188690185547,144.4188690185547,137.17187238968415,138.88283878011893,118854000
1980,2022-11-11,147.20164489746094,147.5064688885728,141.96059578034578,143.38640864839942,93979700
1981,2022-11-14,145.80535888671875,147.77198095425382,144.96953850636208,146.48384590068005,73374100
1982,2022-11-15,147.53599548339844,151.02675299903876,146.0806992107757,149.67962155098414,89868300
1983,2022-11-16,146.30685424804688,147.36883205309908,144.83188757505272,146.64119143040293,64218300
1984,2022-11-17,148.2046661376953,148.95197725260945,143.71092672522755,143.98625266251898,80389400
1985,2022-11-18,148.76512145996094,150.15159363499748,147.4671586821555,149.76810292744864,74829600
1986,2022-11-21,145.5398406982422,147.86045501907074,145.25468713947097,147.65396813268248,58724100
1987,2022-11-22,147.67361450195312,147.90961450464576,144.4778542773041,145.65783928663447,51804100
1988,2022-11-23,148.54881286621094,149.29612388958984,146.84767388557262,146.95583870512687,58301400
1989,2022-11-25,145.63819885253906,146.3953525551104,144.66471552066162,145.8348580598712,35195900
1990,2022-11-28,141.81314086914062,144.19275214587688,140.98716307142482,142.7177853624681,69246000
1991,2022-11-29,138.81407165527344,142.39332463149796,138.00776409131717,141.88199849085402,83763800
1992,2022-11-30,145.5595245361328,146.23801151936658,138.20436253781247,139.04016787618127,111380900
1993,2022-12-01,145.8348846435547,146.64120704597443,144.16325857031342,145.73656252403373,71250400
1994,2022-12-02,145.3432159423828,145.53004745802465,143.2192602974079,143.5240993516398,65447400
1995,2022-12-05,144.1829071044922,148.4013049961633,143.33725898348703,145.3038811249747,68826400
1996,2022-12-06,140.5249786376953,144.84171332835018,139.55149534602168,144.61555599946504,64727200
1997,2022-12-07,138.58782958984375,140.9772676842254,137.66351501692606,139.8169681167806,69721100
1998,2022-12-08,140.26931762695312,141.12480845757423,138.7451974772698,139.9841640195035,62128300
1999,2022-12-09,139.7874755859375,143.14056922258405,138.54849429856367,139.9644643389149,76097000
2000,2022-12-12,142.07862854003906,142.08845624970894,138.70586361029962,140.31849324023466,70462700
2001,2022-12-13,143.0422821044922,147.46718252429508,141.8328135242381,147.00502505789572,93886200
2002,2022-12-14,140.8199920654297,144.21241242784126,138.80420126905452,142.92427726159215,82291200
2003,2022-12-15,134.22193908691406,139.43348990576752,133.7597817593244,138.7550029778536,98931900
2004,2022-12-16,132.2651824951172,135.35277902524194,131.4982009688156,134.4088086870883,160156900
2005,2022-12-19,130.16085815429688,132.94362978303496,129.12839371956332,132.85513540362356,79592600
2006,2022-12-20,130.09201049804688,131.02615267577218,127.72222807567753,129.1971941470746,77432800
2007,2022-12-21,133.18948364257812,134.52678732015247,130.5345467103143,130.76070405901197,85928000
2008,2022-12-22,130.02322387695312,132.31434056379908,128.12544063659777,132.10785363301125,77852100
2009,2022-12-23,129.65940856933594,130.21006041152802,127.47645662054781,128.7350936895975,63814900
2010,2022-12-27,127.85992431640625,129.21689825725943,126.57178934548489,129.18740012847,69007800
2011,2022-12-28,123.93653106689453,128.84325132058044,123.76936998157427,127.50594763388183,85438400
2012,2022-12-29,127.44693756103516,128.30241331797103,125.59831560715067,125.8539710621533,75703700
2013,2022-12-30,127.76161193847656,127.78128236285382,125.30334153820444,126.26698977683235,77034200
2014,2023-01-03,122.98272705078125,128.7154254385632,122.0977455022682,128.1057773178633,112117500
2015,2023-01-04,124.25119018554688,126.51280869797894,122.99255318811515,124.77234386397704,89113600
2016,2023-01-05,122.93354797363281,125.63765344479737,122.67789249421179,125.0083349534918,80962700
2017,2023-01-06,127.45677947998047,128.115596113896,122.80572219640975,123.907033324828,87754700
2018,2023-01-09,127.97791290283203,131.18351617146814,127.72225745979352,128.29257960577254,70790800
2019,2023-01-10,128.54823303222656,129.06938662217883,125.9817909176488,128.0860756971166,63896200
2020,2023-01-11,131.26219177246094,131.28184718963053,128.28276062052532,129.05956971451124,69458900
2021,2023-01-12,131.1835174560547,132.0193227611732,129.24639368399414,131.64567480294028,71379600
2022,2023-01-13,132.510986328125,132.6683196907436,129.46273119909978,129.82655147153693,57809700
2023,2023-01-17,133.67129516601562,134.99875596810472,131.8915047175872,132.5798193932039,63646600
2024,2023-01-18,132.9534912109375,136.29674271738915,132.7764874230637,134.53662257229425,69672800
2025,2023-01-19,133.01251220703125,133.9761529962307,131.5375453850544,131.84236946093412,58280400
2026,2023-01-20,135.569091796875,135.71659745917918,131.98001240951498,133.02231973826562,80223600
2027,2023-01-23,138.75503540039062,140.92815961902411,135.59860004292767,135.81492969380113,81760300
2028,2023-01-24,140.1513214111328,140.77081216801105,137.95854199183503,137.9683697007518,66435100
2029,2023-01-25,139.49253845214844,140.05301807827476,136.49343605439017,138.53872531246566,65799300
2030,2023-01-26,141.55746459960938,141.8426182007582,139.53183124401355,140.78064047196506,54105100
2031,2023-01-27,143.49456787109375,144.77287517943125,140.69214050710963,140.77080718806803,70555800
2032,2023-01-30,140.61349487304688,143.12094131391822,140.46600420175812,142.54079133466578,64015300
2033,2023-01-31,141.88197326660156,141.93114182979278,139.90552306108117,140.31851198443744,65874500
2034,2023-02-01,143.00294494628906,144.16325999959267,138.96155019582764,141.56731895311415,77663600
2035,2023-02-02,148.30299377441406,148.65697138188685,145.6972102432423,146.41502317640206,118339000
2036,2023-02-03,151.92153930664062,154.7534795979514,145.36285717719954,145.55951636317744,154357300
2037,2023-02-06,149.19776916503906,150.54491539574025,148.26362674506663,150.0237617823619,69858300
2038,2023-02-07,152.0690460205078,152.63936822302708,148.12597415973434,148.12597415973434,83322600
2039,2023-02-08,149.38462829589844,152.00023955919008,148.64714493246836,151.3119247541495,64120100
2040,2023-02-09,148.35211181640625,151.75437415824857,147.90962490884843,151.21355015828513,56007100
2041,2023-02-10,148.7165069580078,149.0414968354293,146.95369947058745,147.1900598433605,57450700
2042,2023-02-13,151.51339721679688,151.91715888947925,148.62788900472555,148.65743217523777,62199000
2043,2023-02-14,150.87327575683594,151.4346261088162,148.568818055862,149.80967642706798,61707600
2044,2023-02-15,152.970947265625,153.13836360909013,150.5581593331422,150.7846620299423,65573800
2045,2023-02-16,151.37550354003906,153.95570692832584,151.02097051495025,151.17852906062296,68167900
2046,2023-02-17,150.23313903808594,150.67630162569367,148.55896091432058,150.03617955770974,59144100
2047,2023-02-21,146.22494506835938,149.00212332766463,146.15601601247863,147.91882364629484,58867200
2048,2023-02-22,146.64840698242188,147.67260518894304,144.92498541296462,146.60900607426132,51011300
2049,2023-02-23,147.13095092773438,148.0566768897737,145.0037677901394,147.810473815914,48394200
2050,2023-02-24,144.48184204101562,144.9545478123535,143.50687229977612,144.87576101262292,55469600
2051,2023-02-27,145.67344665527344,146.90446214048941,145.21058363066865,145.46664446890208,44998500
2052,2023-02-28,145.17120361328125,146.8158385647427,144.6000106018143,144.8166705381309,50547000
2053,2023-03-01,143.1031036376953,144.99394185647634,142.80765687884437,144.600022862706,55479000
2054,2023-03-02,143.69400024414062,144.48185327566276,141.7145174362223,142.1872382713636,52238100
2055,2023-03-03,148.73622131347656,148.81500811176437,145.09241829817535,145.79162671403117,70732300
2056,2023-03-06,151.49371337890625,153.926201531547,151.1293375512549,151.4543124625378,87558000
2057,2023-03-07,149.2975616455078,151.69064849711955,148.83469862838186,151.3656586110283,56182000
2058,2023-03-08,150.54827880859375,151.13917230662574,149.52408044265695,150.48919246419973,47204800
2059,2023-03-09,148.30288696289062,152.19289270805663,147.9483539187185,151.22778082054958,53833600
2060,2023-03-10,146.24462890625,148.64757336129242,145.3681465462101,147.92866457828165,68572400
2061,2023-03-13,148.18472290039062,150.81417020284252,145.4567883472071,145.56511831219402,84457100
2062,2023-03-14,150.27252197265625,151.07021762009597,147.82034869008896,148.98242012042218,73695900
2063,2023-03-15,150.66647338867188,150.92251923505987,147.64309172837056,148.89380784086057,77167900
2064,2023-03-16,153.4830322265625,154.08376844517147,149.33696504123728,149.84907174243986,76161100
2065,2023-03-17,152.6459197998047,154.35949876084172,151.93685367986137,153.70951897971963,98944600
2066,2023-03-20,155.0094757080078,155.42311016638172,151.80883520237765,152.71487589238697,73641400
2067,2023-03-21,156.86093139648438,156.9791040860205,154.16253977805687,154.93070734117964,73938300
2068,2023-03-22,155.4329376220703,159.6774765177441,155.41323716716616,156.88061300312046,75701800
2069,2023-03-23,156.5162353515625,159.0964541870748,155.28521978995877,156.41776312286146,67622100
2070,2023-03-24,157.816162109375,157.90479160484955,155.45261873446648,156.44727369122404,59196500
2071,2023-03-27,155.87611389160156,158.32830230982592,155.47233717929535,157.5109061704178,52390300
2072,2023-03-28,155.2556915283203,156.08294548571627,153.61105638332387,155.57083875533723,45992200
2073,2023-03-29,158.32827758789062,158.60402382956926,156.92984592593675,156.94953135245441,51305700
2074,2023-03-30,159.89418029785156,160.00251028897196,158.82073813032568,159.07678400613375,49501700
2075,2023-03-31,162.39552307128906,162.49401030046954,159.4509442595143,159.97289351467978,68749800
2076,2023-04-03,163.64625549316406,163.76442815863666,161.7258745440201,161.775118163648,56976200
2077,2023-04-04,163.114501953125,164.3061166832112,162.60239523685718,164.06977129650792,46278300
2078,2023-04-05,161.27285766601562,162.54327395468036,159.3426339632527,162.23798454444034,51511700
2079,2023-04-06,162.1592559814453,162.45470278445305,159.53965070291807,159.96311293315853,45390100
2080,2023-04-10,159.5691680908203,159.5691680908203,157.6487867222166,158.96843186504725,47716900
2081,2023-04-11,158.35784912109375,159.89415417908276,158.07224508795338,159.88431146406083,47644200
2082,2023-04-12,157.6685028076172,159.5987270827998,157.35335556356011,158.77148810772155,50133100
2083,2023-04-13,163.04556274414062,163.28192316496492,158.9684394039646,159.17525665056672,68445600
2084,2023-04-14,162.7008819580078,163.79402444901268,161.3319931654023,162.09028798128088,49386500
2085,2023-04-17,162.72052001953125,162.8780935823025,161.53874835283094,162.5826469088669,41516200
2086,2023-04-18,163.94174194335938,164.86746811951792,163.13418846133288,163.57736611842117,49923000
2087,2023-04-19,165.0841064453125,165.60605581206516,163.0258371209191,163.28189796071484,47720200
2088,2023-04-20,164.11900329589844,165.3204757933169,163.04556123695718,163.56751067945328,52456400
2089,2023-04-21,162.5137481689453,163.9220227028112,161.991798793606,162.5432913390932,58337300
2090,2023-04-24,162.8190155029297,163.08491902519904,161.4008834202169,162.49402564838778,41949600
2091,2023-04-25,161.2827606201172,163.78417796430023,161.2433597017252,162.68119268208375,48714100
2092,2023-04-26,161.27285766601562,162.76977657727082,160.32744626830737,160.58349205788602,45498800
2093,2023-04-27,165.85227966308594,165.99999552987848,162.68118215487013,162.68118215487013,64902300
2094,2023-04-28,167.10296630859375,167.27039764589344,165.33031595199535,165.93105213681218,55275900
2095,2023-05-01,167.0143585205078,167.86129792357815,166.07878959348815,166.70906903109534,52472900
2096,2023-05-02,165.9803009033203,167.76282424517206,164.99548835131355,167.5067633643402,48425700
2097,2023-05-03,164.9068603515625,168.32416114075937,164.6212713207429,166.92572910723644,65136000
2098,2023-05-04,163.27203369140625,164.50304913491388,161.8145156138655,162.38570858289833,81235400
2099,2023-05-05,170.93389892578125,171.65280778469676,168.1665634032941,168.38322333782398,113453200
2100,2023-05-08,170.8649444580078,171.20963479482143,169.49605587870553,169.86043164324718,55962800
2101,2023-05-09,169.16123962402344,170.9043468501181,168.993823309898,170.42179836441701,45326900
2102,2023-05-10,170.92404174804688,171.38690478906514,169.28924951921832,170.39224965147537,53724500
2103,2023-05-11,171.11117553710938,171.9384144483228,169.5551699505623,171.20966280003566,49514700
2104,2023-05-12,170.18414306640625,171.6535334613317,168.63584185680983,171.2196142676148,45533100
2105,2023-05-15,169.69110107421875,170.8153397179057,169.0993901889802,170.766027969497,37266700
2106,2023-05-16,169.69110107421875,170.74630026056693,169.4248296710781,169.61220528633143,42110300
2107,2023-05-17,170.302490234375,170.53916250241704,168.06386972955488,169.3360433616003,57951600
2108,2023-05-18,172.62986755371094,172.81724313624747,170.19401507639674,170.60820660461047,65496700
2109,2023-05-19,172.7383575439453,173.95134816577144,172.5213979143073,173.95134816577144,55809500
2110,2023-05-22,171.79159545898438,172.2945540862593,171.05196458153654,171.57463586444004,43570900
2111,2023-05-23,169.18812561035156,170.9829707500323,168.9119979039132,170.73642708015296,50747300
2112,2023-05-24,169.4642333984375,170.03621645106807,168.16249079935005,168.7246024757336,45143500
2113,2023-05-25,170.59835815429688,171.49576564962197,169.31632809947834,170.02637505144457,56058300
2114,2023-05-26,173.004638671875,173.33994954164476,170.7167209510833,170.9238242810048,54835000
2115,2023-05-30,174.84873962402344,176.5153769153671,174.12883646161984,174.51344390978926,55964400
2116,2023-05-31,174.79945373535156,176.87042648421155,174.3162227478627,174.87834951174753,99625300
2117,2023-06-01,177.60018920898438,177.62977324467488,174.4838737017158,175.24323239604442,68901800
2118,2023-06-02,178.4482879638672,179.2668146743205,176.78165050926717,178.52718373632618,61996900
2119,2023-06-05,177.09725952148438,182.39301299737724,175.57854201305094,180.1050954524954,121946500
2120,2023-06-06,176.7323455810547,177.62975297431,174.97694105936182,177.4818328127375,64848400
2121,2023-06-07,175.361572265625,178.70470351330488,174.8684849721747,175.97299569419778,61944600
2122,2023-06-08,178.0735626220703,178.33981894141047,175.0065588784877,175.44046308150416,50214900
2123,2023-06-09,178.4581756591797,179.71060666093933,178.13273621096323,178.99070336218668,48900000
2124,2023-06-12,181.24900817871094,181.34763164971682,178.46800386072707,178.76385922591572,54274900
2125,2023-06-13,180.775634765625,181.6040176863898,179.917667815392,180.27269121683804,54929100
2126,2023-06-14,181.4068603515625,181.84077969250703,179.50355011713233,180.8348771337569,57462900
2127,2023-06-15,183.43832397460938,183.94128262941163,181.23915892536104,181.41667817053525,65433200
2128,2023-06-16,182.3634490966797,184.40483823272672,181.72244147160723,184.14842314443067,101256200
2129,2023-06-20,182.4521484375,183.52709013546678,181.8604527350327,181.8604527350327,49799100
2130,2023-06-21,181.41668701171875,182.84663717983523,180.0656175699355,182.34367850052172,49515700
2131,2023-06-22,184.4146728515625,184.4639845971855,181.13070922445527,181.19974867789384,51245300
2132,2023-06-23,184.09906005859375,184.96689848868263,182.45215034536935,182.98469303577104,53117000
2133,2023-06-26,182.70858764648438,185.45015206010262,182.66913223239737,184.2470177435845,48088700
2134,2023-06-27,185.4600067138672,185.78544616190248,183.10304984582174,183.32000947784528,50730800
2135,2023-06-28,186.63352966308594,187.27453708797546,185.0063477089331,185.33177206150037,51216800
2136,2023-06-29,186.96884155273438,187.4422162021352,186.32783407243755,186.4658979165552,46347300
2137,2023-06-30,191.2882843017578,191.79122791985353,188.6157445714927,188.98063939826477,85213200
2138,2023-07-03,189.79917907714844,191.19954526937022,189.10884478636748,191.10092178559267,31458200
2139,2023-07-05,188.6847686767578,190.311950580781,187.98457816150727,188.92145597370774,46920300
2140,2023-07-06,189.1581573486328,189.36526064633148,186.5842409083175,187.21539208287066,45094300
2141,2023-07-07,188.04379272460938,190.00628587990153,187.60988847797856,188.76371112125616,46815000
2142,2023-07-10,186.0023651123047,187.3632906795546,184.45406399039535,186.6433724908287,59922200
2143,2023-07-11,185.47970581054688,186.68283993061024,184.02017173211044,186.5447760995126,46638100
2144,2023-07-12,187.14633178710938,189.04964127499804,185.86430197749195,187.057564649218,60750200
2145,2023-07-13,187.90567016601562,188.5466925772649,187.1561830128643,187.86622980967195,41342300
2146,2023-07-14,188.05364990234375,188.53686585918993,187.00830716161786,187.6000029338883,41616200
2147,2023-07-17,191.30799865722656,191.63343805134278,189.15813040004866,189.24688249449068,50520200
2148,2023-07-18,191.05162048339844,191.6433313227349,189.75973403360663,190.67688432979497,48288200
2149,2023-07-19,192.40264892578125,195.48936484547627,189.98650938817815,190.43029994672796,80507300
2150,2023-07-20,190.4599151611328,193.7537348839622,189.8386203157028,192.39280905028917,59581200
2151,2023-07-21,189.28636169433594,192.2744696321092,188.5861710830146,191.41650251566858,71951700
2152,2023-07-24,190.08514404296875,192.21528467718613,189.59205676918674,190.73602285584008,45377800
2153,2023-07-25,190.943115234375,191.75178560391285,190.2527960456413,190.65713123041024,37283200
2154,2023-07-26,191.8109893798828,192.93522799592873,190.6473103947794,190.9924625294884,47471900
2155,2023-07-27,190.54864501953125,194.47361545879667,189.88790988625553,193.30993672945922,47460200
2156,2023-07-28,193.12257385253906,193.91151654263126,191.4559363697747,191.97860770429688,48291400
2157,2023-07-31,193.7340087890625,193.77346420221568,192.56045853696887,193.34940127389015,38824100
2158,2023-08-01,192.90562438964844,194.01013518521242,192.5801849485631,193.52691923606866,35175100
2159,2023-08-02,189.91751098632812,192.48155598125388,189.19760772385698,192.3434921357412,50389300
2160,2023-08-03,188.5270233154297,189.71042999433632,188.0536636534335,188.9215022402868,61235200
2161,2023-08-04,179.4739227294922,184.78940327661547,179.40488328381886,182.95511789971007,115956800
2162,2023-08-07,176.3773193359375,180.59814508763776,174.89805755245857,179.61197056531847,97576100
2163,2023-08-08,177.31419372558594,177.77769698523286,175.12488493894773,177.205713919119,67823000
2164,2023-08-09,175.72647094726562,178.42857997538025,174.5627769846933,178.36941190145535,60378500
2165,2023-08-10,175.50949096679688,178.25105509162734,175.14461118800062,176.99860916334498,54686900
2166,2023-08-11,175.5687255859375,176.38835756307438,174.34422750725284,175.10461152163393,52036700
2167,2023-08-14,177.21788024902344,177.44500246999712,175.09473274674426,175.74649049543365,43675600
2168,2023-08-15,175.2329864501953,177.23762299403361,174.8379899652799,176.6451282666605,43622600
2169,2023-08-16,174.36398315429688,176.30935657463468,174.29485048513217,174.9169842350172,46964900
2170,2023-08-17,171.82608032226562,175.2922216904398,171.3125728746346,174.92684921501044,66062900
2171,2023-08-18,172.3099822998047,172.91236175457905,169.81159252872837,170.14734105941557,61172200
2172,2023-08-21,173.6431121826172,173.92949746098708,171.56935789788312,172.88274314562352,46311900
2173,2023-08-22,175.0157470703125,175.46012191641384,174.04799506153495,174.8478727981476,42038900
2174,2023-08-23,178.85714721679688,179.2817827873095,176.10201110060572,176.28963972003098,52722800
2175,2023-08-24,174.17637634277344,178.8374075605793,173.8109887437673,178.41277199096436,54945800
2176,2023-08-25,176.37850952148438,176.91175631972774,173.62337343895007,175.16388093182096,51449600
2177,2023-08-28,177.93875122070312,178.33374768816518,176.31924159506977,177.83999456976295,43820700
2178,2023-08-29,181.8196563720703,182.58991008586239,177.2573820568172,177.45488030453177,53003900
2179,2023-08-30,185.30557250976562,185.5030858470339,182.43194029759772,182.62943856671393,60813900
2180,2023-08-31,185.52281188964844,186.75719481874472,185.13768501849643,185.4931879048022,60794500
2181,2023-09-01,187.09295654296875,187.54720101813678,185.92769123419916,187.12258052751662,45766500
2182,2023-09-05,187.32994079589844,187.6064413525269,185.26605625958229,185.92768366781115,45280000
2183,2023-09-06,180.62477111816406,186.49056063180015,179.2027597126584,186.0461707664675,81755800
2184,2023-09-07,175.34161376953125,175.98350189646143,171.37183427986267,172.99134398653018,112488800
2185,2023-09-08,175.95387268066406,177.98814840122637,175.56874581023814,176.12176201867752,65551300
2186,2023-09-11,177.11915588378906,178.0474143493556,175.12438865362392,177.82029208697838,58953100
2187,2023-09-12,174.0973663330078,177.87951732730735,172.6358612060169,177.24751388848827,90370200
2188,2023-09-13,172.03346252441406,175.08485308011382,171.80632524830068,174.30471474035696,84267900
2189,2023-09-14,173.54434204101562,173.8998448696545,171.41132506918257,171.82607585790313,60895800
2190,2023-09-15,172.82347106933594,174.29486087176767,171.6483512368518,174.27510652680778,109259500
2191,2023-09-18,175.74649047851562,177.13887792290447,173.9689761950564,174.2751007250675,67257600
2192,2023-09-19,176.832763671875,177.38576479928514,174.91699900323943,175.30212586469654,51826900
2193,2023-09-20,173.29750061035156,177.45489404541186,173.20861358406935,177.0203888259045,58436200
2194,2023-09-21,171.7569580078125,174.0973581099587,171.6878404044714,172.36922214048295,63149100
2195,2023-09-22,172.60621643066406,174.86761425499944,171.87547142547365,172.48772049861157,56725400
2196,2023-09-25,173.880126953125,174.7590070374673,171.97423178505466,172.02361011818323,46172700
2197,2023-09-26,169.8115997314453,173.01111068359924,169.51534481079926,172.63586851438868,64588900
2198,2023-09-27,168.3007049560547,170.87809720821267,166.93795639924983,170.4633463371719,66921800
2199,2023-09-28,168.55743408203125,169.88068876106084,165.52578284422083,167.22429469748067,56294400
2200,2023-09-29,169.07095336914062,170.90771561508154,168.21181267677895,169.870831028669,51861100
2201,2023-10-02,171.57920837402344,172.12233981703872,168.79443355791753,169.08081880430257,52164500
2202,2023-10-03,170.2460479736328,171.46069134254296,168.68580157396565,170.1077977204415,49594600
2203,2023-10-04,171.4903564453125,172.03348795172127,168.8339619515459,168.9524578917983,53020300
2204,2023-10-05,172.7247314453125,173.2579782200924,170.52258153582127,171.61871413723316,48527900
2205,2023-10-06,175.27252197265625,175.76627518846593,171.01635659512883,171.62862082907643,57266700
2206,2023-10-09,176.75376892089844,176.81301689163445,173.60362121945622,174.6009972191987,42390800
2207,2023-10-10,176.1612548828125,177.47464011941017,175.72674968355904,175.8748846750232,43698000
2208,2023-10-11,177.5536651611328,177.60304349794123,175.38115395493855,175.9736487921809,47551100
2209,2023-10-12,178.45225524902344,180.06188013769966,176.80310660532254,177.82025187235598,56743100
2210,2023-10-13,176.6155242919922,179.65703072033497,175.91438812346496,179.15340788479125,51427100
2211,2023-10-16,176.4871063232422,176.8426091520335,174.3047110276888,174.54171793626585,52517000
2212,2023-10-17,174.93675231933594,176.19088966345473,172.61612132571108,174.44299912050275,57549400
2213,2023-10-18,173.6431121826172,175.36137864838344,172.9222367694585,173.3863659573123,54764400
2214,2023-10-19,173.2678680419922,175.61812287122567,173.00123711265553,173.84060845589931,59302900
2215,2023-10-20,170.72007751464844,173.22833664495803,170.4830706009531,173.1197103596996,64244000
2216,2023-10-23,170.83859252929688,171.8359684831129,167.80694090892598,168.77470794688867,55980100
2217,2023-10-24,171.2731170654297,171.50023932449824,169.30797385167378,170.88799016172553,43816600
2218,2023-10-25,168.96234130859375,170.89784530264086,168.51795139973865,169.73259505065448,57157000
2219,2023-10-26,164.80491638183594,169.23882483986895,163.60015755926395,168.24143389027685,70625300
2220,2023-10-27,166.11830139160156,166.8490614359056,164.745668316651,164.82467062426355,58499100
2221,2023-10-30,168.16246032714844,169.03147079181505,166.76020302980592,166.90833803254793,51131000
2222,2023-10-31,168.63644409179688,168.764809656098,165.8022909489589,167.23418704526227,44846000
2223,2023-11-01,171.7964630126953,172.0532092124064,167.99455793411695,168.86356825336904,56934900
2224,2023-11-02,175.35150146484375,175.5588693503195,173.26786256268767,173.32711052996643,77334800
2225,2023-11-03,174.44296264648438,174.61085195895754,171.18420427007575,172.06308417750907,79829200
2226,2023-11-06,176.99075317382812,177.18825142381783,174.00849494223715,174.17636920813592,63841300
2227,2023-11-07,179.54843139648438,180.1606805785339,176.7340319643902,176.94139988237026,70530000
2228,2023-11-08,180.6050262451172,181.15802736111343,179.32126504404005,180.07177947416378,49340300
2229,2023-11-09,180.1310272216797,181.81965455110011,179.53851741631973,180.67415869856794,53763500
2230,2023-11-10,184.3136749267578,184.48178544542026,181.475802800193,181.9108804268445,66133400
2231,2023-11-13,182.7315673828125,183.94779597294095,182.1481747757102,183.74015491726047,43627500
2232,2023-11-14,185.342041015625,186.00454008995078,184.21480130754796,185.59912547957174,60108400
2233,2023-11-15,185.90565490722656,187.3789832148446,185.67823345303117,185.7474572062222,53790500
2234,2023-11-16,187.586669921875,188.82267924718175,186.53852134009114,187.44823748096084,54412900
2235,2023-11-17,187.56686401367188,188.24914348244,186.4594046371221,188.12059370194675,50922700
2236,2023-11-20,189.30715942382812,189.7620174322178,187.75473976876387,187.76462241033667,46505100
2237,2023-11-21,188.5062255859375,189.37638084971888,187.61630503925363,189.2676114417462,38134500
2238,2023-11-22,189.168701171875,190.7705639920827,188.69407794514686,189.34669431189826,39617700
2239,2023-11-24,187.84373474121094,188.76331834061182,187.13179223741543,188.7336553269539,24048300
2240,2023-11-27,187.66574096679688,188.5358962659671,186.7857030257735,187.79429075090235,40552600
2241,2023-11-28,188.26890563964844,188.9413024556769,187.2800983304318,187.65584993609482,38415400
2242,2023-11-29,187.2504425048828,189.93999969621768,186.85492560121705,188.76331653900834,43014200
2243,2023-11-30,187.82394409179688,188.18981305356235,186.08364867108205,187.71517468500207,48794400
2244,2023-12-01,189.09951782226562,189.4159283197641,187.11200544734405,188.19969953750024,45704800
2245,2023-12-04,187.30975341796875,187.92282418358675,185.35191925319242,187.85360043262926,43389500
2246,2023-12-05,191.255126953125,192.2241539878595,188.05138552105933,188.0810636242485,66628400
2247,2023-12-06,190.16741943359375,192.58009647341478,189.95976327032974,192.27356863697858,41089700
2248,2023-12-07,192.09559631347656,192.81742141001197,191.42319951100376,191.46276025185608,47477700
2249,2023-12-08,193.51950073242188,193.79636559429088,191.50232520965804,192.0263919187675,53406400
2250,2023-12-11,191.01779174804688,191.3243346926335,189.27749628821252,190.9485830810774,60943700
2251,2023-12-12,192.5306854248047,192.54056806660662,189.57414602172835,190.9189246189266,52696900
2252,2023-12-13,195.7443084716797,195.78385412672148,192.66911702808835,192.90642113434447,70404200
2253,2023-12-14,195.8926239013672,197.3857175620074,193.964452594447,195.8036348613561,66831600
2254,2023-12-15,195.35867309570312,196.1793699091571,194.79504567055722,195.3191123528845,128538400
2255,2023-12-18,193.69747924804688,194.42920214917604,192.21426816132805,193.89523770867535,55751900
2256,2023-12-19,194.73573303222656,194.74561567460933,193.6974822378966,193.964464462268,40714100
2257,2023-12-20,192.64932250976562,195.46741418063525,192.64932250976562,194.69614571593394,52242800
2258,2023-12-21,192.5009765625,194.8741228719849,191.33419132020353,193.9050960501454,46482500
2259,2023-12-22,191.43309020996094,193.22282892375426,190.81013681243016,192.9953923922105,37149600
2260,2023-12-26,190.88926696777344,191.71986154255086,190.67172813799795,191.44299668429173,28919300
2261,2023-12-27,190.98812866210938,191.33421726083122,188.95118798803827,190.33552729492325,48087700
2262,2023-12-28,191.413330078125,192.4812438348005,191.00791544042355,191.96705978425237,34049900
2263,2023-12-29,190.37506103515625,192.2241257878035,189.58401220758475,191.72972215657148,42672100
2264,2024-01-02,183.56216430664062,186.3308274284663,181.83175174149957,185.05525771688224,82488700
2265,2024-01-03,182.18771362304688,183.7994740724038,181.37688453456076,182.15805061619977,58414500
2266,2024-01-04,179.87393188476562,181.04071720671112,178.85546161628733,180.11123597031312,71983600
2267,2024-01-05,179.15208435058594,180.71440156415224,178.15339449300276,179.95303087035154,62379700
2268,2024-01-08,183.4830780029297,183.52263874374273,179.46852282651062,180.0519155054874,59144500
2269,2024-01-09,183.0677947998047,183.07767744176536,180.68476543102267,181.8614486084712,42841800
2270,2024-01-10,184.1060028076172,184.31364385660615,181.8614063874065,182.2866013010497,46792900
2271,2024-01-11,183.5127410888672,184.9564063690912,181.5647895230864,184.4521049955326,49128400
2272,2024-01-12,183.83901977539062,184.64984886412603,183.11719479522333,183.97745217005283,40477800
2273,2024-01-16,181.57469177246094,182.1976301200088,178.90489995610474,180.12114381484557,65603000
2274,2024-01-17,180.63528442382812,180.88248621338644,178.28193364707266,179.241077797599,47317400
2275,2024-01-18,186.51873779296875,187.0230241166397,183.7500741577492,184.00715864056133,78005800
2276,2024-01-19,189.4159393310547,189.80157360580037,186.70661676571424,187.21090309791916,68903000
2277,2024-01-22,191.71981811523438,193.1437028283241,190.10805762916755,190.147618364531,60133900
2278,2024-01-23,192.99539184570312,193.55901922053994,191.660511110776,192.83719415255706,42355600
2279,2024-01-24,192.322998046875,194.18196038829024,192.16478527569066,193.23269884918452,53631300
2280,2024-01-25,191.99671936035156,194.07322080915367,190.94858599423335,193.03497008475262,54822100
2281,2024-01-26,190.2662811279297,192.5800863732271,189.7916578927919,192.09558049769083,44594000
2282,2024-01-29,189.58401489257812,190.04875551955823,187.4580852833725,189.86087972294905,47145600
2283,2024-01-30,185.935302734375,189.65322753238257,185.37169046557113,188.80285272092348,55859400
2284,2024-01-31,182.33607482910156,185.00586682539145,182.28664653050623,184.94652570867123,55467800
2285,2024-02-01,184.76853942871094,184.85752846784007,181.76257176566293,181.93066720224104,64885400
2286,2024-02-02,183.76983642578125,185.2332669548565,177.24370243482153,177.84687547061628,102551700
2287,2024-02-05,185.57936096191406,187.13179578344227,183.75995901240586,186.04410163536497,69668800
2288,2024-02-06,187.18124389648438,187.1911265388062,184.67956238073768,184.76855142564483,43490800
2289,2024-02-07,187.29000854492188,188.91165203661865,186.49895962721544,188.50623739169367,53439000
2290,2024-02-08,186.2122039794922,187.418535043408,185.2530596605407,187.27021997882892,40962000
2291,2024-02-09,186.97454833984375,188.10322646586073,186.13298359451971,186.77652244170517,45155200
2292,2024-02-12,185.2914276123047,186.79633688725167,184.93500212895557,186.54881961012742,41781900
2293,2024-02-13,183.20236206054688,184.360756090923,181.68755769129083,183.92512331150874,56529500
2294,2024-02-14,182.32122802734375,183.68752828939827,180.62821823999963,183.47962222785034,54630500
2295,2024-02-15,182.03408813476562,182.65783644316613,179.5490203671251,181.72716915991907,65434500
2296,2024-02-16,180.49948120117188,183.0142649801448,179.86583763061847,181.59845842120637,49752500
2297,2024-02-20,179.75692749023438,180.61828269677792,178.21242224791314,179.98463913307552,53665600
2298,2024-02-21,180.50938415527344,181.0737156195715,178.8658660184515,180.13315310757224,41371400
2299,2024-02-22,182.5390167236328,183.12316891523534,180.6479964148563,181.65785591778803,52292200
2300,2024-02-23,180.70742797851562,183.2023913936763,180.42029946099493,183.17269052734747,45119700
2301,2024-02-26,179.3609161376953,180.9450175834942,178.85597124394113,180.43019254491847,40867400
2302,2024-02-27,180.81629943847656,182.09348175278842,177.77678047240937,179.3014951345761,54318900
2303,2024-02-28,179.6183319091797,181.30144633523983,178.34114943443706,180.69750358801915,48953900
2304,2024-02-29,178.95498657226562,180.75691955299587,177.74710108364005,179.4698267249393,136682600
2305,2024-03-01,177.8758087158203,178.73716395290236,175.61845249589473,177.76690051629518,73563100
2306,2024-03-04,173.36109924316406,175.14321147352493,172.06409607852763,174.4006596751229,81510100
2307,2024-03-05,168.4305419921875,170.33147275577412,167.93550746706842,169.0641855800497,95132400
2308,2024-03-06,167.44049072265625,169.53944760498507,167.00485787713032,169.3612273012443,68587700
2309,2024-03-07,167.32167053222656,169.0344857697736,166.81674075207243,167.47017484778516,71765100
2310,2024-03-08,169.03448486328125,171.9749911536114,167.26226790901475,167.32166963491963,76267000
2311,2024-03-11,171.03440856933594,172.64822576816061,170.3413633360917,171.2225240841993,60139500
2312,2024-03-12,171.5096435546875,172.30170175265368,169.3116892312768,171.43043622416553,59825400
2313,2024-03-13,169.43052673339844,171.4700666239107,169.06419090034882,171.05423942259554,52488700
2314,2024-03-14,171.28195190429688,172.57893998999515,170.34138929390355,171.19284931228447,72913500
2315,2024-03-15,170.90573120117188,170.90573120117188,168.5988682774061,169.47013396047814,121752700
2316,2024-03-18,171.99481201171875,175.94519331439105,171.79680120539754,173.82644596151624,75604200
2317,2024-03-19,174.33135986328125,174.85609525037736,171.31164624406932,172.6086342803731,55215200
2318,2024-03-20,176.8956298828125,176.8956298828125,173.3511809805003,173.97492929704185,53423100
2319,2024-03-21,169.66812133789062,175.72735394947048,169.14338597139206,175.29172116809335,106181300
2320,2024-03-22,170.569091796875,171.33144918231721,168.37113733503185,170.05425166968308,71160100
2321,2024-03-25,169.1533203125,170.23249206020807,167.76721443821097,168.87610215909345,54288300
2322,2024-03-26,168.02462768554688,169.71763732680742,167.8959138727621,168.31174106723407,57388400
2323,2024-03-27,171.5888671875,171.87599567632833,168.42064920188324,168.71767294274684,60273300
2324,2024-03-28,169.77703857421875,170.51959037094832,168.81667037520143,170.0443614510728,65672700
2325,2024-04-01,168.34144592285156,169.54933141950085,167.79690490268092,169.48992969134684,46240500
2326,2024-04-02,167.16326904296875,167.65830361021796,166.55932626663449,167.40089107386055,49329500
2327,2024-04-03,167.96522521972656,168.98499523543435,166.9058590852198,167.11376514661308,47691700
2328,2024-04-04,167.14344787597656,170.2126525655396,167.14344787597656,168.59883533803097,53704400
2329,2024-04-05,167.89590454101562,168.69785802201392,167.27215623034843,167.90579979250484,42104800
2330,2024-04-08,166.77716064453125,167.51971257536823,166.5692545639612,167.35140261724945,37425500
2331,2024-04-09,167.9850311279297,168.3909631058002,166.6781477036779,167.02466284236104,42373800
2332,2024-04-10,166.11378479003906,167.4107728345435,165.45044033625643,167.12365945587084,49709300
2333,2024-04-11,173.3016815185547,173.7175238179071,166.49001666248702,166.66822184170525,91070300
2334,2024-04-12,174.7967071533203,176.58872985356905,172.47994902506244,172.52944039553972,101670900
2335,2024-04-15,170.97503662109375,174.8759113224836,170.7869210734751,173.61851932570818,73531800
2336,2024-04-16,167.69789123535156,172.03438316124112,166.59891404642835,170.0443499195711,73711200
2337,2024-04-17,166.33160400390625,168.95528100035153,166.33160400390625,167.9256158132339,50901200
2338,2024-04-18,165.381103515625,166.96521980912772,164.8959794200199,166.36127717179573,43122900
2339,2024-04-19,163.3614044189453,164.7474951408098,162.4505426435407,164.55939469854349,68149400
2340,2024-04-22,164.1930389404297,165.59893510418706,163.13367296874276,163.8762247169617,48116400
2341,2024-04-23,165.2425079345703,165.391027347015,163.28217556978177,163.7079130900853,49537800
2342,2024-04-24,167.3414764404297,167.6186945681344,164.55938480415762,164.88609429896647,48251800
2343,2024-04-25,168.2028350830078,168.9156860278579,166.4801094484109,167.84640961058278,50558300
2344,2024-04-26,167.6186981201172,169.63843239437367,167.49987955768663,168.19293999888993,44838400
2345,2024-04-29,171.77696228027344,174.2818355072499,171.38094074443057,171.64824848286057,68169400
2346,2024-04-30,168.63844299316406,173.25216784182598,168.3117184327478,171.6086497890361,65934800
2347,2024-05-01,167.6186981201172,170.99483730573115,167.43058257791944,167.8959162536964,50383100
2348,2024-05-02,171.31166076660156,171.69778712393833,169.19291342760516,170.79682058773386,94214900
2349,2024-05-03,181.55885314941406,185.14289799826793,180.84600228009177,184.796367814728,163224100
2350,2024-05-06,179.9054412841797,182.37070337959045,178.62824383792136,180.5390848280799,78569700
2351,2024-05-07,180.58859252929688,183.06376520709566,179.51933122687228,181.6281680754234,77305800
2352,2024-05-08,180.9252166748047,181.25194126160505,179.64801918938014,181.0341248704048,45057100
2353,2024-05-09,182.737060546875,182.82616313989396,180.30148392023486,180.74701199258516,48983000
2354,2024-05-10,181.47793579101562,183.50040923773955,180.5658387363955,183.3120385724197,50759500
2355,2024-05-13,184.6802215576172,185.49318663872077,183.0344740478803,183.84743912898392,72044800
2356,2024-05-14,185.8203582763672,186.68289706997302,184.69014911402812,185.8996730578337,52393600
2357,2024-05-15,188.09068298339844,189.01268886802714,185.76085876781028,186.2962297111884,70400000
2358,2024-05-16,188.20962524414062,189.45881387860598,188.03117836935675,188.83421956137332,52845200
2359,2024-05-17,188.23939514160156,189.17132485957902,187.55531842828847,187.88248620977504,41282900
2360,2024-05-20,189.3993377685547,190.2717851507536,187.38677266186554,187.70403175639103,44361300
2361,2024-05-21,190.69808959960938,191.07481584379752,189.28036268210627,189.44890089382775,42309400
2362,2024-05-22,189.26055908203125,191.16408357860647,188.63597976159812,190.6188039117619,34648500
2363,2024-05-23,185.27508544921875,189.35969818168277,185.02723244112752,189.3398657052663,51005900
2364,2024-05-24,188.3484344482422,188.94328765804346,186.42509288132968,187.19840810516956,36327000
2365,2024-05-28,188.35838317871094,191.3425280405038,187.47602704829728,189.86531862155948,52280100
2366,2024-05-29,188.65576171875,190.5989356775744,187.88246165547932,187.98160889548626,53068000
2367,2024-05-30,189.64718627929688,190.52954231443272,188.99286588586446,189.12173915319045,49889100
2368,2024-05-31,190.5989227294922,190.916181773766,188.27902269727937,189.7958815743219,75158300
2369,2024-06-03,192.36366271972656,193.31542486412093,190.86663609575578,191.24336235629542,50080500
2370,2024-06-04,192.680908203125,193.64257895328527,191.37223723797064,192.96841099700254,47471400
2371,2024-06-05,194.1878662109375,195.20901937445223,193.19645419760306,193.72190135445058,54156800
2372,2024-06-06,192.80978393554688,194.81244022862765,192.50244866402238,194.0093990023229,41181800
2373,2024-06-07,195.1990966796875,195.24867030234284,192.47271383884646,192.97832848334124,53103900
2374,2024-06-10,191.46145629882812,195.60556579928584,190.49978557066368,195.20899197297106,97010200
2375,2024-06-11,205.37098693847656,205.38091074009856,191.96710777388114,191.98692512163242,172373300
2376,2024-06-12,211.24014282226562,218.30889945026047,205.1231180281253,205.58908283581826,198134300
2377,2024-06-13,212.40008544921875,214.88852380834695,209.782758705521,212.8957913864929,97862700
2378,2024-06-14,210.66513061523438,213.32210737882852,209.4853479747781,212.01345147179217,70122700
2379,2024-06-17,214.80921936035156,217.06963733267014,210.8931452933454,211.5375569916551,93728300
2380,2024-06-18,212.4496612548828,216.75240063817128,211.1707464886947,215.72132373307375,79943300
2381,2024-06-20,207.87924194335938,212.4000929584359,207.05638337080816,212.0927425591543,86172500
2382,2024-06-21,205.7080841064453,210.07029091430852,205.33134270047418,208.58317289420788,241805100
2383,2024-06-24,206.3524627685547,210.87329840415435,204.81577136869439,205.93607160503834,80727000
2384,2024-06-25,207.27452087402344,209.56468024841507,206.8184646829133,207.35382052419757,55549700
2385,2024-06-26,211.41859436035156,213.01476817493463,208.8310086144187,209.68362348048936,66213200
2386,2024-06-27,212.2613067626953,213.88722177256454,210.5263358320774,212.8462361886446,49772700
2387,2024-06-28,208.81118774414062,214.2143951724623,208.49394377490637,213.91696855097956,82542700
2388,2024-07-01,214.88853454589844,215.64200216221636,210.10001313722785,210.26855134899324,60402900
2389,2024-07-02,218.37831115722656,218.4873670751859,213.25271326862932,214.2936836981781,58046200
2390,2024-07-03,219.64730834960938,219.64730834960938,217.14894613859082,218.11061688690268,37369800
2391,2024-07-05,224.3961639404297,224.5052198536283,219.7464397478406,219.7464397478406,60412400
2392,2024-07-08,225.86346435546875,225.89320550199054,221.3327047505454,225.13972278278513,59085900
2393,2024-07-09,226.71609497070312,227.42991284004066,224.4259356098064,225.97253595078877,48076100
2394,2024-07-10,230.97914123535156,231.07828847688273,227.28117906796422,227.3307526887298,62627700
2395,2024-07-11,225.61561584472656,230.39421338925845,223.83107137940016,229.40280147827102,64710600
2396,2024-07-12,228.5601043701172,230.64207551688347,226.71607753741577,226.9540218514806,53046500
2397,2024-07-15,232.386962890625,235.1926606193721,231.0882156126273,234.44910163171727,62631300
2398,2024-07-16,232.8033447265625,234.24088892580107,230.3347237014565,232.98179160349451,43234300
2399,2024-07-17,226.9143829345703,229.47222770464353,224.6936146131452,227.4794799069808,57345900
2400,2024-07-18,222.2547149658203,228.46096321097224,220.36112971273346,228.3023336745397,66034600
2401,2024-07-19,222.3836212158203,224.85224251867803,221.36246807560826,222.88925101284036,49151500
2402,2024-07-22,222.03663635253906,225.82382229500527,221.17409763275575,225.06043082550624,48201800
2403,2024-07-23,223.0775909423828,224.9910238167192,220.76759935066607,222.44308791792702,39960300
2404,2024-07-24,216.66314697265625,222.86939506256107,215.2652677100796,222.0762625279836,61777600
2405,2024-07-25,215.62217712402344,218.95332167523742,212.77681471652627,217.0497975364767,51391200
2406,2024-07-26,216.088134765625,217.60499369491455,214.15486954444728,216.82176985722595,41601300
2407,2024-07-29,216.36575317382812,217.41664743865044,213.8971319294418,215.09674706599597,36311800
2408,2024-07-30,216.9209442138672,218.43780333279796,214.26395224147618,217.3075942808937,41643800
2409,2024-07-31,220.17276000976562,221.89782218872546,218.7352157578384,219.53825698895486,50036300
2410,2024-08-01,216.48472595214844,222.55216258005441,215.15623749650504,222.44310665442717,62501000
2411,2024-08-02,217.97183227539062,223.66254232334134,215.84030263063204,217.2679231335739,105568600
2412,2024-08-05,207.47276306152344,211.6664309709882,194.3167235143498,197.38018251460616,119548600
2413,2024-08-06,205.45030212402344,208.18660889381388,199.3432157724579,203.53688424769564,69660500
2414,2024-08-07,208.01805114746094,211.80523672133984,204.61750047992084,205.12311510057037,63516400
2415,2024-08-08,211.47808837890625,212.36044444161047,207.0365669160157,211.27980900719393,47161100
2416,2024-08-09,214.38290405273438,214.9182597959333,210.1495712142523,210.2784595957283,42201600
2417,2024-08-12,215.91146850585938,217.8767320905019,213.9958359256548,214.4623401059105,38028100
2418,2024-08-13,219.62364196777344,220.23902400333975,217.38044783379533,217.38044783379533,44155300
2419,2024-08-14,220.07029724121094,221.37054778476931,218.06532277692483,218.92885985517657,41960600
2420,2024-08-15,223.04795837402344,223.67327566716008,221.1025352094067,222.9288560878089,46414000
2421,2024-08-16,224.36807250976562,225.14226768918678,221.98592068094572,222.25391598005478,44340200
2422,2024-08-19,224.20924377441406,224.30850577318623,221.3804434072076,224.04051049270504,40687800
2423,2024-08-20,224.82464599609375,225.47973889834265,223.7725353535306,224.0901616619868,30299000
2424,2024-08-21,224.71546936035156,226.28371522001356,223.37552309496598,224.8345868015738,34765500
2425,2024-08-22,222.859375,226.64102413052154,222.2340576918725,226.09511339685906,43695300
2426,2024-08-23,225.15220642089844,226.5219434569281,222.66088738350675,223.9809934126029,38677300
2427,2024-08-26,225.48965454101562,225.58891654674125,222.22414052811973,225.0727813784282,30602200
2428,2024-08-27,226.3333282470703,227.14723425887112,223.21669220638537,224.31843379232603,35934600
2429,2024-08-28,224.8048095703125,228.149730282918,224.00082364270057,226.22416240429726,38052200
2430,2024-08-29,228.08026123046875,231.18697758967758,227.1770435151196,228.38796742499142,51906300
2431,2024-08-30,227.29612731933594,228.68570457235603,225.78743262658827,228.4772755570311,52990800
2432,2024-09-03,221.11248779296875,227.2961293418145,219.52438650802387,226.84948058831634,50190600
2433,2024-09-04,219.20677185058594,220.12984491677884,215.86183603349318,220.01074262314262,43840200
2434,2024-09-05,220.7253875732422,223.80231295165626,219.87178579311316,219.9809679444758,36615400
2435,2024-09-06,219.17698669433594,223.56409767944487,218.13479623481732,222.28368749781316,48423000
2436,2024-09-09,219.26634216308594,219.6236642204836,215.09759492361837,219.17701543505086,67180000
2437,2024-09-10,218.47227478027344,219.83207646515766,215.1174187834135,217.29112653781655,51591000
2438,2024-09-11,221.0032958984375,221.43008920211523,216.26878297144034,219.81222755985956,44587100
2439,2024-09-12,221.11248779296875,221.8866830044339,218.1844402475294,220.84449248276735,37455600
2440,2024-09-13,220.844482421875,222.37301734416337,220.25887596851652,221.91644846858938,36766600
2441,2024-09-16,214.71047973632812,215.60377723416104,212.32832783334672,214.92882889414335,59357400
2442,2024-09-17,215.1769561767578,215.2861383219032,212.90400170360138,214.14470101422842,45519300
2443,2024-09-18,219.04794311523438,221.05291740528648,215.92137182236397,215.931307109631,59894900
2444,2024-09-19,227.16709899902344,228.11004268622213,222.95865620671253,223.31597824995185,66781300
2445,2024-09-20,226.5020751953125,231.3556905514529,225.92638886705737,228.2589097535001,318679900
2446,2024-09-23,224.78494262695312,227.742765583781,224.12984974700805,225.64846451262724,54146000
2447,2024-09-24,225.67825317382812,227.64353192764617,224.05045616714196,226.94872814757065,43556100
2448,2024-09-25,224.6857147216797,225.59886774810047,222.35320871856098,223.25642645588798,42308700
2449,2024-09-26,225.82713317871094,226.7998372114188,223.73283210674714,225.60876888531146,36636700
2450,2024-09-27,226.09510803222656,227.81224676693589,225.60876359989413,226.76013618443497,34026000
2451,2024-09-30,231.26637268066406,231.26637268066406,227.94129216556473,228.32838978012126,54541900
2452,2024-10-01,224.52688598632812,227.9412778656533,222.07526286618742,227.81225543239978,63285000
2453,2024-10-02,225.0926513671875,225.67825786117984,221.36063294746157,224.2092739820147,32880600
2454,2024-10-03,223.99090576171875,225.12242301224842,221.65839996957536,223.4648504260935,34044200
2455,2024-10-04,225.11248779296875,226.3035561118749,222.46235586119454,226.20429410810965,37245100
2456,2024-10-07,220.04052734375,224.01076551273388,219.68320530273118,222.8296172342201,39505400
2457,2024-10-08,224.0901641845703,224.298593199742,221.58890998571715,222.63110049734397,31855700
2458,2024-10-09,227.8320770263672,228.04052116337735,223.157130753936,223.55414845411647,33591100
2459,2024-10-10,227.33580017089844,227.7923841625437,225.47971892420364,226.0851807689644,28183500
2460,2024-10-11,225.85693359375,227.70309500312143,225.64848941975737,227.5939128444124,31759200
2461,2024-10-14,229.5790557861328,230.0058491765277,226.89914769350656,226.9983945738209,39882100
2462,2024-10-15,232.1100311279297,235.72294688412148,230.64103225198252,231.87181141001133,64751400
2463,2024-10-16,230.05543518066406,230.3929017691756,228.12986736523644,229.87678174389526,34082200
2464,2024-10-17,230.42271423339844,232.11007773662004,228.80485231991835,231.6931893602362,32993800
2465,2024-10-18,233.25148010253906,234.4226930307779,232.26884075534687,234.4226930307779,46431500
2466,2024-10-21,234.72044372558594,235.08770100400858,232.70554934615632,232.70554934615632,36254500
2467,2024-10-22,234.10507202148438,234.46239402859047,230.8693336731526,232.14972869721714,38846600
2468,2024-10-23,229.04302978515625,233.39044533687328,226.0653512199268,232.33833466706656,52287000
2469,2024-10-24,228.8544464111328,229.10258628095696,226.71051430099084,228.26882480795348,31109500
2470,2024-10-25,229.68821716308594,231.48474758840828,227.86191116183892,228.03064447383113,38802300
2471,2024-10-28,231.66336059570312,232.983466430484,230.8196941830456,231.58396917060392,36087100
2472,2024-10-29,231.93138122558594,232.5864741436605,230.59143496071306,231.36563017470797,35417200
2473,2024-10-30,228.38795471191406,231.73287549326048,227.8420439394486,230.8792736886572,47070900
2474,2024-10-31,224.2291259765625,228.11995749798112,223.69313535160188,227.63359787833264,64370100
2475,2024-11-01,221.25143432617188,223.67328184782377,218.6310779402587,219.32586653780092,65276700
2476,2024-11-04,220.35812377929688,221.13231895883285,218.0752491010658,219.34572401852256,44944500
2477,2024-11-05,221.78741455078125,222.28369429475046,219.49460455688452,220.14969745378525,28111300
2478,2024-11-06,221.06283569335938,224.38791581537038,219.54422098922427,220.95365355112233,54561100
2479,2024-11-07,225.7874298095703,226.18446269494834,222.89909318788202,222.95864433437472,42137700
2480,2024-11-08,225.51914978027344,227.20835428792034,224.9726384261151,225.72780810336752,38328800
2481,2024-11-11,222.80645751953125,224.26712634517858,220.0937933412938,223.5715733715174,42005600
2482,2024-11-12,222.80645751953125,224.15782408060912,221.94198562097503,223.1244332571579,40398300
2483,2024-11-13,223.69082641601562,225.2111120360391,221.34580821096,222.58787261698694,48566200
2484,2024-11-14,226.77114868164062,227.41701609796436,223.57158960851197,223.59146688403666,44923900
2485,2024-11-15,223.5715789794922,225.4793879673537,222.84621765747355,224.96268496170848,47923700
2486,2024-11-18,226.5724334716797,228.28151537171908,223.74052045447314,223.82001439888424,44633700
2487,2024-11-19,226.8307647705078,228.6988344551977,225.22105418122663,225.53901477922054,36211800
2488,2024-11-20,227.54620361328125,228.4702922716314,224.45594670445817,226.61216873586113,35169600
2489,2024-11-21,227.06924438476562,228.69883223369175,224.2770861035494,227.42695953023323,42108300
2490,2024-11-22,228.41065979003906,229.25526960886552,226.6121530455377,226.6121530455377,38168300
2491,2024-11-25,231.39161682128906,231.7692092379923,228.28149797848934,229.99057974831032,90152800
2492,2024-11-26,233.56773376464844,234.07450576495518,231.8487208075284,231.8487208075284,45986200
2493,2024-11-27,233.43853759765625,234.1937224347506,232.32565277909848,232.9814664022851,33498400
2494,2024-11-29,235.82330322265625,236.3002516789311,232.48463370489634,233.3192972938568,28481400
2495,2024-12-02,238.0689697265625,239.26134854667043,235.65440375298792,235.76370602927642,48137100
2496,2024-12-03,241.1095428466797,241.21884512379424,237.38334952948236,238.2875760799829,38861000
2497,2024-12-04,241.46725463867188,242.56027739454964,239.7184333911867,241.32814402991647,44383900
2498,2024-12-05,241.49705505371094,242.98753231090083,240.59284370740727,242.4410361127995,40033900
2499,2024-12-06,241.29830932617188,243.07695387436263,240.5431396985891,241.36787220390693,36870600
2500,2024-12-09,245.18350219726562,245.67039687977774,240.21524480725012,240.29473874492055,44649200
2501,2024-12-10,246.197021484375,246.63423054379348,243.78244060146582,245.32260336553807,36914800
2502,2024-12-11,244.9251708984375,249.20780656351602,244.69662013013263,246.3858398593606,45205800
2503,2024-12-12,246.3858184814453,247.1608653940442,244.1202792424049,245.32260415969785,32777500
2504,2024-12-13,246.55474853515625,247.70737273801882,244.67674782957272,246.24671899982582,33155300
2505,2024-12-16,249.44627380371094,249.7841268474892,246.07779571830554,246.4156487620838,51694800
2506,2024-12-17,251.87075805664062,252.2185421189052,248.19425082976375,248.49234928857376,51356400
2507,2024-12-18,246.4752655029297,252.6657103008961,246.1672359539693,250.55917390522964,56774100
2508,2024-12-19,248.20419311523438,250.400169527173,245.5213371883983,245.92873792847348,60882300
2509,2024-12-20,252.87437438964844,253.38113119374523,244.13023820234332,246.46531011815415,147495300
2510,2024-12-23,253.64942932128906,254.02700659111463,251.84097626600598,253.15260355822258,40858800
2511,2024-12-24,256.56085205078125,256.5707679464462,253.6693071300515,253.86804957710976,23234700
2512,2024-12-26,257.3756103515625,258.44877099351584,255.99445048269988,256.5508929178466,27237100
2513,2024-12-27,253.96737670898438,257.05764856283577,251.45343969164696,256.19314630806485,42355300
2514,2024-12-30,250.59889221191406,251.8906421270002,249.15810064436016,250.6287005424076,35557500
2515,2024-12-31,248.8302001953125,251.6720440162376,247.84647977817443,250.83738041728796,39480700
