Date,Adj Close,Close,High,Low,Open,Volume
,AAPL,AAPL,AAPL,AAPL,AAPL,AAPL
2015-01-02,24.192598342895508,27.332500457763672,27.860000610351562,26.837499618530273,27.84749984741211,212818400
2015-01-05,23.511062622070312,26.5625,27.162500381469727,26.352500915527344,27.072500228881836,257142000
2015-01-06,23.513277053833008,26.565000534057617,26.857500076293945,26.157499313354492,26.635000228881836,263188400
2015-01-07,23.842987060546875,26.9375,27.049999237060547,26.674999237060547,26.799999237060547,160423600
2015-01-08,24.759077072143555,27.97249984741211,28.037500381469727,27.174999237060547,27.3075008392334,237458000
2015-01-09,24.785634994506836,28.002500534057617,28.3125,27.552499771118164,28.167499542236328,214798000
2015-01-12,24.174901962280273,27.3125,28.157499313354492,27.200000762939453,28.149999618530273,198603200
2015-01-13,24.38954734802246,27.55500030517578,28.200000762939453,27.227500915527344,27.857500076293945,268367600
2015-01-14,24.29660415649414,27.450000762939453,27.622499465942383,27.125,27.260000228881836,195826400
2015-01-15,23.63718032836914,26.704999923706055,27.514999389648438,26.665000915527344,27.5,240056000
2015-01-16,23.453523635864258,26.497499465942383,26.895000457763672,26.299999237060547,26.75749969482422,314053200
2015-01-20,24.057619094848633,27.18000030517578,27.24250030517578,26.625,26.959999084472656,199599600
2015-01-21,24.24128532409668,27.387500762939453,27.764999389648438,27.0674991607666,27.237499237060547,194303600
2015-01-22,24.87194061279297,28.100000381469727,28.11750030517578,27.43000030517578,27.565000534057617,215185600
2015-01-23,25.000276565551758,28.2450008392334,28.4375,27.88249969482422,28.075000762939453,185859200
2015-01-26,25.026826858520508,28.274999618530273,28.59000015258789,28.200000762939453,28.434999465942383,222460000
2015-01-27,24.15056037902832,27.28499984741211,28.1200008392334,27.25749969482422,28.104999542236328,382274800
2015-01-28,25.515853881835938,28.827499389648438,29.530000686645508,28.827499389648438,29.407499313354492,585908400
2015-01-29,26.31025505065918,29.725000381469727,29.797500610351562,28.889999389648438,29.079999923706055,337745600
2015-01-30,25.92522621154785,29.290000915527344,30.0,29.212499618530273,29.600000381469727,334982000
2015-02-02,26.250507354736328,29.657499313354492,29.792499542236328,29.020000457763672,29.512500762939453,250956400
2015-02-03,26.254940032958984,29.662500381469727,29.772499084472656,29.40250015258789,29.625,207662800
2015-02-04,26.4563045501709,29.889999389648438,30.127500534057617,29.577499389648438,29.625,280598800
2015-02-05,26.6451358795166,29.985000610351562,30.0575008392334,29.8125,30.0049991607666,168984800
2015-02-06,26.420764923095703,29.732500076293945,30.0625,29.612499237060547,30.0049991607666,174826400
2015-02-09,26.596261978149414,29.93000030517578,29.959999084472656,29.607500076293945,29.637500762939453,155559200
2015-02-10,27.107219696044922,30.5049991607666,30.537500381469727,30.040000915527344,30.042499542236328,248034000
2015-02-11,27.742572784423828,31.219999313354492,31.229999542236328,30.625,30.6924991607666,294247200
2015-02-12,28.09358024597168,31.614999771118164,31.8700008392334,31.392499923706055,31.514999389648438,297898000
2015-02-13,28.23131561279297,31.770000457763672,31.81999969482422,31.412500381469727,31.81999969482422,217088800
2015-02-17,28.39792823791504,31.957500457763672,32.220001220703125,31.729999542236328,31.872499465942383,252609600
2015-02-18,28.595645904541016,32.18000030517578,32.19499969482422,31.862499237060547,31.907499313354492,179566800
2015-02-19,28.53566551208496,32.11249923706055,32.25749969482422,32.08250045776367,32.119998931884766,149449600
2015-02-20,28.768922805786133,32.375,32.375,32.01250076293945,32.154998779296875,195793600
2015-02-23,29.54646110534668,33.25,33.25,32.415000915527344,32.505001068115234,283896400
2015-02-24,29.362077713012695,33.04249954223633,33.400001525878906,32.79249954223633,33.23500061035156,276912400
2015-02-25,28.61119842529297,32.1974983215332,32.900001525878906,32.037498474121094,32.88999938964844,298846800
2015-02-26,28.973310470581055,32.60499954223633,32.717498779296875,31.65250015258789,32.1974983215332,365150000
2015-02-27,28.53788185119629,32.1150016784668,32.64250183105469,32.060001373291016,32.5,248059200
2015-03-02,28.67784309387207,32.272499084472656,32.56999969482422,32.07500076293945,32.3125,192386800
2015-03-03,28.737823486328125,32.34000015258789,32.380001068115234,32.022499084472656,32.2400016784668,151265200
2015-03-04,28.555660247802734,32.1349983215332,32.38999938964844,32.08000183105469,32.275001525878906,126665200
2015-03-05,28.082469940185547,31.602500915527344,32.1875,31.440000534057617,32.14500045776367,226068400
2015-03-06,28.12467384338379,31.649999618530273,32.342498779296875,31.565000534057617,32.099998474121094,291368400
2015-03-09,28.244644165039062,31.78499984741211,32.39250183105469,31.264999389648438,31.989999771118164,354114000
2015-03-10,27.660377502441406,31.127500534057617,31.80500030517578,30.950000762939453,31.602500915527344,275426400
2015-03-11,27.156095504760742,30.559999465942383,31.1924991607666,30.52750015258789,31.1875,275756000
2015-03-12,27.647048950195312,31.112499237060547,31.225000381469727,30.407499313354492,30.577499389648438,193450800
2015-03-13,27.455995559692383,30.897499084472656,31.350000381469727,30.645000457763672,31.100000381469727,207309200
2015-03-16,27.758115768432617,31.237499237060547,31.237499237060547,30.717500686645508,30.969999313354492,143497200
2015-03-17,28.22242546081543,31.760000228881836,31.829999923706055,31.412500381469727,31.475000381469727,204092400
2015-03-18,28.540103912353516,32.11750030517578,32.290000915527344,31.592500686645508,31.75,261083600
2015-03-19,28.324617385864258,31.875,32.3125,31.850000381469727,32.1875,183238000
2015-03-20,27.96917152404785,31.475000381469727,32.099998474121094,31.290000915527344,32.0625,274780400
2015-03-23,28.260190963745117,31.802499771118164,31.962499618530273,31.6299991607666,31.780000686645508,150838800
2015-03-24,28.14467430114746,31.672500610351562,32.0099983215332,31.639999389648438,31.8075008392334,131369200
2015-03-25,27.409339904785156,30.844999313354492,31.704999923706055,30.844999313354492,31.635000228881836,206620800
2015-03-26,27.600400924682617,31.059999465942383,31.219999313354492,30.649999618530273,30.690000534057617,190291600
2015-03-27,27.38046646118164,30.8125,31.174999237060547,30.727500915527344,31.142499923706055,158184800
2015-03-30,28.073583602905273,31.592500686645508,31.600000381469727,31.0,31.012500762939453,188398800
2015-03-31,27.642614364624023,31.107500076293945,31.622499465942383,31.09000015258789,31.522499084472656,168362400
2015-04-01,27.60262107849121,31.0625,31.280000686645508,30.774999618530273,31.204999923706055,162485600
2015-04-02,27.840322494506836,31.329999923706055,31.389999389648438,31.047500610351562,31.25749969482422,128880400
2015-04-06,28.29129409790039,31.837499618530273,31.877500534057617,31.082500457763672,31.11750030517578,148776000
2015-04-07,27.993610382080078,31.502500534057617,32.029998779296875,31.4950008392334,31.90999984741211,140049200
2015-04-08,27.902524948120117,31.399999618530273,31.600000381469727,31.24250030517578,31.462499618530273,149316800
2015-04-09,28.11579132080078,31.639999389648438,31.645000457763672,31.165000915527344,31.462499618530273,129936000
2015-04-10,28.235755920410156,31.774999618530273,31.802499771118164,31.315000534057617,31.487499237060547,160752000
2015-04-13,28.180217742919922,31.712499618530273,32.14250183105469,31.65250015258789,32.092498779296875,145460400
2015-04-14,28.05803680419922,31.575000762939453,31.822500228881836,31.477500915527344,31.75,102098400
2015-04-15,28.164669036865234,31.69499969482422,31.782499313354492,31.502500534057617,31.602500915527344,115881600
2015-04-16,28.02915382385254,31.542499542236328,31.774999618530273,31.52750015258789,31.56999969482422,113476000
2015-04-17,27.713695526123047,31.1875,31.53499984741211,31.114999771118164,31.387500762939453,207828000
2015-04-20,28.346843719482422,31.899999618530273,32.029998779296875,31.292499542236328,31.392499923706055,188217200
2015-04-21,28.19355010986328,31.727500915527344,32.04999923706055,31.667499542236328,32.025001525878906,129740400
2015-04-22,28.573434829711914,32.154998779296875,32.217498779296875,31.579999923706055,31.747499465942383,150618000
2015-04-23,28.806697845458984,32.41749954223633,32.60499954223633,32.03499984741211,32.07500076293945,183083600
2015-04-24,28.942201614379883,32.56999969482422,32.657501220703125,32.307498931884766,32.622501373291016,178103600
2015-04-27,29.468708038330078,33.162498474121094,33.282501220703125,32.787498474121094,33.07749938964844,387816800
2015-04-28,29.004411697387695,32.63999938964844,33.6349983215332,32.39250183105469,33.6150016784668,475696000
2015-04-29,28.57786750793457,32.15999984741211,32.897499084472656,32.07500076293945,32.540000915527344,253544400
2015-04-30,27.80255889892578,31.287500381469727,32.15999984741211,31.145000457763672,32.15999984741211,332781600
2015-05-01,28.646745681762695,32.23749923706055,32.532501220703125,31.325000762939453,31.524999618530273,234050400
2015-05-04,28.591205596923828,32.17499923706055,32.64250183105469,32.064998626708984,32.375,203953200
2015-05-05,27.946958541870117,31.450000762939453,32.11249923706055,31.44499969482422,32.037498474121094,197085600
2015-05-06,27.771465301513672,31.252500534057617,31.6875,30.84000015258789,31.639999389648438,288564000
2015-05-07,27.943222045898438,31.315000534057617,31.520000457763672,31.0049991607666,31.1924991607666,175763600
2015-05-08,28.469707489013672,31.905000686645508,31.905000686645508,31.52750015258789,31.670000076293945,222201600
2015-05-11,28.179702758789062,31.579999923706055,31.889999389648438,31.407499313354492,31.84749984741211,168143200
2015-05-12,28.079317092895508,31.467500686645508,31.719999313354492,31.204999923706055,31.399999618530273,192640000
2015-05-13,28.110538482666016,31.502500534057617,31.797500610351562,31.467500686645508,31.537500381469727,138776800
2015-05-14,28.766407012939453,32.23749923706055,32.23749923706055,31.790000915527344,31.852500915527344,180814000
2015-05-15,28.726245880126953,32.192501068115234,32.372501373291016,32.0525016784668,32.26750183105469,152832000
2015-05-18,29.043020248413086,32.54750061035156,32.68000030517578,32.09000015258789,32.095001220703125,203531600
2015-05-19,29.016254425048828,32.51750183105469,32.720001220703125,32.40999984741211,32.67250061035156,178532800
2015-05-20,29.014009475708008,32.51499938964844,32.744998931884766,32.334999084472656,32.5,145819600
2015-05-21,29.31072425842285,32.84749984741211,32.907501220703125,32.45750045776367,32.51750183105469,158921600
2015-05-22,29.567256927490234,33.1349983215332,33.24250030517578,32.849998474121094,32.900001525878906,182384000
2015-05-26,28.915863037109375,32.404998779296875,33.227500915527344,32.279998779296875,33.150001525878906,282790400
2015-05-27,29.455730438232422,33.0099983215332,33.064998626708984,32.51250076293945,32.584999084472656,183332800
2015-05-28,29.39771270751953,32.94499969482422,32.98749923706055,32.775001525878906,32.96500015258789,122933200
2015-05-29,29.06308937072754,32.56999969482422,32.86249923706055,32.474998474121094,32.807498931884766,203538000
2015-06-01,29.12110137939453,32.6349983215332,32.84749984741211,32.51250076293945,32.56999969482422,128451200
2015-06-02,28.991710662841797,32.4900016784668,32.665000915527344,32.33000183105469,32.46500015258789,134670400
2015-06-03,29.027406692504883,32.529998779296875,32.73500061035156,32.474998474121094,32.665000915527344,123934000
2015-06-04,28.857866287231445,32.34000015258789,32.64500045776367,32.227500915527344,32.39500045776367,153800400
2015-06-05,28.699474334716797,32.162498474121094,32.42250061035156,32.09000015258789,32.375,142507200
2015-06-08,28.509859085083008,31.950000762939453,32.3025016784668,31.707500457763672,32.224998474121094,210699200
2015-06-09,28.42508316040039,31.854999542236328,32.02000045776367,31.405000686645508,31.674999237060547,224301600
2015-06-10,28.75078582763672,32.220001220703125,32.334999084472656,31.962499618530273,31.979999542236328,156349200
2015-06-11,28.68609046936035,32.147499084472656,32.54499816894531,32.119998931884766,32.29499816894531,141563600
2015-06-12,28.36931037902832,31.792499542236328,32.08250045776367,31.77750015258789,32.04750061035156,147544800
2015-06-15,28.31355094909668,31.729999542236328,31.809999465942383,31.427499771118164,31.524999618530273,175955600
2015-06-16,28.465240478515625,31.899999618530273,31.962499618530273,31.592500686645508,31.75749969482422,125976400
2015-06-17,28.398319244384766,31.825000762939453,31.969999313354492,31.684999465942383,31.93000030517578,131672400
2015-06-18,28.527700424194336,31.969999313354492,32.07749938964844,31.80500030517578,31.8075008392334,141628800
2015-06-19,28.242164611816406,31.649999618530273,31.954999923706055,31.600000381469727,31.927499771118164,218867600
2015-06-22,28.46747589111328,31.90250015258789,32.01499938964844,31.770000457763672,31.872499465942383,136157200
2015-06-23,28.33808135986328,31.75749969482422,31.90250015258789,31.719999313354492,31.8700008392334,121075600
2015-06-24,28.579011917114258,32.02750015258789,32.45000076293945,31.780000686645508,31.802499771118164,221123600
2015-06-25,28.44293212890625,31.875,32.29999923706055,31.875,32.21500015258789,127752400
2015-06-26,28.275615692138672,31.6875,31.997499465942383,31.627500534057617,31.917499542236328,176267200
2015-06-29,27.780378341674805,31.13249969482422,31.61750030517578,31.1200008392334,31.364999771118164,196645600
2015-06-30,27.98114776611328,31.357500076293945,31.530000686645508,31.21500015258789,31.392499923706055,177482800
2015-07-01,28.242164611816406,31.649999618530273,31.735000610351562,31.497499465942383,31.725000381469727,120955200
2015-07-02,28.206466674804688,31.610000610351562,31.672500610351562,31.4424991607666,31.607500076293945,108844000
2015-07-06,28.108314514160156,31.5,31.5575008392334,31.212499618530273,31.235000610351562,112241600
2015-07-07,28.039155960083008,31.422500610351562,31.537500381469727,30.9424991607666,31.47249984741211,187787200
2015-07-08,27.343130111694336,30.642499923706055,31.15999984741211,30.635000228881836,31.1200008392334,243046400
2015-07-09,26.785436630249023,30.017499923706055,31.014999389648438,29.80500030517578,30.962499618530273,314380000
2015-07-10,27.501522064208984,30.81999969482422,30.962499618530273,30.302499771118164,30.485000610351562,245418000
2015-07-13,28.03246307373047,31.415000915527344,31.440000534057617,31.079999923706055,31.25749969482422,165762000
2015-07-14,28.02130889892578,31.40250015258789,31.592500686645508,31.260000228881836,31.510000228881836,127072400
2015-07-15,28.291234970092773,31.704999923706055,31.787500381469727,31.395000457763672,31.43000030517578,134596800
2015-07-16,28.66824722290039,32.127498626708984,32.14250183105469,31.837499618530273,31.934999465942383,144889600
2015-07-17,28.915863037109375,32.404998779296875,32.404998779296875,32.07749938964844,32.27000045776367,184658800
2015-07-20,29.462419509887695,33.01750183105469,33.24250030517578,32.67499923706055,32.74250030517578,235600800
2015-07-21,29.167940139770508,32.6875,33.22999954223633,32.58000183105469,33.212501525878906,307025600
2015-07-22,27.934297561645508,31.30500030517578,31.375,30.497499465942383,30.497499465942383,461802400
2015-07-23,27.920921325683594,31.290000915527344,31.772499084472656,31.264999389648438,31.549999237060547,203998000
2015-07-24,27.773681640625,31.125,31.434999465942383,30.975000381469727,31.329999923706055,168649200
2015-07-27,27.38775634765625,30.6924991607666,30.90250015258789,30.530000686645508,30.772499084472656,177822000
2015-07-28,27.52383041381836,30.844999313354492,30.977500915527344,30.637500762939453,30.844999313354492,134472400
2015-07-29,27.436838150024414,30.747499465942383,30.875,30.5674991607666,30.787500381469727,148046800
2015-07-30,27.29851722717285,30.592500686645508,30.642499923706055,30.427499771118164,30.579999923706055,134513200
2015-07-31,27.059823989868164,30.325000762939453,30.65999984741211,30.227500915527344,30.649999618530273,171540000
2015-08-03,26.421812057495117,29.610000610351562,30.642499923706055,29.3799991607666,30.375,279904000
2015-08-04,25.574098587036133,28.65999984741211,29.424999237060547,28.3125,29.354999542236328,496554400
2015-08-05,25.743640899658203,28.850000381469727,29.360000610351562,28.024999618530273,28.237499237060547,397250400
2015-08-06,25.799665451049805,28.782499313354492,29.125,28.530000686645508,28.99250030517578,211612000
2015-08-07,25.88706398010254,28.8799991607666,29.0625,28.625,28.645000457763672,154681600
2015-08-10,26.828248977661133,29.93000030517578,29.997499465942383,29.13249969482422,29.13249969482422,219806400
2015-08-11,25.432157516479492,28.372499465942383,29.545000076293945,28.332500457763672,29.452499389648438,388331200
2015-08-12,25.82431983947754,28.809999465942383,28.854999542236328,27.407499313354492,28.13249969482422,404870000
2015-08-13,25.804149627685547,28.787500381469727,29.100000381469727,28.635000228881836,29.010000228881836,194143200
2015-08-14,25.985666275024414,28.989999771118164,29.077499389648438,28.502500534057617,28.579999923706055,171718000
2015-08-17,26.25457000732422,29.290000915527344,29.412500381469727,28.875,29.010000228881836,163538800
2015-08-18,26.106672286987305,29.125,29.360000610351562,29.002500534057617,29.107500076293945,138242800
2015-08-19,25.772769927978516,28.752500534057617,29.1299991607666,28.670000076293945,29.024999618530273,193146000
2015-08-20,25.243913650512695,28.162500381469727,28.587499618530273,27.907499313354492,28.520000457763672,274006400
2015-08-21,23.699922561645508,26.440000534057617,27.975000381469727,26.412500381469727,27.607500076293945,513102000
2015-08-24,23.10832405090332,25.780000686645508,27.200000762939453,23.0,23.717500686645508,648825200
2015-08-25,23.247268676757812,25.934999465942383,27.77750015258789,25.875,27.77750015258789,414406400
2015-08-26,24.580604553222656,27.422500610351562,27.47249984741211,26.262500762939453,26.772499084472656,387098400
2015-08-27,25.304424285888672,28.229999542236328,28.309999465942383,27.5049991607666,28.0575008392334,338464400
2015-08-28,25.387340545654297,28.322500228881836,28.327499389648438,27.885000228881836,28.042499542236328,212657600
2015-08-31,25.26856803894043,28.190000534057617,28.63249969482422,28.0,28.00749969482422,224917200
2015-09-01,24.139144897460938,26.93000030517578,27.969999313354492,26.84000015258789,27.537500381469727,307383600
2015-09-02,25.17444610595703,28.084999084472656,28.084999084472656,27.282499313354492,27.5575008392334,247555200
2015-09-03,24.732994079589844,27.592500686645508,28.19499969482422,27.510000228881836,28.122499465942383,212935600
2015-09-04,24.486480712890625,27.3174991607666,27.612499237060547,27.127500534057617,27.24250030517578,199985200
2015-09-08,25.16771697998047,28.077499389648438,28.139999389648438,27.579999923706055,27.9375,219374400
2015-09-09,24.683687210083008,27.537500381469727,28.5049991607666,27.4424991607666,28.440000534057617,340043200
2015-09-10,25.22599220275879,28.142499923706055,28.31999969482422,27.475000381469727,27.5674991607666,251571200
2015-09-11,25.593505859375,28.552499771118164,28.552499771118164,27.940000534057617,27.947500228881836,199662000
2015-09-14,25.839996337890625,28.827499389648438,29.22249984741211,28.71500015258789,29.145000457763672,233453600
2015-09-15,26.05736541748047,29.06999969482422,29.13249969482422,28.604999542236328,28.982500076293945,173364800
2015-09-16,26.086505889892578,29.102500915527344,29.135000228881836,28.860000610351562,29.0625,148694000
2015-09-17,25.528514862060547,28.479999542236328,29.122499465942383,28.43000030517578,28.915000915527344,256450400
2015-09-18,25.423185348510742,28.362499237060547,28.575000762939453,27.967500686645508,28.052499771118164,297141200
2015-09-21,25.817596435546875,28.802499771118164,28.842500686645508,28.415000915527344,28.417499542236328,200888000
2015-09-22,25.4119873046875,28.350000381469727,28.545000076293945,28.1299991607666,28.344999313354492,201384800
2015-09-23,25.618152618408203,28.579999923706055,28.68000030517578,28.325000762939453,28.407499313354492,143026800
2015-09-24,25.770538330078125,28.75,28.875,28.092500686645508,28.3125,200878000
2015-09-25,25.70553970336914,28.677499771118164,29.172500610351562,28.5049991607666,29.110000610351562,224607600
2015-09-28,25.19685935974121,28.110000610351562,28.642499923706055,28.110000610351562,28.462499618530273,208436000
2015-09-29,24.439428329467773,27.264999389648438,28.377500534057617,26.96500015258789,28.207500457763672,293461600
2015-09-30,24.717304229736328,27.575000762939453,27.885000228881836,27.1825008392334,27.542499542236328,265892000
2015-10-01,24.555952072143555,27.395000457763672,27.405000686645508,26.827499389648438,27.267499923706055,255716400
2015-10-02,24.735227584838867,27.594999313354492,27.752500534057617,26.887500762939453,27.002500534057617,232079200
2015-10-05,24.82486343383789,27.69499969482422,27.842500686645508,27.267499923706055,27.469999313354492,208258800
2015-10-06,24.943632125854492,27.827499389648438,27.934999465942383,27.4424991607666,27.657499313354492,192787200
2015-10-07,24.82486343383789,27.69499969482422,27.9424991607666,27.352500915527344,27.934999465942383,187062400
2015-10-08,24.538028717041016,27.375,27.547500610351562,27.052499771118164,27.547500610351562,247918400
2015-10-09,25.125152587890625,28.030000686645508,28.06999969482422,27.372499465942383,27.5,211064400
2015-10-12,25.008628845214844,27.899999618530273,28.1875,27.860000610351562,28.1825008392334,121868800
2015-10-13,25.05119514465332,27.947500228881836,28.112499237060547,27.670000076293945,27.704999923706055,132197200
2015-10-14,24.697132110595703,27.552499771118164,27.8799991607666,27.389999389648438,27.822500228881836,177849600
2015-10-15,25.06688690185547,27.96500015258789,28.024999618530273,27.622499465942383,27.732500076293945,150694000
2015-10-16,24.883129119873047,27.760000228881836,28.0,27.63249969482422,27.94499969482422,156930400
2015-10-19,25.03775405883789,27.9325008392334,27.9375,27.52750015258789,27.700000762939453,119036800
2015-10-20,25.494897842407227,28.4424991607666,28.542499542236328,27.704999923706055,27.834999084472656,195871200
2015-10-21,25.492658615112305,28.440000534057617,28.895000457763672,28.424999237060547,28.5,167180800
2015-10-22,25.882572174072266,28.875,28.875,28.524999618530273,28.582500457763672,166616400
2015-10-23,26.684829711914062,29.770000457763672,29.8075008392334,29.082500457763672,29.174999237060547,237467600
2015-10-26,25.83327865600586,28.81999969482422,29.532499313354492,28.729999542236328,29.520000457763672,265335200
2015-10-27,25.669692993164062,28.637500762939453,29.135000228881836,28.497499465942383,28.850000381469727,279537600
2015-10-28,26.727399826049805,29.8174991607666,29.825000762939453,29.014999389648438,29.232500076293945,342205600
2015-10-29,27.009754180908203,30.13249969482422,30.172500610351562,29.5674991607666,29.674999237060547,204909200
2015-10-30,26.77893829345703,29.875,30.30500030517578,29.862499237060547,30.247499465942383,197461200
2015-11-02,27.155414581298828,30.295000076293945,30.34000015258789,29.90250015258789,30.200000762939453,128813200
2015-11-03,27.466903686523438,30.642499923706055,30.872499465942383,30.174999237060547,30.197500228881836,182076000
2015-11-04,27.339168548583984,30.5,30.954999923706055,30.405000686645508,30.782499313354492,179544400
2015-11-05,27.213144302368164,30.229999542236328,30.672500610351562,30.045000076293945,30.462499618530273,158210800
2015-11-06,27.244657516479492,30.264999389648438,30.452499389648438,30.155000686645508,30.27750015258789,132169200
2015-11-09,27.134376525878906,30.142499923706055,30.452499389648438,30.012500762939453,30.239999771118164,135485600
2015-11-10,26.27918815612793,29.1924991607666,29.517499923706055,29.014999389648438,29.225000381469727,236511600
2015-11-11,26.130657196044922,29.02750015258789,29.354999542236328,28.802499771118164,29.092500686645508,180872000
2015-11-12,26.042882919311523,28.93000030517578,29.204999923706055,28.912500381469727,29.065000534057617,130102400
2015-11-13,25.282209396362305,28.084999084472656,28.892499923706055,28.0674991607666,28.799999237060547,183249600
2015-11-16,25.696304321289062,28.545000076293945,28.559999465942383,27.75,27.844999313354492,152426800
2015-11-17,25.586029052734375,28.422500610351562,28.762500762939453,28.329999923706055,28.729999542236328,110467600
2015-11-18,26.396209716796875,29.322500228881836,29.372499465942383,28.875,28.940000534057617,186698800
2015-11-19,26.73154067993164,29.69499969482422,29.9375,29.190000534057617,29.40999984741211,173183200
2015-11-20,26.84856414794922,29.825000762939453,29.979999542236328,29.712499618530273,29.799999237060547,137148400
2015-11-23,26.499736785888672,29.4375,29.9325008392334,29.334999084472656,29.8174991607666,129930000
2015-11-24,26.7540340423584,29.719999313354492,29.837499618530273,29.280000686645508,29.332500457763672,171212800
2015-11-25,26.562747955322266,29.50749969482422,29.8075008392334,29.479999542236328,29.802499771118164,85553200
2015-11-27,26.51323890686035,29.452499389648438,29.602500915527344,29.399999618530273,29.572500228881836,52185600
2015-11-30,26.623512268066406,29.575000762939453,29.852500915527344,29.4375,29.497499465942383,156721200
2015-12-01,26.40746307373047,29.334999084472656,29.702499389648438,29.21500015258789,29.6875,139409600
2015-12-02,26.168912887573242,29.06999969482422,29.52750015258789,29.020000457763672,29.334999084472656,133546400
2015-12-03,25.92584991455078,28.799999237060547,29.197500228881836,28.55500030517578,29.137500762939453,166278000
2015-12-04,26.787792205810547,29.75749969482422,29.8125,28.77750015258789,28.822500228881836,231108000
2015-12-07,26.61901092529297,29.56999969482422,29.96500015258789,29.452499389648438,29.7450008392334,128336800
2015-12-08,26.607759475708008,29.5575008392334,29.649999618530273,29.21500015258789,29.3799991607666,137238000
2015-12-09,26.020374298095703,28.905000686645508,29.422500610351562,28.770000457763672,29.40999984741211,185445600
2015-12-10,26.14415740966797,29.042499542236328,29.235000610351562,28.877500534057617,29.010000228881836,116850800
2015-12-11,25.47125244140625,28.295000076293945,28.84749984741211,28.212499618530273,28.797500610351562,187544800
2015-12-14,25.313716888427734,28.1200008392334,28.170000076293945,27.447500228881836,28.045000076293945,257274800
2015-12-15,24.865867614746094,27.622499465942383,28.200000762939453,27.587499618530273,27.985000610351562,213292400
2015-12-16,25.057157516479492,27.834999084472656,27.997499465942383,27.200000762939453,27.767499923706055,224954000
2015-12-17,24.526033401489258,27.2450008392334,28.0625,27.2450008392334,28.0049991607666,179091200
2015-12-18,23.86213493347168,26.50749969482422,27.3799991607666,26.452499389648438,27.227500915527344,385813200
2015-12-21,24.154706954956055,26.832500457763672,26.842500686645508,26.392499923706055,26.81999969482422,190362400
2015-12-22,24.13219451904297,26.8075008392334,26.93000030517578,26.612499237060547,26.850000381469727,131157600
2015-12-23,24.442773818969727,27.15250015258789,27.212499618530273,26.799999237060547,26.8174991607666,130629600
2015-12-24,24.312240600585938,27.00749969482422,27.25,26.987499237060547,27.25,54281600
2015-12-28,24.03993034362793,26.704999923706055,26.922500610351562,26.545000076293945,26.897499084472656,106816800
2015-12-29,24.472021102905273,27.184999465942383,27.357500076293945,26.71500015258789,26.739999771118164,123724800
2015-12-30,24.152454376220703,26.829999923706055,27.174999237060547,26.795000076293945,27.145000457763672,100855200
2015-12-31,23.68885040283203,26.315000534057617,26.75749969482422,26.204999923706055,26.752500534057617,163649200
2016-01-04,23.709104537963867,26.337499618530273,26.342500686645508,25.5,25.65250015258789,270597600
2016-01-05,23.114965438842773,25.677499771118164,26.462499618530273,25.602500915527344,26.4375,223164000
2016-01-06,22.662616729736328,25.174999237060547,25.592500686645508,24.967500686645508,25.139999389648438,273829600
2016-01-07,21.70615005493164,24.112499237060547,25.032499313354492,24.107500076293945,24.670000076293945,324377600
2016-01-08,21.820932388305664,24.239999771118164,24.77750015258789,24.190000534057617,24.637500762939453,283192000
2016-01-11,22.174253463745117,24.63249969482422,24.764999389648438,24.334999084472656,24.74250030517578,198957600
2016-01-12,22.496082305908203,24.989999771118164,25.172500610351562,24.709999084472656,25.137500762939453,196616800
2016-01-13,21.917705535888672,24.34749984741211,25.297500610351562,24.325000762939453,25.079999923706055,249758400
2016-01-14,22.397052764892578,24.8799991607666,25.1200008392334,23.934999465942383,24.489999771118164,252680400
2016-01-15,21.85918426513672,24.282499313354492,24.427499771118164,23.84000015258789,24.049999237060547,319335600
2016-01-19,21.7534122467041,24.165000915527344,24.662500381469727,23.875,24.602500915527344,212350800
2016-01-20,21.782665252685547,24.197500228881836,24.547500610351562,23.354999542236328,23.774999618530273,289337600
2016-01-21,21.672393798828125,24.075000762939453,24.469999313354492,23.735000610351562,24.264999389648438,208646000
2016-01-22,22.82465362548828,25.354999542236328,25.364999771118164,24.592500686645508,24.657499313354492,263202000
2016-01-25,22.37905502319336,24.860000610351562,25.38249969482422,24.802499771118164,25.3799991607666,207178000
2016-01-26,22.502824783325195,24.997499465942383,25.219999313354492,24.517499923706055,24.982500076293945,300308000
2016-01-27,21.024242401123047,23.354999542236328,24.157499313354492,23.334999084472656,24.010000228881836,533478800
2016-01-28,21.175029754638672,23.522499084472656,23.6299991607666,23.09749984741211,23.447500228881836,222715200
2016-01-29,21.906448364257812,24.334999084472656,24.334999084472656,23.587499618530273,23.697500228881836,257666000
2016-02-01,21.70165252685547,24.107500076293945,24.177499771118164,23.850000381469727,24.11750030517578,163774000
2016-02-02,21.26280403137207,23.6200008392334,24.010000228881836,23.56999969482422,23.854999542236328,149428800
2016-02-03,21.68364906311035,24.087499618530273,24.209999084472656,23.520000457763672,23.75,183857200
2016-02-04,21.857873916625977,24.149999618530273,24.332500457763672,23.797500610351562,23.96500015258789,185886800
2016-02-05,21.274097442626953,23.5049991607666,24.229999542236328,23.422500610351562,24.1299991607666,185672400
2016-02-08,21.49810218811035,23.752500534057617,23.924999237060547,23.260000228881836,23.282499313354492,216085600
2016-02-09,21.493581771850586,23.747499465942383,23.985000610351562,23.482500076293945,23.572500228881836,177324800
2016-02-10,21.330663681030273,23.5674991607666,24.087499618530273,23.524999618530273,23.979999542236328,169374400
2016-02-11,21.201684951782227,23.424999237060547,23.68000030517578,23.147499084472656,23.447500228881836,200298800
2016-02-12,21.26730728149414,23.497499465942383,23.625,23.252500534057617,23.547500610351562,161405600
2016-02-16,21.866920471191406,24.15999984741211,24.212499618530273,23.65250015258789,23.7549991607666,196231600
2016-02-17,22.201807022094727,24.530000686645508,24.552499771118164,24.037500381469727,24.167499542236328,179452800
2016-02-18,21.780946731567383,24.065000534057617,24.72249984741211,24.022499084472656,24.709999084472656,156084000
2016-02-19,21.731157302856445,24.010000228881836,24.190000534057617,23.950000762939453,24.0,141496800
2016-02-22,21.92123031616211,24.219999313354492,24.225000381469727,23.979999542236328,24.077499389648438,137123200
2016-02-23,21.425695419311523,23.672500610351562,24.125,23.637500762939453,24.100000381469727,127770400
2016-02-24,21.74474334716797,24.024999618530273,24.094999313354492,23.329999923706055,23.4950008392334,145022800
2016-02-25,21.89407730102539,24.190000534057617,24.190000534057617,23.8125,24.012500762939453,110330800
2016-02-26,21.928020477294922,24.227500915527344,24.5049991607666,24.145000457763672,24.299999237060547,115964400
2016-02-29,21.878231048583984,24.172500610351562,24.5575008392334,24.162500381469727,24.21500015258789,140865200
2016-03-01,22.747127532958984,25.13249969482422,25.1924991607666,24.354999542236328,24.412500381469727,201628400
2016-03-02,22.796903610229492,25.1875,25.22249984741211,24.90999984741211,25.127500534057617,132678400
2016-03-03,22.966611862182617,25.375,25.427499771118164,25.112499237060547,25.145000457763672,147822800
2016-03-04,23.308284759521484,25.752500534057617,25.9375,25.342500686645508,25.592500686645508,184220400
2016-03-07,23.050329208374023,25.467500686645508,25.707500457763672,25.239999771118164,25.59749984741211,143315600
2016-03-08,22.860260009765625,25.25749969482422,25.440000534057617,25.100000381469727,25.19499969482422,126247600
2016-03-09,22.8806209564209,25.280000686645508,25.395000457763672,25.0674991607666,25.327499389648438,108806800
2016-03-10,22.891935348510742,25.292499542236328,25.559999465942383,25.037500381469727,25.352500915527344,134054400
2016-03-11,23.138578414916992,25.565000534057617,25.56999969482422,25.375,25.559999465942383,109632800
2016-03-14,23.19740867614746,25.6299991607666,25.727500915527344,25.44499969482422,25.477500915527344,100304400
2016-03-15,23.663524627685547,26.145000457763672,26.295000076293945,25.962499618530273,25.989999771118164,160270800
2016-03-16,23.97804069519043,26.49250030517578,26.577499389648438,26.147499084472656,26.15250015258789,153214000
2016-03-17,23.939579010009766,26.450000762939453,26.61750030517578,26.239999771118164,26.3799991607666,137682800
2016-03-18,23.966726303100586,26.479999542236328,26.625,26.297500610351562,26.584999084472656,176820800
2016-03-21,23.964462280273438,26.477500915527344,26.912500381469727,26.28499984741211,26.482500076293945,142010800
2016-03-22,24.147747039794922,26.68000030517578,26.822500228881836,26.302499771118164,26.3125,129777600
2016-03-23,24.014245986938477,26.532499313354492,26.767499923706055,26.475000381469727,26.6200008392334,102814000
2016-03-24,23.91016387939453,26.417499542236328,26.5625,26.22249984741211,26.36750030517578,104532000
2016-03-28,23.801557540893555,26.297500610351562,26.547500610351562,26.264999389648438,26.5,77645600
2016-03-29,24.364965438842773,26.920000076293945,26.947500228881836,26.219999313354492,26.22249984741211,124760400
2016-03-30,24.79035758972168,27.389999389648438,27.604999542236328,27.149999618530273,27.162500381469727,182404400
2016-03-31,24.661380767822266,27.247499465942383,27.475000381469727,27.219999313354492,27.43000030517578,103553600
2016-04-01,24.887659072875977,27.497499465942383,27.5,27.049999237060547,27.19499969482422,103496000
2016-04-04,25.14335060119629,27.780000686645508,28.047500610351562,27.5674991607666,27.604999542236328,149424800
2016-04-05,24.846927642822266,27.452499389648438,27.6825008392334,27.354999542236328,27.377500534057617,106314800
2016-04-06,25.10714340209961,27.739999771118164,27.7450008392334,27.299999237060547,27.5575008392334,105616400
2016-04-07,24.5595645904541,27.135000228881836,27.604999542236328,27.030000686645508,27.487499237060547,127207600
2016-04-08,24.586715698242188,27.165000915527344,27.4424991607666,27.042499542236328,27.227500915527344,94326800
2016-04-11,24.668169021606445,27.2549991607666,27.65250015258789,27.207500457763672,27.24250030517578,117630000
2016-04-12,24.989482879638672,27.610000610351562,27.625,27.165000915527344,27.334999084472656,108929200
2016-04-13,25.351516723632812,28.010000228881836,28.084999084472656,27.700000762939453,27.700000762939453,133029200
2016-04-14,25.365097045898438,28.024999618530273,28.09749984741211,27.832500457763672,27.905000686645508,101895600
2016-04-15,24.855981826782227,27.462499618530273,28.075000762939453,27.4325008392334,28.02750015258789,187756000
2016-04-18,24.319717407226562,26.8700008392334,27.237499237060547,26.735000610351562,27.22249984741211,243286000
2016-04-19,24.19074249267578,26.727500915527344,27.0,26.5575008392334,26.969999313354492,129539600
2016-04-20,24.240520477294922,26.782499313354492,27.022499084472656,26.514999389648438,26.65999984741211,122444000
2016-04-21,23.97804069519043,26.49250030517578,26.732500076293945,26.3799991607666,26.732500076293945,126210000
2016-04-22,23.91242218017578,26.420000076293945,26.6200008392334,26.155000686645508,26.252500534057617,134732400
2016-04-25,23.77666473388672,26.270000457763672,26.412500381469727,26.127500534057617,26.25,112126400
2016-04-26,23.611482620239258,26.087499618530273,26.325000762939453,25.977500915527344,25.977500915527344,224064800
2016-04-27,22.133930206298828,24.454999923706055,24.677499771118164,23.920000076293945,24.0,458408400
2016-04-28,21.457374572753906,23.707500457763672,24.469999313354492,23.5625,24.40250015258789,328970800
2016-04-29,21.210739135742188,23.434999465942383,23.68000030517578,23.127500534057617,23.497499465942383,274126000
2016-05-02,21.18810272216797,23.40999984741211,23.520000457763672,23.100000381469727,23.49250030517578,192640400
2016-05-03,21.536569595336914,23.795000076293945,23.934999465942383,23.420000076293945,23.549999237060547,227325200
2016-05-04,21.31256103515625,23.547500610351562,23.975000381469727,23.454999923706055,23.799999237060547,164102000
2016-05-05,21.22605323791504,23.309999465942383,23.517499923706055,23.170000076293945,23.5,143562000
2016-05-06,21.10767364501953,23.18000030517578,23.362499237060547,22.962499618530273,23.342500686645508,174799600
2016-05-09,21.12360954284668,23.197500228881836,23.4424991607666,23.147499084472656,23.25,131745600
2016-05-10,21.267024993896484,23.354999542236328,23.392499923706055,23.02750015258789,23.332500457763672,134747200
2016-05-11,21.05986785888672,23.127500534057617,23.392499923706055,23.114999771118164,23.3700008392334,114876400
2016-05-12,20.56587028503418,22.584999084472656,23.19499969482422,22.36750030517578,23.18000030517578,305258800
2016-05-13,20.60684585571289,22.6299991607666,22.917499542236328,22.5,22.5,177571200
2016-05-16,21.371747970581055,23.469999313354492,23.59749984741211,22.912500381469727,23.09749984741211,245039200
2016-05-17,21.28296661376953,23.372499465942383,23.674999237060547,23.252500534057617,23.637500762939453,187667600
2016-05-18,21.526554107666016,23.639999389648438,23.802499771118164,23.47249984741211,23.540000915527344,168249600
2016-05-19,21.444599151611328,23.549999237060547,23.65999984741211,23.392499923706055,23.65999984741211,121768400
2016-05-20,21.676801681518555,23.80500030517578,23.857500076293945,23.6299991607666,23.65999984741211,128104000
2016-05-23,21.952259063720703,24.107500076293945,24.297500610351562,23.917499542236328,23.967500686645508,152074400
2016-05-24,22.286897659301758,24.475000381469727,24.522499084472656,24.209999084472656,24.30500030517578,140560800
2016-05-25,22.678457260131836,24.905000686645508,24.934999465942383,24.52750015258789,24.667499542236328,152675200
2016-05-26,22.858304977416992,25.102500915527344,25.1825008392334,24.65999984741211,24.920000076293945,225324800
2016-05-27,22.844642639160156,25.087499618530273,25.11750030517578,24.8125,24.860000610351562,145364800
2016-05-31,22.733097076416016,24.96500015258789,25.100000381469727,24.704999923706055,24.899999618530273,169228800
2016-06-01,22.414382934570312,24.614999771118164,24.885000228881836,24.582500457763672,24.7549991607666,116693200
2016-06-02,22.24592399597168,24.43000030517578,24.459999084472656,24.157499313354492,24.399999618530273,160766400
2016-06-03,22.29144859313965,24.479999542236328,24.5674991607666,24.362499237060547,24.447500228881836,114019600
2016-06-06,22.453083038330078,24.657499313354492,25.47249984741211,24.387500762939453,24.497499465942383,93170000
2016-06-07,22.544145584106445,24.75749969482422,24.967500686645508,24.739999771118164,24.8125,89638000
2016-06-08,22.52365493774414,24.735000610351562,24.889999389648438,24.670000076293945,24.7549991607666,83392400
2016-06-09,22.68528175354004,24.912500381469727,24.997499465942383,24.614999771118164,24.625,106405600
2016-06-10,22.498613357543945,24.707500457763672,24.837499618530273,24.6200008392334,24.63249969482422,126851600
2016-06-13,22.159412384033203,24.334999084472656,24.780000686645508,24.274999618530273,24.672500610351562,152082000
2016-06-14,22.186735153198242,24.364999771118164,24.6200008392334,24.1875,24.329999923706055,127727600
2016-06-15,22.113887786865234,24.28499984741211,24.602500915527344,24.25749969482422,24.454999923706055,117780800
2016-06-16,22.20722007751465,24.387500762939453,24.4375,24.017499923706055,24.112499237060547,125307200
2016-06-17,21.70183563232422,23.832500457763672,24.162500381469727,23.825000762939453,24.155000686645508,244032800
2016-06-20,21.649477005004883,23.774999618530273,24.142499923706055,23.75749969482422,24.0,137647600
2016-06-21,21.833877563476562,23.977500915527344,24.087499618530273,23.670000076293945,23.735000610351562,142185600
2016-06-22,21.751924514770508,23.887500762939453,24.22249984741211,23.837499618530273,24.0625,116876400
2016-06-23,21.87713050842285,24.024999618530273,24.072500228881836,23.8125,23.985000610351562,128960800
2016-06-24,21.26247787475586,23.350000381469727,23.665000915527344,23.162500381469727,23.227500915527344,301245600
2016-06-27,20.9528751373291,23.010000228881836,23.262500762939453,22.875,23.25,181958400
2016-06-28,21.30572509765625,23.397499084472656,23.415000915527344,23.03499984741211,23.225000381469727,161779600
2016-06-29,21.490131378173828,23.600000381469727,23.637500762939453,23.407499313354492,23.49250030517578,146124000
2016-06-30,21.76331329345703,23.899999618530273,23.9424991607666,23.575000762939453,23.610000610351562,143345600
2016-07-01,21.829330444335938,23.97249984741211,24.11750030517578,23.832500457763672,23.872499465942383,104106000
2016-07-05,21.624439239501953,23.747499465942383,23.850000381469727,23.614999771118164,23.84749984741211,110820800
2016-07-06,21.747365951538086,23.88249969482422,23.915000915527344,23.592500686645508,23.649999618530273,123796400
2016-07-07,21.84071159362793,23.985000610351562,24.125,23.905000686645508,23.924999237060547,100558400
2016-07-08,22.00916862487793,24.170000076293945,24.22249984741211,24.012500762939453,24.122499465942383,115648400
2016-07-11,22.077465057373047,24.2450008392334,24.412500381469727,24.1825008392334,24.1875,95179600
2016-07-12,22.177627563476562,24.354999542236328,24.424999237060547,24.280000686645508,24.292499542236328,96670000
2016-07-13,22.05242347717285,24.217500686645508,24.417499542236328,24.209999084472656,24.352500915527344,103568800
2016-07-14,22.4895076751709,24.697500228881836,24.747499465942383,24.329999923706055,24.34749984741211,155676000
2016-07-15,22.48723793029785,24.69499969482422,24.825000762939453,24.625,24.729999542236328,120548000
2016-07-18,22.726268768310547,24.957500457763672,25.032499313354492,24.649999618530273,24.674999237060547,145975600
2016-07-19,22.735368728637695,24.967500686645508,25.0,24.834999084472656,24.889999389648438,95119600
2016-07-20,22.755861282348633,24.989999771118164,25.114999771118164,24.934999465942383,25.0,105104000
2016-07-21,22.635204315185547,24.857500076293945,25.25,24.782499313354492,24.957500457763672,130808000
2016-07-22,22.459915161132812,24.665000915527344,24.825000762939453,24.577499389648438,24.815000534057617,113254800
2016-07-25,22.159412384033203,24.334999084472656,24.709999084472656,24.229999542236328,24.5625,161531600
2016-07-26,22.00689125061035,24.167499542236328,24.49250030517578,24.104999542236328,24.204999923706055,224959200
2016-07-27,23.436525344848633,25.737499237060547,26.087499618530273,25.6875,26.0674991607666,369379200
2016-07-28,23.752965927124023,26.084999084472656,26.112499237060547,25.704999923706055,25.707500457763672,159479200
2016-07-29,23.723369598388672,26.052499771118164,26.137500762939453,25.920000076293945,26.047500610351562,110934800
2016-08-01,24.142242431640625,26.512500762939453,26.537500381469727,26.102500915527344,26.102500915527344,152671600
2016-08-02,23.78483772277832,26.1200008392334,26.517499923706055,26.0,26.512500762939453,135266400
2016-08-03,24.08305549621582,26.447500228881836,26.459999084472656,26.1924991607666,26.202499389648438,120810400
2016-08-04,24.231822967529297,26.467500686645508,26.5,26.31999969482422,26.395000457763672,109634800
2016-08-05,24.600332260131836,26.8700008392334,26.912500381469727,26.545000076293945,26.5674991607666,162213600
2016-08-08,24.804040908813477,27.092500686645508,27.092500686645508,26.790000915527344,26.8799991607666,112148800
2016-08-09,24.904743194580078,27.202499389648438,27.235000610351562,27.002500534057617,27.0575008392334,105260800
2016-08-10,24.719348907470703,27.0,27.225000381469727,26.940000534057617,27.177499771118164,96034000
2016-08-11,24.703319549560547,26.982500076293945,27.232500076293945,26.962499618530273,27.1299991607666,109938000
2016-08-12,24.76055145263672,27.045000076293945,27.110000610351562,26.94499969482422,26.94499969482422,74641600
2016-08-15,25.058095932006836,27.3700008392334,27.385000228881836,27.020000457763672,27.03499984741211,103472800
2016-08-16,25.03520965576172,27.344999313354492,27.5575008392334,27.302499771118164,27.407499313354492,135177600
2016-08-17,24.99858856201172,27.30500030517578,27.342500686645508,27.084999084472656,27.274999618530273,101424000
2016-08-18,24.966541290283203,27.270000457763672,27.399999618530273,27.2549991607666,27.3075008392334,87938800
2016-08-19,25.03063201904297,27.34000015258789,27.422500610351562,27.09000015258789,27.1924991607666,101472400
2016-08-22,24.83608627319336,27.127500534057617,27.274999618530273,26.962499618530273,27.21500015258789,103280800
2016-08-23,24.913902282714844,27.212499618530273,27.329999923706055,27.13249969482422,27.147499084472656,85030800
2016-08-24,24.726219177246094,27.00749969482422,27.1875,26.920000076293945,27.142499923706055,94700400
2016-08-25,24.62092399597168,26.892499923706055,26.969999313354492,26.670000076293945,26.84749984741211,100344800
2016-08-26,24.476730346679688,26.735000610351562,26.987499237060547,26.577499389648438,26.852500915527344,111065200
2016-08-29,24.449270248413086,26.704999923706055,26.860000610351562,26.572500228881836,26.655000686645508,99881200
2016-08-30,24.26158905029297,26.5,26.625,26.375,26.450000762939453,99455600
2016-08-31,24.28447151184082,26.524999618530273,26.642499923706055,26.40999984741211,26.415000915527344,118649600
2016-09-01,24.42867088317871,26.6825008392334,26.700000762939453,26.405000686645508,26.53499984741211,106806000
2016-09-02,24.65755271911621,26.9325008392334,27.0,26.704999923706055,26.924999237060547,107210000
2016-09-06,24.65068244934082,26.924999237060547,27.075000762939453,26.877500534057617,26.975000381469727,107521600
2016-09-07,24.801748275756836,27.09000015258789,27.190000534057617,26.767499923706055,26.957500457763672,169457200
2016-09-08,24.151721954345703,26.3799991607666,26.8174991607666,26.309999465942383,26.8125,212008000
2016-09-09,23.604686737060547,25.782499313354492,26.43000030517578,25.782499313354492,26.15999984741211,186228000
2016-09-12,24.13340950012207,26.360000610351562,26.43000030517578,25.63249969482422,25.662500381469727,181171200
2016-09-13,24.70790672302246,26.987499237060547,27.197500228881836,26.809999465942383,26.877500534057617,248704800
2016-09-14,25.58224105834961,27.9424991607666,28.25749969482422,27.149999618530273,27.1825008392334,443554800
2016-09-15,26.451993942260742,28.892499923706055,28.9325008392334,28.372499465942383,28.46500015258789,359934400
2016-09-16,26.3032169342041,28.729999542236328,29.032499313354492,28.510000228881836,28.780000686645508,319547600
2016-09-19,25.99651336669922,28.395000457763672,29.045000076293945,28.3125,28.797500610351562,188092000
2016-09-20,25.99422836303711,28.392499923706055,28.530000686645508,28.127500534057617,28.262500762939453,138057200
2016-09-21,25.989652633666992,28.387500762939453,28.497499465942383,28.110000610351562,28.462499618530273,144012800
2016-09-22,26.234554290771484,28.655000686645508,28.735000610351562,28.5,28.587499618530273,124296000
2016-09-23,25.797388076782227,28.177499771118164,28.697500228881836,27.887500762939453,28.604999542236328,209924800
2016-09-26,25.8362979888916,28.219999313354492,28.34749984741211,27.887500762939453,27.90999984741211,119477600
2016-09-27,25.884357452392578,28.272499084472656,28.295000076293945,28.084999084472656,28.25,98429600
2016-09-28,26.08120346069336,28.487499237060547,28.65999984741211,28.357500076293945,28.422500610351562,118564400
2016-09-29,25.67608070373535,28.045000076293945,28.450000762939453,27.950000762939453,28.290000915527344,143548000
2016-09-30,25.875215530395508,28.262500762939453,28.342500686645508,27.950000762939453,28.114999771118164,145516400
2016-10-03,25.753896713256836,28.1299991607666,28.262500762939453,28.06999969482422,28.177499771118164,86807200
2016-10-04,25.863765716552734,28.25,28.577499389648438,28.157499313354492,28.264999389648438,118947200
2016-10-05,25.875215530395508,28.262500762939453,28.415000915527344,28.172500610351562,28.350000381469727,85812400
2016-10-06,26.067468643188477,28.47249984741211,28.584999084472656,28.282499313354492,28.424999237060547,115117200
2016-10-07,26.106374740600586,28.514999389648438,28.639999389648438,28.377500534057617,28.577499389648438,97433600
2016-10-10,26.561861038208008,29.012500762939453,29.1875,28.68000030517578,28.7549991607666,144944000
2016-10-11,26.61907958984375,29.075000762939453,29.672500610351562,29.049999237060547,29.424999237060547,256164000
2016-10-12,26.857120513916016,29.334999084472656,29.4950008392334,29.1875,29.337499618530273,150347200
2016-10-13,26.77471923828125,29.2450008392334,29.360000610351562,28.93000030517578,29.197500228881836,140769600
2016-10-14,26.923490524291992,29.407499313354492,29.542499542236328,29.282499313354492,29.469999313354492,142608800
2016-10-17,26.905181884765625,29.387500762939453,29.459999084472656,29.19499969482422,29.332500457763672,94499600
2016-10-18,26.886865615844727,29.36750030517578,29.552499771118164,29.362499237060547,29.545000076293945,98214000
2016-10-19,26.8067626953125,29.280000686645508,29.440000534057617,28.450000762939453,29.3125,80138400
2016-10-20,26.79302978515625,29.264999389648438,29.344999313354492,29.082500457763672,29.21500015258789,96503200
2016-10-21,26.687744140625,29.149999618530273,29.227500915527344,29.06999969482422,29.202499389648438,92770800
2016-10-24,26.928070068359375,29.412500381469727,29.434999465942383,29.25,29.274999618530273,94154800
2016-10-25,27.065393447875977,29.5625,29.59000015258789,29.327499389648438,29.487499237060547,192516000
2016-10-26,26.456571578979492,28.897499084472656,28.924999237060547,28.327499389648438,28.577499389648438,264536800
2016-10-27,26.202512741088867,28.6200008392334,28.96500015258789,28.524999618530273,28.84749984741211,138248000
2016-10-28,26.02855682373047,28.43000030517578,28.802499771118164,28.362499237060547,28.467500686645508,151446800
2016-10-31,25.98736572265625,28.385000228881836,28.5575008392334,28.299999237060547,28.412500381469727,105677600
2016-11-01,25.518150329589844,27.872499465942383,28.4424991607666,27.63249969482422,28.364999771118164,175303200
2016-11-02,25.541034698486328,27.897499084472656,28.087499618530273,27.8075008392334,27.850000381469727,113326800
2016-11-03,25.267271041870117,27.457500457763672,27.864999771118164,27.387500762939453,27.7450008392334,107730400
2016-11-04,25.03951072692871,27.209999084472656,27.5625,27.02750015258789,27.13249969482422,123348000
2016-11-07,25.400699615478516,27.602500915527344,27.627500534057617,27.364999771118164,27.520000457763672,130240000
2016-11-08,25.550233840942383,27.764999389648438,27.93000030517578,27.424999237060547,27.577499389648438,97016800
2016-11-09,25.508832931518555,27.719999313354492,27.829999923706055,27.012500762939453,27.469999313354492,236705600
2016-11-10,24.797950744628906,26.947500228881836,27.772499084472656,26.457500457763672,27.772499084472656,228538000
2016-11-11,24.945178985595703,27.107500076293945,27.217500686645508,26.637500762939453,26.780000686645508,136575600
2016-11-14,24.319433212280273,26.427499771118164,26.952499389648438,26.020000457763672,26.927499771118164,204702000
2016-11-15,24.641515731811523,26.77750015258789,26.920000076293945,26.540000915527344,26.642499923706055,129058000
2016-11-16,25.304080963134766,27.497499465942383,27.5575008392334,26.649999618530273,26.674999237060547,235362000
2016-11-17,25.294883728027344,27.487499237060547,27.587499618530273,27.207500457763672,27.452499389648438,110528000
2016-11-18,25.32018280029297,27.514999389648438,27.635000228881836,27.415000915527344,27.43000030517578,113715600
2016-11-21,25.704381942749023,27.9325008392334,27.997499465942383,27.502500534057617,27.530000686645508,117058400
2016-11-22,25.720487594604492,27.950000762939453,28.104999542236328,27.850000381469727,27.987499237060547,103862000
2016-11-23,25.589351654052734,27.8075008392334,27.877500534057617,27.582500457763672,27.84000015258789,109705600
2016-11-25,25.718185424804688,27.947500228881836,27.967500686645508,27.737499237060547,27.782499313354492,45903600
2016-11-28,25.667566299438477,27.892499923706055,28.11750030517578,27.84749984741211,27.857500076293945,108776000
2016-11-29,25.642269134521484,27.864999771118164,28.00749969482422,27.517499923706055,27.69499969482422,114115200
2016-11-30,25.426006317138672,27.6299991607666,28.049999237060547,27.5674991607666,27.899999618530273,144649200
2016-12-01,25.189048767089844,27.372499465942383,27.735000610351562,27.25749969482422,27.592500686645508,148347600
2016-12-02,25.283370971679688,27.475000381469727,27.522499084472656,27.212499618530273,27.292499542236328,106112000
2016-12-05,25.101627349853516,27.27750015258789,27.50749969482422,27.0625,27.5,137298000
2016-12-06,25.294883728027344,27.487499237060547,27.59000015258789,27.297500610351562,27.375,104782000
2016-12-07,25.543344497680664,27.75749969482422,27.797500610351562,27.290000915527344,27.315000534057617,119994800
2016-12-08,25.794103622436523,28.030000686645508,28.107500076293945,27.649999618530273,27.71500015258789,108273200
2016-12-09,26.215110778808594,28.487499237060547,28.674999237060547,28.077499389648438,28.077499389648438,137610400
2016-12-12,26.065576553344727,28.325000762939453,28.75,28.122499465942383,28.322500228881836,105497600
2016-12-13,26.500381469726562,28.797500610351562,28.979999542236328,28.4375,28.459999084472656,174935200
2016-12-14,26.500381469726562,28.797500610351562,29.049999237060547,28.7450008392334,28.760000228881836,136127200
2016-12-15,26.645313262939453,28.954999923706055,29.1825008392334,28.8075008392334,28.844999313354492,186098000
2016-12-16,26.679824829101562,28.99250030517578,29.125,28.912500381469727,29.11750030517578,177404400
2016-12-19,26.833965301513672,29.15999984741211,29.344999313354492,28.9375,28.950000762939453,111117600
2016-12-20,26.90528106689453,29.237499237060547,29.375,29.170000076293945,29.184999465942383,85700000
2016-12-21,26.930587768554688,29.264999389648438,29.350000381469727,29.19499969482422,29.200000762939453,95132800
2016-12-22,26.753448486328125,29.072500228881836,29.127500534057617,28.90999984741211,29.087499618530273,104343600
2016-12-23,26.806354522705078,29.1299991607666,29.1299991607666,28.897499084472656,28.897499084472656,56998000
2016-12-27,26.976593017578125,29.315000534057617,29.450000762939453,29.122499465942383,29.1299991607666,73187600
2016-12-28,26.8615779876709,29.190000534057617,29.5049991607666,29.049999237060547,29.3799991607666,83623600
2016-12-29,26.854671478271484,29.1825008392334,29.27750015258789,29.100000381469727,29.112499237060547,60158000
2016-12-30,26.645313262939453,28.954999923706055,29.299999237060547,28.857500076293945,29.162500381469727,122345200
2017-01-03,26.72123908996582,29.037500381469727,29.082500457763672,28.690000534057617,28.950000762939453,115127600
2017-01-04,26.69133186340332,29.0049991607666,29.127500534057617,28.9375,28.962499618530273,84472400
2017-01-05,26.827062606811523,29.15250015258789,29.21500015258789,28.952499389648438,28.979999542236328,88774400
2017-01-06,27.12613868713379,29.477500915527344,29.540000915527344,29.11750030517578,29.19499969482422,127007600
2017-01-09,27.374595642089844,29.747499465942383,29.857500076293945,29.485000610351562,29.487499237060547,134247600
2017-01-10,27.402210235595703,29.77750015258789,29.844999313354492,29.575000762939453,29.6924991607666,97848400
2017-01-11,27.549448013305664,29.9375,29.982500076293945,29.649999618530273,29.684999465942383,110354400
2017-01-12,27.434419631958008,29.8125,29.825000762939453,29.552499771118164,29.725000381469727,108344800
2017-01-13,27.386098861694336,29.760000228881836,29.905000686645508,29.702499389648438,29.77750015258789,104447600
2017-01-17,27.606962203979492,30.0,30.059999465942383,29.55500030517578,29.584999084472656,137759200
2017-01-18,27.60466194152832,29.997499465942383,30.125,29.927499771118164,30.0,94852000
2017-01-19,27.55634307861328,29.94499969482422,30.022499084472656,29.842500686645508,29.850000381469727,102389200
2017-01-20,27.606962203979492,30.0,30.112499237060547,29.9325008392334,30.112499237060547,130391600
2017-01-23,27.6253662109375,30.020000457763672,30.202499389648438,29.9424991607666,30.0,88200800
2017-01-24,27.600059509277344,29.99250030517578,30.024999618530273,29.875,29.887500762939453,92844000
2017-01-25,28.039472579956055,30.469999313354492,30.524999618530273,30.06999969482422,30.104999542236328,129510400
2017-01-26,28.053274154663086,30.485000610351562,30.610000610351562,30.399999618530273,30.417499542236328,105350400
2017-01-27,28.055574417114258,30.487499237060547,30.587499618530273,30.399999618530273,30.53499984741211,82251600
2017-01-30,27.981956481933594,30.407499313354492,30.407499313354492,30.165000915527344,30.232500076293945,121510000
2017-01-31,27.91753578186035,30.337499618530273,30.34749984741211,30.155000686645508,30.287500381469727,196804000
2017-02-01,29.61996841430664,32.1875,32.622501373291016,31.752500534057617,31.75749969482422,447940000
2017-02-02,29.569358825683594,32.13249969482422,32.34749984741211,31.94499969482422,31.9950008392334,134841600
2017-02-03,29.695886611938477,32.27000045776367,32.29750061035156,32.040000915527344,32.07749938964844,98029200
2017-02-06,29.974254608154297,32.5724983215332,32.625,32.224998474121094,32.282501220703125,107383600
2017-02-07,30.259531021118164,32.88249969482422,33.022499084472656,32.61249923706055,32.6349983215332,152735200
2017-02-08,30.376867294311523,33.0099983215332,33.05500030517578,32.80500030517578,32.837501525878906,92016400
2017-02-09,30.59636878967285,33.10499954223633,33.11249923706055,32.779998779296875,32.912498474121094,113399600
2017-02-10,30.527050018310547,33.029998779296875,33.23500061035156,33.01250076293945,33.1150016784668,80262000
2017-02-13,30.79737663269043,33.3224983215332,33.45500183105469,33.1875,33.27000045776367,92141600
2017-02-14,31.197107315063477,33.755001068115234,33.772499084472656,33.3125,33.36750030517578,132904800
2017-02-15,31.31031608581543,33.877498626708984,34.067501068115234,33.654998779296875,33.880001068115234,142492400
2017-02-16,31.27335548400879,33.837501525878906,33.974998474121094,33.709999084472656,33.91749954223633,90338400
2017-02-17,31.358835220336914,33.93000030517578,33.95750045776367,33.775001525878906,33.775001525878906,88792800
2017-02-21,31.585281372070312,34.17499923706055,34.1875,33.994998931884766,34.057498931884766,98028800
2017-02-22,31.680004119873047,34.27750015258789,34.279998779296875,34.02750015258789,34.10749816894531,83347600
2017-02-23,31.546001434326172,34.13249969482422,34.369998931884766,34.07500076293945,34.345001220703125,83152800
2017-02-24,31.576032638549805,34.165000915527344,34.165000915527344,33.81999969482422,33.977500915527344,87106400
2017-02-27,31.638408660888672,34.23249816894531,34.36000061035156,34.06999969482422,34.28499984741211,81029600
2017-02-28,31.652292251586914,34.247501373291016,34.36000061035156,34.17499923706055,34.27000045776367,93931600
2017-03-01,32.299232482910156,34.9474983215332,35.037498474121094,34.400001525878906,34.47249984741211,145658400
2017-03-02,32.10746383666992,34.7400016784668,35.06999969482422,34.689998626708984,35.0,104844000
2017-03-03,32.29692459106445,34.94499969482422,34.95750045776367,34.647499084472656,34.69499969482422,84432400
2017-03-06,32.19525909423828,34.834999084472656,34.942501068115234,34.650001525878906,34.842498779296875,87000000
2017-03-07,32.23685836791992,34.880001068115234,34.994998931884766,34.6974983215332,34.76499938964844,69785200
2017-03-08,32.11670684814453,34.75,34.95000076293945,34.70500183105469,34.73749923706055,74828800
2017-03-09,32.04277420043945,34.66999816894531,34.6974983215332,34.26250076293945,34.685001373291016,88623600
2017-03-10,32.1490478515625,34.78499984741211,34.84000015258789,34.65999984741211,34.8125,78451200
2017-03-13,32.16291809082031,34.79999923706055,34.85749816894531,34.70500183105469,34.712501525878906,69686800
2017-03-14,32.11440658569336,34.747501373291016,34.912498474121094,34.709999084472656,34.82500076293945,61236400
2017-03-15,32.45404815673828,35.1150016784668,35.1875,34.75749969482422,34.852500915527344,102767200
2017-03-16,32.50719451904297,35.17250061035156,35.255001068115234,35.064998626708984,35.18000030517578,76928000
2017-03-17,32.3454475402832,34.997501373291016,35.25,34.97249984741211,35.25,175540000
2017-03-20,32.68510437011719,35.3650016784668,35.375,35.057498931884766,35.099998474121094,86168000
2017-03-21,32.310791015625,34.959999084472656,35.70000076293945,34.932498931884766,35.52750015258789,158119600
2017-03-22,32.67585372924805,35.35499954223633,35.400001525878906,34.939998626708984,34.962501525878906,103440800
2017-03-23,32.56032943725586,35.22999954223633,35.39500045776367,35.15250015258789,35.314998626708984,81385200
2017-03-24,32.49563980102539,35.15999984741211,35.435001373291016,35.087501525878906,35.375,89582400
2017-03-27,32.55109786987305,35.220001220703125,35.30500030517578,34.654998779296875,34.84749984741211,94300400
2017-03-28,33.22576904296875,35.95000076293945,36.0099983215332,35.154998779296875,35.227500915527344,133499200
2017-03-29,33.299705505371094,36.029998779296875,36.122501373291016,35.79750061035156,35.91999816894531,116760000
2017-03-30,33.25581741333008,35.98249816894531,36.125,35.875,36.04750061035156,84829200
2017-03-31,33.193424224853516,35.915000915527344,36.067501068115234,35.752498626708984,35.93000030517578,78646800
2017-04-03,33.20267105102539,35.92499923706055,36.029998779296875,35.76250076293945,35.9275016784668,79942800
2017-04-04,33.449893951416016,36.192501068115234,36.22249984741211,35.79249954223633,35.8125,79565600
2017-04-05,33.2765998840332,36.005001068115234,36.3650016784668,35.95249938964844,36.05500030517578,110871600
2017-04-06,33.193424224853516,35.915000915527344,36.130001068115234,35.86249923706055,36.0724983215332,84596000
2017-04-07,33.11948776245117,35.834999084472656,36.04499816894531,35.817501068115234,35.932498931884766,66688800
2017-04-10,33.08021545410156,35.79249954223633,35.970001220703125,35.724998474121094,35.900001525878906,75733600
2017-04-11,32.7243766784668,35.407501220703125,35.837501525878906,35.01499938964844,35.73500061035156,121517600
2017-04-12,32.76366424560547,35.45000076293945,35.537498474121094,35.252498626708984,35.400001525878906,81400000
2017-04-13,32.59037399291992,35.26250076293945,35.595001220703125,35.26250076293945,35.477500915527344,71291600
2017-04-17,32.770599365234375,35.45750045776367,35.470001220703125,35.217498779296875,35.369998931884766,66328400
2017-04-18,32.62502670288086,35.29999923706055,35.5099983215332,35.27750015258789,35.352500915527344,58790000
2017-04-19,32.50486755371094,35.16999816894531,35.5,35.11249923706055,35.470001220703125,69313600
2017-04-20,32.911529541015625,35.61000061035156,35.72999954223633,35.290000915527344,35.30500030517578,93278400
2017-04-21,32.872257232666016,35.567501068115234,35.66999816894531,35.462501525878906,35.61000061035156,69283600
2017-04-24,33.18879318237305,35.90999984741211,35.98749923706055,35.79499816894531,35.875,68537200
2017-04-25,33.394439697265625,36.13249969482422,36.224998474121094,35.967498779296875,35.977500915527344,75486000
2017-04-26,33.19804382324219,35.91999816894531,36.150001525878906,35.845001220703125,36.11750030517578,80164800
2017-04-27,33.22345733642578,35.9474983215332,36.040000915527344,35.82749938964844,35.97999954223633,56985200
2017-04-28,33.19111251831055,35.912498474121094,36.07500076293945,35.817501068115234,36.022499084472656,83441600
2017-05-01,33.868106842041016,36.64500045776367,36.79999923706055,36.2400016784668,36.275001525878906,134411600
2017-05-02,34.08298110961914,36.877498626708984,37.022499084472656,36.709999084472656,36.8849983215332,181408800
2017-05-03,33.97901153564453,36.76499938964844,36.872501373291016,36.067501068115234,36.397499084472656,182788000
2017-05-04,33.85655212402344,36.63249969482422,36.78499984741211,36.45249938964844,36.630001068115234,93487600
2017-05-05,34.418033599853516,37.2400016784668,37.244998931884766,36.689998626708984,36.689998626708984,109310800
2017-05-08,35.353782653808594,38.252498626708984,38.42499923706055,37.25749969482422,37.25749969482422,195009600
2017-05-09,35.580230712890625,38.497501373291016,38.720001220703125,38.36249923706055,38.467498779296875,156521600
2017-05-10,35.411563873291016,38.314998626708984,38.48500061035156,38.02750015258789,38.407501220703125,103222800
2017-05-11,35.717811584472656,38.48749923706055,38.51750183105469,38.07749938964844,38.11249923706055,109020400
2017-05-12,36.21662902832031,39.025001525878906,39.10499954223633,38.66749954223633,38.67499923706055,130108000
2017-05-15,36.12382507324219,38.92499923706055,39.162498474121094,38.76250076293945,39.002498626708984,104038800
2017-05-16,36.070457458496094,38.86750030517578,39.01499938964844,38.68000030517578,38.98500061035156,80194000
2017-05-17,34.859378814697266,37.5625,38.64250183105469,37.4275016784668,38.400001525878906,203070800
2017-05-18,35.39067459106445,38.1349983215332,38.334999084472656,37.782501220703125,37.817501068115234,134272800
2017-05-19,35.51132583618164,38.26499938964844,38.494998931884766,38.157501220703125,38.345001220703125,107843200
2017-05-22,35.72709274291992,38.497501373291016,38.64500045776367,38.227500915527344,38.5,91865600
2017-05-23,35.68301010131836,38.45000076293945,38.724998474121094,38.32749938964844,38.724998474121094,79675600
2017-05-24,35.57627868652344,38.334999084472656,38.54249954223633,38.16749954223633,38.459999084472656,76712000
2017-05-25,35.69923782348633,38.467498779296875,38.587501525878906,38.25749969482422,38.432498931884766,76942400
2017-05-26,35.638919830322266,38.40250015258789,38.560001373291016,38.32749938964844,38.5,87710400
2017-05-30,35.65283203125,38.41749954223633,38.60749816894531,38.33250045776367,38.35499954223633,80507600
2017-05-31,35.44171905517578,38.189998626708984,38.54249954223633,38.095001220703125,38.49250030517578,97804800
2017-06-01,35.539161682128906,38.29499816894531,38.33250045776367,38.05500030517578,38.29249954223633,65616400
2017-06-02,36.06583023071289,38.86249923706055,38.86249923706055,38.22249984741211,38.39500045776367,111082800
2017-06-05,35.71317672729492,38.48249816894531,38.61249923706055,38.3650016784668,38.584999084472656,101326800
2017-06-06,35.833824157714844,38.61249923706055,38.95249938964844,38.44499969482422,38.474998474121094,106499600
2017-06-07,36.04726791381836,38.842498779296875,38.994998931884766,38.619998931884766,38.755001068115234,84278400
2017-06-08,35.95908737182617,38.747501373291016,38.8849983215332,38.599998474121094,38.8125,85003200
2017-06-09,34.564727783203125,37.244998931884766,38.79750061035156,36.505001068115234,38.79750061035156,259530800
2017-06-12,33.738773345947266,36.35499954223633,36.522499084472656,35.627498626708984,36.435001373291016,289229200
2017-06-13,34.010215759277344,36.647499084472656,36.86249923706055,36.287498474121094,36.790000915527344,136661600
2017-06-14,33.67845153808594,36.290000915527344,36.875,35.959999084472656,36.875,126124800
2017-06-15,33.47660446166992,36.0724983215332,36.119998931884766,35.5525016784668,35.83000183105469,128661600
2017-06-16,33.007938385009766,35.567501068115234,36.125,35.54999923706055,35.94499969482422,201444400
2017-06-19,33.95221710205078,36.584999084472656,36.685001373291016,35.915000915527344,35.915000915527344,130165600
2017-06-20,33.64365005493164,36.252498626708984,36.717498779296875,36.23500061035156,36.717498779296875,99600400
2017-06-21,33.843170166015625,36.467498779296875,36.51750183105469,36.15250015258789,36.380001068115234,85063200
2017-06-22,33.78750228881836,36.407501220703125,36.67499923706055,36.279998779296875,36.442501068115234,76425200
2017-06-23,33.93829345703125,36.56999969482422,36.790000915527344,36.27750015258789,36.282501220703125,141757600
2017-06-26,33.83157730102539,36.45500183105469,37.06999969482422,36.345001220703125,36.79249954223633,102769600
2017-06-27,33.346675872802734,35.932498931884766,36.540000915527344,35.904998779296875,36.252498626708984,99047600
2017-06-28,33.83388900756836,36.45750045776367,36.52750015258789,35.790000915527344,36.122501373291016,88329600
2017-06-29,33.33506774902344,35.91999816894531,36.282501220703125,35.56999969482422,36.1775016784668,125997600
2017-06-30,33.41395568847656,36.005001068115234,36.2400016784668,35.94499969482422,36.11249923706055,92096400
2017-07-03,33.29332733154297,35.875,36.32500076293945,35.775001525878906,36.220001220703125,57111200
2017-07-05,33.4301872253418,36.022499084472656,36.1974983215332,35.68000030517578,35.92250061035156,86278400
2017-07-06,33.114662170410156,35.682498931884766,35.875,35.602500915527344,35.755001068115234,96515200
2017-07-07,33.451087951660156,36.04499816894531,36.1875,35.724998474121094,35.724998474121094,76806800
2017-07-10,33.655242919921875,36.26499938964844,36.48749923706055,35.842498779296875,36.02750015258789,84362400
2017-07-11,33.7642822265625,36.38249969482422,36.462501525878906,36.095001220703125,36.182498931884766,79127200
2017-07-12,33.813011169433594,36.435001373291016,36.54499816894531,36.20500183105469,36.467498779296875,99538000
2017-07-13,34.28399658203125,36.942501068115234,37.122501373291016,36.36000061035156,36.375,100797600
2017-07-14,34.578651428222656,37.2599983215332,37.33250045776367,36.83250045776367,36.99250030517578,80528400
2017-07-17,34.699283599853516,37.38999938964844,37.724998474121094,37.14250183105469,37.20500183105469,95174000
2017-07-18,34.81993103027344,37.52000045776367,37.532501220703125,37.16749954223633,37.29999923706055,71475200
2017-07-19,35.03801727294922,37.755001068115234,37.85499954223633,37.48749923706055,37.619998931884766,83692000
2017-07-20,34.88025665283203,37.584999084472656,37.935001373291016,37.54750061035156,37.875,68974800
2017-07-21,34.86402130126953,37.567501068115234,37.61000061035156,37.220001220703125,37.497501373291016,105010400
2017-07-24,35.28626251220703,38.022499084472656,38.11000061035156,37.474998474121094,37.64500045776367,85972800
2017-07-25,35.437076568603516,38.185001373291016,38.459999084472656,37.95000076293945,37.95000076293945,75415600
2017-07-26,35.604129791259766,38.3650016784668,38.48249816894531,38.26499938964844,38.337501525878906,63124000
2017-07-27,34.931297302246094,37.63999938964844,38.497501373291016,36.82500076293945,38.4375,129905200
2017-07-28,34.685367584228516,37.375,37.557498931884766,37.29750061035156,37.47249984741211,68854800
2017-07-31,34.506710052490234,37.182498931884766,37.58250045776367,37.032501220703125,37.474998474121094,79383600
2017-08-01,34.812965393066406,37.51250076293945,37.55500030517578,37.102500915527344,37.275001525878906,141474400
2017-08-02,36.45792007446289,39.28499984741211,39.9375,39.040000915527344,39.81999969482422,279747200
2017-08-03,36.093666076660156,38.89250183105469,39.3025016784668,38.755001068115234,39.26250076293945,108389200
2017-08-04,36.28390121459961,39.09749984741211,39.349998474121094,38.92250061035156,39.01750183105469,82239600
2017-08-07,36.845359802246094,39.70249938964844,39.72999954223633,39.16749954223633,39.26499938964844,87481200
2017-08-08,37.1400146484375,40.02000045776367,40.45750045776367,39.567501068115234,39.650001525878906,144823600
2017-08-09,37.367393493652344,40.26499938964844,40.317501068115234,39.77750015258789,39.814998626708984,104526000
2017-08-10,36.17717361450195,38.83000183105469,40.0,38.657501220703125,39.974998474121094,163217200
2017-08-11,36.680274963378906,39.369998931884766,39.64250183105469,39.01750183105469,39.150001525878906,105028400
2017-08-14,37.232303619384766,39.962501525878906,40.0525016784668,39.6875,39.83000183105469,88490800
2017-08-15,37.63991165161133,40.400001525878906,40.54999923706055,40.03499984741211,40.165000915527344,117862000
2017-08-16,37.48851776123047,40.23749923706055,40.627498626708984,40.037498474121094,40.48500061035156,110686400
2017-08-17,36.7687873840332,39.46500015258789,40.1775016784668,39.459999084472656,40.130001068115234,111762400
2017-08-18,36.6849365234375,39.375,39.875,39.18000030517578,39.46500015258789,109712400
2017-08-21,36.61739730834961,39.3025016784668,39.47249984741211,38.77750015258789,39.375,105474000
2017-08-22,37.21599197387695,39.94499969482422,40.0,39.505001068115234,39.557498931884766,86418400
2017-08-23,37.262577056884766,39.994998931884766,40.11750030517578,39.720001220703125,39.76750183105469,77596400
2017-08-24,37.097198486328125,39.817501068115234,40.185001373291016,39.63750076293945,40.10749816894531,79275600
2017-08-25,37.234622955322266,39.96500015258789,40.13999938964844,39.817501068115234,39.912498474121094,101920400
2017-08-28,37.6096305847168,40.36750030517578,40.5,39.98249816894531,40.03499984741211,103864000
2017-08-29,37.945030212402344,40.727500915527344,40.779998779296875,40.0,40.025001525878906,118067600
2017-08-30,38.04753875732422,40.837501525878906,40.97249984741211,40.65250015258789,40.95000076293945,109078400
2017-08-31,38.19892501831055,41.0,41.130001068115234,40.869998931884766,40.90999984741211,107140400
2017-09-01,38.21056365966797,41.01250076293945,41.23500061035156,40.907501220703125,41.20000076293945,66364400
2017-09-05,37.751712799072266,40.52000045776367,41.0625,40.13999938964844,40.9375,117874000
2017-09-06,37.71211624145508,40.477500915527344,40.747501373291016,40.130001068115234,40.6775016784668,86606800
2017-09-07,37.560707092285156,40.314998626708984,40.560001373291016,40.09000015258789,40.522499084472656,87714000
2017-09-08,36.9481315612793,39.657501220703125,40.287498474121094,39.63249969482422,40.21500015258789,114446000
2017-09-11,37.61661148071289,40.375,40.51250076293945,39.97249984741211,40.125,126323200
2017-09-12,37.4675407409668,40.21500015258789,40.9900016784668,39.692501068115234,40.65250015258789,286856000
2017-09-13,37.18571472167969,39.912498474121094,39.9900016784668,39.477500915527344,39.967498779296875,179629600
2017-09-14,36.866615295410156,39.56999969482422,39.849998474121094,39.522499084472656,39.747501373291016,95042800
2017-09-15,37.239288330078125,39.970001220703125,40.24250030517578,39.5,39.61750030517578,196458400
2017-09-18,36.95746612548828,39.66749954223633,40.125,39.5,40.02750015258789,113077600
2017-09-19,36.971435546875,39.682498931884766,39.942501068115234,39.61000061035156,39.877498626708984,83242400
2017-09-20,36.351863861083984,39.01750183105469,39.564998626708984,38.45750045776367,39.474998474121094,211805600
2017-09-21,35.727638244628906,38.34749984741211,38.95000076293945,38.1875,38.95000076293945,150046800
2017-09-22,35.37825393676758,37.97249984741211,38.067501068115234,37.63999938964844,37.8849983215332,186581600
2017-09-25,35.06614303588867,37.63750076293945,37.95750045776367,37.290000915527344,37.497501373291016,177549200
2017-09-26,35.66940689086914,38.28499984741211,38.47999954223633,37.92250061035156,37.94499969482422,146640000
2017-09-27,35.923282623291016,38.557498931884766,38.68000030517578,38.3849983215332,38.45000076293945,102016800
2017-09-28,35.7020149230957,38.31999969482422,38.56999969482422,38.17499923706055,38.47249984741211,88022000
2017-09-29,35.89767074584961,38.529998779296875,38.532501220703125,38.0,38.3025016784668,105199200
2017-10-02,35.825469970703125,38.45249938964844,38.61249923706055,38.18000030517578,38.564998626708984,74795200
2017-10-03,35.98153305053711,38.619998931884766,38.772499084472656,38.477500915527344,38.502498626708984,64921200
2017-10-04,35.74859619140625,38.369998931884766,38.46500015258789,38.1150016784668,38.407501220703125,80655200
2017-10-05,36.193477630615234,38.84749984741211,38.86000061035156,38.51250076293945,38.54499816894531,85135200
2017-10-06,36.17251968383789,38.82500076293945,38.872501373291016,38.63999938964844,38.74250030517578,69630400
2017-10-09,36.29830551147461,38.959999084472656,39.182498931884766,38.872501373291016,38.95249938964844,65051600
2017-10-10,36.312255859375,38.974998474121094,39.5,38.775001525878906,39.01499938964844,62468000
2017-10-11,36.46364974975586,39.13750076293945,39.244998931884766,38.9375,38.99250030517578,67622400
2017-10-12,36.33555221557617,39.0,39.342498779296875,38.932498931884766,39.087501525878906,64500400
2017-10-13,36.5661506652832,39.247501373291016,39.31999969482422,39.102500915527344,39.182498931884766,65576800
2017-10-16,37.239288330078125,39.970001220703125,40.0,39.412498474121094,39.474998474121094,96486000
2017-10-17,37.376712799072266,40.11750030517578,40.217498779296875,39.807498931884766,39.94499969482422,75989200
2017-10-18,37.21133041381836,39.939998626708984,40.1775016784668,39.900001525878906,40.10499954223633,65496800
2017-10-19,36.33089828491211,38.994998931884766,39.27000045776367,38.755001068115234,39.1875,170336800
2017-10-20,36.3937873840332,39.0625,39.4375,38.9900016784668,39.15250015258789,95896400
2017-10-23,36.37515640258789,39.04249954223633,39.42250061035156,38.875,39.22249984741211,87937200
2017-10-24,36.591773986816406,39.275001525878906,39.35499954223633,39.04999923706055,39.0724983215332,71028800
2017-10-25,36.431053161621094,39.102500915527344,39.38750076293945,38.817501068115234,39.227500915527344,84828400
2017-10-26,36.66398620605469,39.352500915527344,39.45750045776367,39.19499969482422,39.307498931884766,68002000
2017-10-27,37.9776496887207,40.76250076293945,40.900001525878906,39.67499923706055,39.8224983215332,177816800
2017-10-30,38.83246612548828,41.68000030517578,42.01750183105469,40.93000030517578,40.97249984741211,178803200
2017-10-31,39.37284469604492,42.2599983215332,42.412498474121094,41.73500061035156,41.974998474121094,144187200
2017-11-01,38.87205123901367,41.72249984741211,42.48500061035156,41.40250015258789,42.467498779296875,134551200
2017-11-02,39.156219482421875,42.02750015258789,42.125,41.31999969482422,41.650001525878906,165573600
2017-11-03,40.178733825683594,43.125,43.564998626708984,42.779998779296875,43.5,237594400
2017-11-06,40.58634948730469,43.5625,43.747501373291016,42.93000030517578,43.092498779296875,140105200
2017-11-07,40.71678924560547,43.70249938964844,43.8125,43.400001525878906,43.477500915527344,97446000
2017-11-08,41.04985427856445,44.060001373291016,44.060001373291016,43.58250045776367,43.665000915527344,97638000
2017-11-09,40.96603012084961,43.970001220703125,44.025001525878906,43.28499984741211,43.77750015258789,117930400
2017-11-10,40.830440521240234,43.66749954223633,43.845001220703125,43.567501068115234,43.77750015258789,100582000
2017-11-13,40.66680908203125,43.49250030517578,43.625,43.349998474121094,43.375,67928400
2017-11-14,40.05202865600586,42.834999084472656,43.369998931884766,42.79499816894531,43.2599983215332,99130000
2017-11-15,39.52372741699219,42.27000045776367,42.58000183105469,42.095001220703125,42.49250030517578,116632400
2017-11-16,39.99591827392578,42.775001525878906,42.967498779296875,42.57500076293945,42.79499816894531,94550000
2017-11-17,39.77385330200195,42.537498474121094,42.84749984741211,42.40999984741211,42.7599983215332,87598000
2017-11-20,39.734100341796875,42.494998931884766,42.63999938964844,42.38999938964844,42.5724983215332,65049600
2017-11-21,40.472782135009766,43.28499984741211,43.42499923706055,42.69499969482422,42.69499969482422,100525200
2017-11-22,40.89822006225586,43.7400016784668,43.75,43.26250076293945,43.34000015258789,102355600
2017-11-24,40.90056228637695,43.74250030517578,43.875,43.662498474121094,43.775001525878906,56106800
2017-11-27,40.69484329223633,43.522499084472656,43.77000045776367,43.334999084472656,43.76250076293945,82867200
2017-11-28,40.45641326904297,43.26750183105469,43.717498779296875,42.96500015258789,43.57500076293945,105715200
2017-11-29,39.61723709106445,42.369998931884766,43.22999954223633,41.790000915527344,43.157501220703125,166665600
2017-11-30,40.17124938964844,42.962501525878906,43.03499984741211,42.11000061035156,42.60749816894531,166108800
2017-12-01,39.98423385620117,42.76250076293945,42.91749954223633,42.125,42.48749923706055,159037200
2017-12-04,39.69202423095703,42.45000076293945,43.154998779296875,42.407501220703125,43.119998931884766,130169600
2017-12-05,39.654624938964844,42.40999984741211,42.880001068115234,42.099998474121094,42.26499938964844,109400800
2017-12-06,39.50735855102539,42.252498626708984,42.54999923706055,41.6150016784668,41.875,114240000
2017-12-07,39.579833984375,42.33000183105469,42.61000061035156,42.227500915527344,42.25749969482422,102693200
2017-12-08,39.59150695800781,42.342498779296875,42.75,42.20500183105469,42.622501373291016,93420800
2017-12-11,40.3629150390625,43.16749954223633,43.22249984741211,42.1974983215332,42.29999923706055,141095200
2017-12-12,40.13616943359375,42.92499923706055,43.09749984741211,42.8650016784668,43.037498474121094,77636800
2017-12-13,40.269412994384766,43.067501068115234,43.3849983215332,43.0,43.125,95273600
2017-12-14,40.25772476196289,43.05500030517578,43.282501220703125,42.912498474121094,43.099998474121094,81906000
2017-12-15,40.66680908203125,43.49250030517578,43.54249954223633,43.1150016784668,43.407501220703125,160677200
2017-12-18,41.239501953125,44.10499954223633,44.29999923706055,43.71500015258789,43.720001220703125,117684400
2017-12-19,40.800045013427734,43.6349983215332,43.84749984741211,43.522499084472656,43.75749969482422,109745600
2017-12-20,40.755619049072266,43.587501525878906,43.85499954223633,43.3125,43.717498779296875,93902400
2017-12-21,40.909912109375,43.752498626708984,44.005001068115234,43.525001525878906,43.54249954223633,83799600
2017-12-22,40.909912109375,43.752498626708984,43.85499954223633,43.625,43.66999816894531,65397600
2017-12-26,39.87202453613281,42.64250183105469,42.86750030517578,42.41999816894531,42.70000076293945,132742000
2017-12-27,39.8790397644043,42.650001525878906,42.69499969482422,42.4275016784668,42.525001525878906,85992800
2017-12-28,39.991249084472656,42.77000045776367,42.962501525878906,42.619998931884766,42.75,65920800
2017-12-29,39.55878448486328,42.307498931884766,42.647499084472656,42.30500030517578,42.630001068115234,103999600
2018-01-02,40.26707458496094,43.064998626708984,43.07500076293945,42.314998626708984,42.540000915527344,102223600
2018-01-03,40.26006317138672,43.057498931884766,43.63750076293945,42.9900016784668,43.13249969482422,118071600
2018-01-04,40.44706344604492,43.25749969482422,43.36750030517578,43.02000045776367,43.1349983215332,89738400
2018-01-05,40.90756607055664,43.75,43.842498779296875,43.26250076293945,43.36000061035156,94640000
2018-01-08,40.755619049072266,43.587501525878906,43.90250015258789,43.48249816894531,43.587501525878906,82271200
2018-01-09,40.75095748901367,43.58250045776367,43.76499938964844,43.352500915527344,43.63750076293945,86336000
2018-01-10,40.741607666015625,43.5724983215332,43.57500076293945,43.25,43.290000915527344,95839600
2018-01-11,40.97301483154297,43.81999969482422,43.872501373291016,43.622501373291016,43.647499084472656,74670800
2018-01-12,41.39613723754883,44.272499084472656,44.34000015258789,43.912498474121094,44.04499816894531,101672400
2018-01-16,41.18574523925781,44.04750061035156,44.84749984741211,44.03499984741211,44.474998474121094,118263600
2018-01-17,41.86598587036133,44.775001525878906,44.8125,43.76750183105469,44.037498474121094,137547200
2018-01-18,41.90338134765625,44.814998626708984,45.025001525878906,44.5625,44.842498779296875,124773600
2018-01-19,41.716373443603516,44.6150016784668,44.89500045776367,44.352500915527344,44.65250015258789,129700400
2018-01-22,41.37510299682617,44.25,44.44499969482422,44.150001525878906,44.32500076293945,108434400
2018-01-23,41.384437561035156,44.2599983215332,44.86000061035156,44.20500183105469,44.32500076293945,130756400
2018-01-24,40.72523498535156,43.55500030517578,44.32500076293945,43.29999923706055,44.3125,204420400
2018-01-25,39.998252868652344,42.77750015258789,43.73749923706055,42.63249969482422,43.627498626708984,166116000
2018-01-26,40.091758728027344,42.877498626708984,43.0,42.51499938964844,43.0,156572000
2018-01-29,39.26192092895508,41.9900016784668,42.540000915527344,41.76750183105469,42.540000915527344,202561600
2018-01-30,39.03049850463867,41.74250030517578,41.842498779296875,41.17499923706055,41.38249969482422,184192800
2018-01-31,39.13802719116211,41.85749816894531,42.11000061035156,41.625,41.717498779296875,129915600
2018-02-01,39.219844818115234,41.94499969482422,42.154998779296875,41.689998626708984,41.79249954223633,188923200
2018-02-02,37.51808166503906,40.125,41.70000076293945,40.025001525878906,41.5,346375200
2018-02-05,36.580711364746094,39.122501373291016,40.970001220703125,39.0,39.775001525878906,290954000
2018-02-06,38.10948944091797,40.75749969482422,40.93000030517578,38.5,38.70750045776367,272975200
2018-02-07,37.293678283691406,39.8849983215332,40.849998474121094,39.76750183105469,40.772499084472656,206434400
2018-02-08,36.267478942871094,38.787498474121094,40.25,38.75749969482422,40.0724983215332,217562000
2018-02-09,36.711082458496094,39.102500915527344,39.47249984741211,37.560001373291016,39.26750183105469,282690400
2018-02-12,38.18977355957031,40.6775016784668,40.97249984741211,39.377498626708984,39.625,243278000
2018-02-13,38.57234573364258,41.084999084472656,41.1875,40.412498474121094,40.48749923706055,130196800
2018-02-14,39.28352355957031,41.842498779296875,41.8849983215332,40.720001220703125,40.7599983215332,162579600
2018-02-15,40.60258102416992,43.247501373291016,43.272499084472656,42.25,42.4474983215332,204588800
2018-02-16,40.47115707397461,43.10749816894531,43.70500183105469,42.942501068115234,43.09000015258789,160704400
2018-02-20,40.33502960205078,42.962501525878906,43.564998626708984,42.85499954223633,43.01250076293945,135722000
2018-02-21,40.15194320678711,42.76750183105469,43.529998779296875,42.752498626708984,43.20750045776367,149886400
2018-02-22,40.48758316040039,43.125,43.48749923706055,42.9275016784668,42.95000076293945,123967600
2018-02-23,41.19171142578125,43.875,43.912498474121094,43.3849983215332,43.41749954223633,135249600
2018-02-26,42.006160736083984,44.74250030517578,44.84749984741211,44.0525016784668,44.087501525878906,152648800
2018-02-27,41.87002182006836,44.59749984741211,45.119998931884766,44.540000915527344,44.775001525878906,155712400
2018-02-28,41.80664825439453,44.529998779296875,45.154998779296875,44.51250076293945,44.814998626708984,151128400
2018-03-01,41.0743522644043,43.75,44.94499969482422,43.165000915527344,44.6349983215332,195208000
2018-03-02,41.35835647583008,44.0525016784668,44.07500076293945,43.11249923706055,43.20000076293945,153816000
2018-03-05,41.50154113769531,44.20500183105469,44.435001373291016,43.630001068115234,43.8025016784668,113605600
2018-03-06,41.466312408447266,44.16749954223633,44.5625,44.032501220703125,44.477500915527344,95154000
2018-03-07,41.081398010253906,43.75749969482422,43.962501525878906,43.567501068115234,43.73500061035156,126814000
2018-03-08,41.52968978881836,44.23500061035156,44.279998779296875,43.76750183105469,43.869998931884766,95096400
2018-03-09,42.243221282958984,44.994998931884766,45.0,44.34749984741211,44.4900016784668,128740800
2018-03-12,42.651611328125,45.43000030517578,45.59749984741211,45.0525016784668,45.0724983215332,128828400
2018-03-13,42.24087142944336,44.99250030517578,45.875,44.810001373291016,45.647499084472656,126774000
2018-03-14,41.88176345825195,44.61000061035156,45.130001068115234,44.45249938964844,45.08000183105469,117473600
2018-03-15,41.93105697631836,44.662498474121094,45.060001373291016,44.51750183105469,44.625,90975200
2018-03-16,41.78318786621094,44.505001068115234,44.779998779296875,44.404998779296875,44.662498474121094,157618800
2018-03-19,41.144779205322266,43.82500076293945,44.36750030517578,43.415000915527344,44.33000183105469,133787200
2018-03-20,41.13068771362305,43.810001373291016,44.20000076293945,43.73500061035156,43.810001373291016,78597600
2018-03-21,40.198883056640625,42.817501068115234,43.772499084472656,42.814998626708984,43.7599983215332,148219600
2018-03-22,39.63088607788086,42.212501525878906,43.16999816894531,42.150001525878906,42.5,165963200
2018-03-23,38.713172912597656,41.23500061035156,42.47999954223633,41.23500061035156,42.09749984741211,164115200
2018-03-26,40.55094909667969,43.192501068115234,43.275001525878906,41.61000061035156,42.01750183105469,150164800
2018-03-27,39.51117706298828,42.084999084472656,43.787498474121094,41.72999954223633,43.41999816894531,163690400
2018-03-28,39.07463455200195,41.619998931884766,42.505001068115234,41.29750061035156,41.8125,166674000
2018-03-29,39.37974548339844,41.94499969482422,42.9375,41.724998474121094,41.95249938964844,153594000
2018-04-02,39.12155532836914,41.66999816894531,42.23500061035156,41.11750030517578,41.65999984741211,150347200
2018-04-03,39.52293014526367,42.09749984741211,42.1875,41.220001220703125,41.90999984741211,121112000
2018-04-04,40.2786979675293,42.90250015258789,43.002498626708984,41.192501068115234,41.220001220703125,138422000
2018-04-05,40.55799865722656,43.20000076293945,43.557498931884766,43.02000045776367,43.14500045776367,107732800
2018-04-06,39.520572662353516,42.095001220703125,43.119998931884766,42.04999923706055,42.74250030517578,140021200
2018-04-09,39.91253662109375,42.51250076293945,43.272499084472656,42.462501525878906,42.470001220703125,116070800
2018-04-10,40.663612365722656,43.3125,43.5,42.88249969482422,43.25,113634400
2018-04-11,40.47349548339844,43.11000061035156,43.47999954223633,42.92499923706055,43.057498931884766,89726400
2018-04-12,40.87250518798828,43.53499984741211,43.75,43.2599983215332,43.352500915527344,91557200
2018-04-13,41.010990142822266,43.682498931884766,43.959999084472656,43.462501525878906,43.69499969482422,100497200
2018-04-16,41.266815185546875,43.95500183105469,44.04750061035156,43.70750045776367,43.75749969482422,86313600
2018-04-17,41.83481979370117,44.560001373291016,44.73500061035156,44.102500915527344,44.122501373291016,106421600
2018-04-18,41.740936279296875,44.459999084472656,44.70500183105469,44.220001220703125,44.45249938964844,83018000
2018-04-19,40.55799865722656,43.20000076293945,43.84749984741211,43.165000915527344,43.439998626708984,139235200
2018-04-20,38.896240234375,41.43000030517578,42.80500030517578,41.35749816894531,42.650001525878906,261964400
2018-04-23,38.78358840942383,41.310001373291016,41.72999954223633,41.022499084472656,41.70750045776367,146062000
2018-04-24,38.243751525878906,40.73500061035156,41.58250045776367,40.30500030517578,41.41749954223633,134768000
2018-04-25,38.4103889465332,40.912498474121094,41.35499954223633,40.602500915527344,40.654998779296875,113528400
2018-04-26,38.54417419433594,41.05500030517578,41.432498931884766,40.842498779296875,41.029998779296875,111852000
2018-04-27,38.09822082519531,40.58000183105469,41.08250045776367,40.157501220703125,41.0,142623200
2018-04-30,38.78827667236328,41.314998626708984,41.814998626708984,40.459999084472656,40.532501220703125,169709600
2018-05-01,39.68956756591797,42.275001525878906,42.29999923706055,41.317501068115234,41.602500915527344,214277600
2018-05-02,41.44285583496094,44.14250183105469,44.4375,43.45000076293945,43.807498931884766,266157600
2018-05-03,41.51796340942383,44.22249984741211,44.375,43.61000061035156,43.970001220703125,136272800
2018-05-04,43.1468505859375,45.95750045776367,46.0625,44.54249954223633,44.5625,224805200
2018-05-07,43.459022521972656,46.290000915527344,46.91749954223633,46.1875,46.29499816894531,169805600
2018-05-08,43.66792297363281,46.51250076293945,46.55500030517578,45.91749954223633,46.247501373291016,113611200
2018-05-09,43.97537612915039,46.84000015258789,46.849998474121094,46.30500030517578,46.63750076293945,92844800
2018-05-10,44.604400634765625,47.5099983215332,47.592498779296875,46.912498474121094,46.935001373291016,111957200
2018-05-11,44.43476104736328,47.147499084472656,47.51499938964844,46.86249923706055,47.372501373291016,104848800
2018-05-14,44.331092834472656,47.037498474121094,47.38249969482422,46.96500015258789,47.252498626708984,83115200
2018-05-15,43.92818832397461,46.61000061035156,46.76750183105469,46.275001525878906,46.69499969482422,94780800
2018-05-16,44.33815002441406,47.04499816894531,47.1150016784668,46.5,46.51750183105469,76732400
2018-05-17,44.057777404785156,46.747501373291016,47.227500915527344,46.59000015258789,47.0,69176000
2018-05-18,43.897560119628906,46.57749938964844,46.95249938964844,46.532501220703125,46.79750061035156,73190800
2018-05-21,44.208580017089844,46.907501220703125,47.317501068115234,46.727500915527344,47.0,73603200
2018-05-22,44.09782791137695,46.790000915527344,47.220001220703125,46.69499969482422,47.095001220703125,60962800
2018-05-23,44.38056945800781,47.09000015258789,47.125,46.439998626708984,46.587501525878906,80233600
2018-05-24,44.331092834472656,47.037498474121094,47.209999084472656,46.5525016784668,47.192501068115234,92936000
2018-05-25,44.432411193847656,47.14500045776367,47.412498474121094,46.912498474121094,47.057498931884766,69844000
2018-05-29,44.27218246459961,46.974998474121094,47.1875,46.717498779296875,46.900001525878906,90056400
2018-05-30,44.17793655395508,46.875,47.0,46.69499969482422,46.93000030517578,74762000
2018-05-31,44.02949905395508,46.717498779296875,47.057498931884766,46.53499984741211,46.80500030517578,109931200
2018-06-01,44.823524475097656,47.560001373291016,47.564998626708984,46.9375,46.997501373291016,93770000
2018-06-04,45.19816207885742,47.95750045776367,48.35499954223633,47.837501525878906,47.90999984741211,105064800
2018-06-05,45.5468635559082,48.32749938964844,48.48500061035156,48.09000015258789,48.26750183105469,86264000
2018-06-06,45.70473098754883,48.494998931884766,48.52000045776367,47.97999954223633,48.407501220703125,83734400
2018-06-07,45.582210540771484,48.3650016784668,48.54999923706055,48.084999084472656,48.53499984741211,85388800
2018-06-08,45.16753387451172,47.92499923706055,48.0,47.442501068115234,47.79249954223633,106627200
2018-06-11,45.0567741394043,47.807498931884766,47.99250030517578,47.5525016784668,47.837501525878906,73234000
2018-06-12,45.30418395996094,48.06999969482422,48.15250015258789,47.787498474121094,47.84749984741211,67644400
2018-06-13,44.93191146850586,47.67499923706055,48.220001220703125,47.61000061035156,48.10499954223633,86553600
2018-06-14,44.95547866821289,47.70000076293945,47.89250183105469,47.55500030517578,47.88750076293945,86440400
2018-06-15,44.49365997314453,47.209999084472656,47.540000915527344,47.064998626708984,47.50749969482422,246876800
2018-06-18,44.47010040283203,47.185001373291016,47.30500030517578,46.79999923706055,46.970001220703125,73939600
2018-06-19,43.7514762878418,46.42250061035156,46.58250045776367,45.86249923706055,46.28499984741211,134314000
2018-06-20,43.94233322143555,46.625,46.79999923706055,46.432498931884766,46.587501525878906,82514800
2018-06-21,43.69728088378906,46.3650016784668,47.087501525878906,46.23500061035156,46.8125,102847600
2018-06-22,43.57004928588867,46.22999954223633,46.537498474121094,46.17499923706055,46.529998779296875,108801600
2018-06-25,42.92211151123047,45.54249954223633,46.22999954223633,45.182498931884766,45.849998474121094,126652400
2018-06-26,43.454593658447266,46.10749816894531,46.63249969482422,45.6349983215332,45.747501373291016,98276800
2018-06-27,43.39098358154297,46.040000915527344,46.81999969482422,46.00749969482422,46.307498931884766,101141200
2018-06-28,43.70671844482422,46.375,46.5525016784668,45.95000076293945,46.025001525878906,69460800
2018-06-29,43.61481475830078,46.27750015258789,46.79750061035156,45.727500915527344,46.5724983215332,90950800
2018-07-02,44.1025390625,46.79499816894531,46.82500076293945,45.85499954223633,45.95500183105469,70925200
2018-07-03,43.33443832397461,45.97999954223633,46.98749923706055,45.8849983215332,46.9474983215332,55819200
2018-07-05,43.68315505981445,46.349998474121094,46.602500915527344,46.06999969482422,46.314998626708984,66416800
2018-07-06,44.288692474365234,46.99250030517578,47.10749816894531,46.29999923706055,46.35499954223633,69940800
2018-07-09,44.90363693237305,47.64500045776367,47.66999816894531,47.32500076293945,47.375,79026400
2018-07-10,44.84944152832031,47.587501525878906,47.81999969482422,47.54499816894531,47.6775016784668,63756400
2018-07-11,44.26747512817383,46.970001220703125,47.44499969482422,46.90250015258789,47.125,75326000
2018-07-12,45.00967025756836,47.75749969482422,47.852500915527344,47.32749938964844,47.38249969482422,72164400
2018-07-13,45.080352783203125,47.83250045776367,47.959999084472656,47.724998474121094,47.77000045776367,50055600
2018-07-16,44.981388092041016,47.727500915527344,48.162498474121094,47.60499954223633,47.880001068115234,60172400
2018-07-17,45.10862731933594,47.86249923706055,47.967498779296875,47.29999923706055,47.4375,62138000
2018-07-18,44.861228942871094,47.599998474121094,47.95000076293945,47.48249816894531,47.94499969482422,65573600
2018-07-19,45.20993423461914,47.970001220703125,48.13750076293945,47.42250061035156,47.42250061035156,81147200
2018-07-20,45.10626220703125,47.86000061035156,48.10749816894531,47.54249954223633,47.94499969482422,82704800
2018-07-23,45.14631652832031,47.90250015258789,47.9900016784668,47.38999938964844,47.66999816894531,63957600
2018-07-24,45.47382354736328,48.25,48.415000915527344,48.01250076293945,48.11249923706055,74791600
2018-07-25,45.90263748168945,48.70500183105469,48.712501525878906,48.10749816894531,48.26499938964844,66839600
2018-07-26,45.7589225769043,48.5525016784668,48.9900016784668,48.40250015258789,48.65250015258789,76304000
2018-07-27,44.997886657714844,47.744998931884766,48.79750061035156,47.525001525878906,48.747501373291016,96096000
2018-07-30,44.74577713012695,47.477500915527344,48.04999923706055,47.26750183105469,47.974998474121094,84118000
2018-07-31,44.835304260253906,47.5724983215332,48.03499984741211,47.334999084472656,47.57500076293945,157492000
2018-08-01,47.476566314697266,50.375,50.439998626708984,49.32749938964844,49.782501220703125,271742800
2018-08-02,48.86434555053711,51.84749984741211,52.095001220703125,50.087501525878906,50.14500045776367,249616000
2018-08-03,49.00570297241211,51.997501373291016,52.185001373291016,51.369998931884766,51.75749969482422,133789600
2018-08-06,49.26017761230469,52.26750183105469,52.3125,51.76750183105469,52.0,101701600
2018-08-07,48.79836654663086,51.77750015258789,52.375,51.689998626708984,52.33000183105469,102349600
2018-08-08,48.83134841918945,51.8125,51.95249938964844,51.130001068115234,51.51250076293945,90102000
2018-08-09,49.21540832519531,52.220001220703125,52.44499969482422,51.79999923706055,52.38249969482422,93970400
2018-08-10,49.068809509277344,51.88249969482422,52.275001525878906,51.66749954223633,51.84000015258789,98444800
2018-08-13,49.38565444946289,52.217498779296875,52.73749923706055,51.92499923706055,52.32749938964844,103563600
2018-08-14,49.59370803833008,52.4375,52.63999938964844,52.064998626708984,52.540000915527344,82992000
2018-08-15,49.70957946777344,52.560001373291016,52.685001373291016,52.08250045776367,52.30500030517578,115230400
2018-08-16,50.43781661987305,53.33000183105469,53.45249938964844,52.86750030517578,52.9375,114001600
2018-08-17,51.44505310058594,54.39500045776367,54.48749923706055,53.290000915527344,53.36000061035156,141708000
2018-08-20,50.94379425048828,53.8650016784668,54.79499816894531,53.77750015258789,54.525001525878906,121150800
2018-08-21,50.844482421875,53.7599983215332,54.29750061035156,53.50749969482422,54.20000076293945,104639200
2018-08-22,50.846866607666016,53.76250076293945,54.09000015258789,53.459999084472656,53.525001525878906,76072400
2018-08-23,50.95087432861328,53.872501373291016,54.26250076293945,53.650001525878906,53.662498474121094,75532800
2018-08-24,51.10930633544922,54.040000915527344,54.224998474121094,53.77750015258789,54.150001525878906,73905600
2018-08-27,51.53017044067383,54.48500061035156,54.685001373291016,54.08250045776367,54.287498474121094,82100400
2018-08-28,51.94631576538086,54.92499923706055,55.1349983215332,54.72999954223633,54.752498626708984,91107200
2018-08-29,52.72184371948242,55.744998931884766,55.872501373291016,54.852500915527344,55.037498474121094,109019200
2018-08-30,53.20655822753906,56.25749969482422,57.064998626708984,55.599998474121094,55.8125,195175200
2018-08-31,53.82128143310547,56.907501220703125,57.217498779296875,56.5,56.627498626708984,173360400
2018-09-04,53.993896484375,57.09000015258789,57.29499816894531,56.657501220703125,57.102500915527344,109560400
2018-09-05,53.6415901184082,56.717498779296875,57.41749954223633,56.275001525878906,57.247501373291016,133332000
2018-09-06,52.75021743774414,55.775001525878906,56.837501525878906,55.32500076293945,56.557498931884766,137160000
2018-09-07,52.324615478515625,55.32500076293945,56.342498779296875,55.1775016784668,55.462501525878906,150479200
2018-09-10,51.62238693237305,54.58250045776367,55.462501525878906,54.11750030517578,55.23749923706055,158066000
2018-09-11,52.92754364013672,55.962501525878906,56.07500076293945,54.13999938964844,54.502498626708984,142996000
2018-09-12,52.270233154296875,55.26750183105469,56.25,54.959999084472656,56.23500061035156,197114800
2018-09-13,53.53282928466797,56.602500915527344,57.087501525878906,55.64250183105469,55.880001068115234,166825600
2018-09-14,52.92517852783203,55.959999084472656,56.709999084472656,55.630001068115234,56.4375,127997200
2018-09-17,51.5159912109375,54.470001220703125,55.73749923706055,54.317501068115234,55.537498474121094,148780400
2018-09-18,51.601104736328125,54.560001373291016,55.462501525878906,54.279998779296875,54.4474983215332,126286800
2018-09-19,51.6318473815918,54.592498779296875,54.904998779296875,53.82500076293945,54.625,108495200
2018-09-20,52.02433395385742,55.00749969482422,55.56999969482422,54.787498474121094,55.060001373291016,106435200
2018-09-21,51.46397018432617,54.415000915527344,55.34000015258789,54.3224983215332,55.19499969482422,384986800
2018-09-24,52.20402526855469,55.1974983215332,55.314998626708984,54.157501220703125,54.20500183105469,110773600
2018-09-25,52.5350456237793,55.54750061035156,55.70500183105469,54.92499923706055,54.9375,98217600
2018-09-26,52.116546630859375,55.10499954223633,55.9375,54.939998626708984,55.25,95938800
2018-09-27,53.18762969970703,56.23749923706055,56.61000061035156,55.8849983215332,55.95500183105469,120724800
2018-09-28,53.37441635131836,56.435001373291016,56.459999084472656,56.005001068115234,56.1974983215332,91717600
2018-10-01,53.73380661010742,56.814998626708984,57.35499954223633,56.587501525878906,56.98749923706055,94403200
2018-10-02,54.21141815185547,57.31999969482422,57.5,56.657501220703125,56.8125,99152800
2018-10-03,54.87110137939453,58.01750183105469,58.36750030517578,57.44499969482422,57.51250076293945,114619200
2018-10-04,53.90641403198242,56.997501373291016,58.087501525878906,56.682498931884766,57.69499969482422,128168000
2018-10-05,53.031585693359375,56.0724983215332,57.102500915527344,55.14500045776367,56.9900016784668,134322000
2018-10-08,52.90863037109375,55.942501068115234,56.20000076293945,55.04999923706055,55.5525016784668,118655600
2018-10-09,53.6415901184082,56.717498779296875,56.817501068115234,55.5625,55.90999984741211,107564000
2018-10-10,51.15660095214844,54.09000015258789,56.587501525878906,54.01250076293945,56.3650016784668,167962400
2018-10-11,50.70498275756836,53.61249923706055,54.875,53.08000183105469,53.630001068115234,212497600
2018-10-12,52.51613998413086,55.52750015258789,55.720001220703125,54.209999084472656,55.10499954223633,161351600
2018-10-15,51.39303207397461,54.34000015258789,55.45750045776367,54.317501068115234,55.290000915527344,123164000
2018-10-16,52.525596618652344,55.537498474121094,55.747501373291016,54.189998626708984,54.73249816894531,116736000
2018-10-17,52.29859924316406,55.29750061035156,55.65999984741211,54.834999084472656,55.57500076293945,91541600
2018-10-18,51.07620620727539,54.005001068115234,54.935001373291016,53.25,54.46500015258789,130325200
2018-10-19,51.854087829589844,54.82749938964844,55.314998626708984,54.35749816894531,54.51499938964844,132314800
2018-10-22,52.17093276977539,55.162498474121094,55.84000015258789,54.73500061035156,54.9474983215332,115168400
2018-10-23,52.6627311706543,55.682498931884766,55.8125,53.67499923706055,53.95750045776367,155071200
2018-10-24,50.8563117980957,53.772499084472656,56.057498931884766,53.6349983215332,55.650001525878906,163702000
2018-10-25,51.969947814941406,54.95000076293945,55.345001220703125,54.1875,54.4275016784668,119423200
2018-10-26,51.14241409301758,54.07500076293945,55.04750061035156,53.16749954223633,53.974998474121094,189033600
2018-10-29,50.18245315551758,53.060001373291016,54.92250061035156,51.522499084472656,54.79750061035156,183742000
2018-10-30,50.43307876586914,53.32500076293945,53.79499816894531,52.317501068115234,52.787498474121094,146640000
2018-10-31,51.74769973754883,54.71500015258789,55.11249923706055,54.154998779296875,54.220001220703125,153435600
2018-11-01,52.54214859008789,55.55500030517578,55.59000015258789,54.20249938964844,54.76250076293945,233292800
2018-11-02,49.05699920654297,51.869998931884766,53.412498474121094,51.35749816894531,52.38750076293945,365314800
2018-11-05,47.66435241699219,50.397499084472656,51.09749984741211,49.54249954223633,51.07500076293945,264654800
2018-11-06,48.17979049682617,50.942501068115234,51.18000030517578,50.42250061035156,50.47999954223633,127531600
2018-11-07,49.6410026550293,52.48749923706055,52.51499938964844,51.032501220703125,51.49250030517578,133697600
2018-11-08,49.46779251098633,52.122501373291016,52.529998779296875,51.6875,52.494998931884766,101450400
2018-11-09,48.513973236083984,51.11750030517578,51.502498626708984,50.5625,51.38750076293945,137463200
2018-11-12,46.07011795043945,48.54249954223633,49.962501525878906,48.4474983215332,49.75,204542000
2018-11-13,45.60984420776367,48.057498931884766,49.29499816894531,47.86249923706055,47.907501220703125,187531600
2018-11-14,44.32148361206055,46.70000076293945,48.619998931884766,46.48249816894531,48.474998474121094,243204000
2018-11-15,45.41527557373047,47.852500915527344,47.99250030517578,46.724998474121094,47.09749984741211,185915200
2018-11-16,45.91827392578125,48.38249969482422,48.74250030517578,47.3650016784668,47.625,147713200
2018-11-19,44.09843826293945,46.46500015258789,47.67499923706055,46.247501373291016,47.5,167701200
2018-11-20,41.99150466918945,44.244998931884766,45.36750030517578,43.877498626708984,44.592498779296875,271300800
2018-11-21,41.94406509399414,44.19499969482422,45.067501068115234,44.13750076293945,44.932498931884766,124496800
2018-11-23,40.87873077392578,43.0724983215332,44.150001525878906,43.025001525878906,43.73500061035156,94496000
2018-11-26,41.43156814575195,43.654998779296875,43.73749923706055,42.564998626708984,43.560001373291016,179994000
2018-11-27,41.34141159057617,43.560001373291016,43.692501068115234,42.720001220703125,42.877498626708984,165549600
2018-11-28,42.93109130859375,45.23500061035156,45.3224983215332,43.73249816894531,44.182498931884766,184250000
2018-11-29,42.601280212402344,44.88750076293945,45.70000076293945,44.42499923706055,45.665000915527344,167080000
2018-11-30,42.37113571166992,44.64500045776367,45.08250045776367,44.25749969482422,45.0724983215332,158126000
2018-12-03,43.8516960144043,46.20500183105469,46.23500061035156,45.3025016784668,46.1150016784668,163210000
2018-12-04,41.92270278930664,44.17250061035156,45.59749984741211,44.067501068115234,45.23749923706055,165377200
2018-12-06,41.45528030395508,43.68000030517578,43.69499969482422,42.60499954223633,42.939998626708984,172393600
2018-12-07,39.97712707519531,42.122501373291016,43.622501373291016,42.07500076293945,43.372501373291016,169126400
2018-12-10,40.24049377441406,42.400001525878906,42.522499084472656,40.83250045776367,41.25,248104000
2018-12-11,40.010337829589844,42.157501220703125,42.9474983215332,41.75,42.915000915527344,189126800
2018-12-12,40.12184524536133,42.275001525878906,42.97999954223633,42.255001068115234,42.599998474121094,142510800
2018-12-13,40.560794830322266,42.73749923706055,43.14250183105469,42.38750076293945,42.622501373291016,127594400
2018-12-14,39.262939453125,41.369998931884766,42.27000045776367,41.31999969482422,42.25,162814800
2018-12-17,38.89755630493164,40.98500061035156,42.087501525878906,40.682498931884766,41.36249923706055,177151600
2018-12-18,39.40293884277344,41.51750183105469,41.88249969482422,41.09749984741211,41.345001220703125,135366000
2018-12-19,38.17388916015625,40.22249984741211,41.86249923706055,39.772499084472656,41.5,196189200
2018-12-20,37.21058654785156,39.20750045776367,40.52750015258789,38.82500076293945,40.099998474121094,259092000
2018-12-21,35.76325988769531,37.682498931884766,39.540000915527344,37.407501220703125,39.21500015258789,382978400
2018-12-24,34.83790588378906,36.70750045776367,37.88750076293945,36.647499084472656,37.037498474121094,148676800
2018-12-26,37.291255950927734,39.29249954223633,39.307498931884766,36.68000030517578,37.07500076293945,234330000
2018-12-27,37.04924011230469,39.037498474121094,39.192501068115234,37.51750183105469,38.959999084472656,212468400
2018-12-28,37.06821823120117,39.057498931884766,39.630001068115234,38.63750076293945,39.375,169165600
2018-12-31,37.42648696899414,39.435001373291016,39.84000015258789,39.119998931884766,39.63249969482422,140014000
2019-01-02,37.469207763671875,39.47999954223633,39.712501525878906,38.557498931884766,38.72249984741211,148158800
2019-01-03,33.736995697021484,35.54750061035156,36.43000030517578,35.5,35.994998931884766,365248800
2019-01-04,35.177207946777344,37.064998626708984,37.13750076293945,35.95000076293945,36.13249969482422,234428400
2019-01-07,35.098907470703125,36.98249816894531,37.20750045776367,36.474998474121094,37.17499923706055,219111200
2019-01-08,35.76799774169922,37.6875,37.95500183105469,37.130001068115234,37.38999938964844,164101200
2019-01-09,36.375404357910156,38.32749938964844,38.63249969482422,37.407501220703125,37.8224983215332,180396400
2019-01-10,36.49166488647461,38.45000076293945,38.49250030517578,37.71500015258789,38.125,143122800
2019-01-11,36.133392333984375,38.0724983215332,38.42499923706055,37.877498626708984,38.220001220703125,108092800
2019-01-14,35.59005355834961,37.5,37.817501068115234,37.30500030517578,37.712501525878906,129756800
2019-01-15,36.31847381591797,38.26750183105469,38.34749984741211,37.51250076293945,37.567501068115234,114843600
2019-01-16,36.76214599609375,38.73500061035156,38.970001220703125,38.25,38.27000045776367,122278800
2019-01-17,36.980430603027344,38.96500015258789,39.415000915527344,38.314998626708984,38.54999923706055,119284800
2019-01-18,37.20820617675781,39.20500183105469,39.470001220703125,38.994998931884766,39.375,135004000
2019-01-22,36.37303161621094,38.32500076293945,39.182498931884766,38.154998779296875,39.102500915527344,121576000
2019-01-23,36.520145416259766,38.47999954223633,38.78499984741211,37.92499923706055,38.537498474121094,92522400
2019-01-24,36.230674743652344,38.17499923706055,38.619998931884766,37.935001373291016,38.52750015258789,101766000
2019-01-25,37.431243896484375,39.439998626708984,39.532501220703125,38.58000183105469,38.869998931884766,134142000
2019-01-28,37.08482360839844,39.07500076293945,39.08250045776367,38.415000915527344,38.9474983215332,104768400
2019-01-29,36.7004508972168,38.66999816894531,39.532501220703125,38.52750015258789,39.0625,166348800
2019-01-30,39.208370208740234,41.3125,41.537498474121094,40.057498931884766,40.8125,244439200
2019-01-31,39.49072265625,41.61000061035156,42.25,41.13999938964844,41.52750015258789,162958400
2019-02-01,39.509708404541016,41.630001068115234,42.244998931884766,41.48249816894531,41.7400016784668,130672400
2019-02-04,40.6319694519043,42.8125,42.915000915527344,41.81999969482422,41.852500915527344,125982000
2019-02-05,41.32716369628906,43.54499816894531,43.77000045776367,43.087501525878906,43.21500015258789,144406400
2019-02-06,41.34141159057617,43.560001373291016,43.89250183105469,43.212501525878906,43.662498474121094,112958400
2019-02-07,40.55842208862305,42.73500061035156,43.48500061035156,42.584999084472656,43.099998474121094,126966800
2019-02-08,40.6060791015625,42.602500915527344,42.665000915527344,42.10499954223633,42.247501373291016,95280000
2019-02-11,40.37256622314453,42.35749816894531,42.8025016784668,42.3125,42.76250076293945,83973600
2019-02-12,40.72045135498047,42.72249984741211,42.75,42.42499923706055,42.525001525878906,89134000
2019-02-13,40.551265716552734,42.54499816894531,43.119998931884766,42.47999954223633,42.84749984741211,89960800
2019-02-14,40.69900894165039,42.70000076293945,42.814998626708984,42.345001220703125,42.4275016784668,87342800
2019-02-15,40.608463287353516,42.60499954223633,42.92499923706055,42.4375,42.8125,98507200
2019-02-19,40.7299690246582,42.73249816894531,42.86000061035156,42.372501373291016,42.4275016784668,75891200
2019-02-20,40.992088317871094,43.00749969482422,43.33000183105469,42.747501373291016,42.79750061035156,104457600
2019-02-21,40.76096725463867,42.76499938964844,43.092498779296875,42.57500076293945,42.95000076293945,68998800
2019-02-22,41.21609115600586,43.24250030517578,43.25,42.845001220703125,42.89500045776367,75652800
2019-02-25,41.51632308959961,43.557498931884766,43.967498779296875,43.48749923706055,43.540000915527344,87493600
2019-02-26,41.54014587402344,43.58250045776367,43.82500076293945,43.29249954223633,43.4275016784668,68280800
2019-02-27,41.6688346862793,43.717498779296875,43.75,43.182498931884766,43.3025016784668,111341600
2019-02-28,41.258975982666016,43.287498474121094,43.727500915527344,43.22999954223633,43.58000183105469,112861600
2019-03-01,41.69265365600586,43.74250030517578,43.787498474121094,43.22249984741211,43.56999969482422,103544800
2019-03-04,41.90235137939453,43.962501525878906,44.4375,43.49250030517578,43.92250061035156,109744800
2019-03-05,41.82609558105469,43.88249969482422,44.0,43.6349983215332,43.98500061035156,78949600
2019-03-06,41.58542251586914,43.630001068115234,43.872501373291016,43.48500061035156,43.66749954223633,83241600
2019-03-07,41.10409164428711,43.125,43.61000061035156,43.005001068115234,43.467498779296875,99185600
2019-03-08,41.2017936706543,43.227500915527344,43.26750183105469,42.375,42.58000183105469,95997600
2019-03-11,42.62911605834961,44.724998474121094,44.779998779296875,43.837501525878906,43.872501373291016,128044000
2019-03-12,43.10805892944336,45.227500915527344,45.66749954223633,44.842498779296875,45.0,129870400
2019-03-13,43.298709869384766,45.4275016784668,45.82500076293945,45.22999954223633,45.5625,124130000
2019-03-14,43.780025482177734,45.932498931884766,46.025001525878906,45.63999938964844,45.974998474121094,94318000
2019-03-15,44.34952163696289,46.529998779296875,46.83250045776367,45.935001373291016,46.212501525878906,156171600
2019-03-18,44.802276611328125,47.005001068115234,47.09749984741211,46.4474983215332,46.45000076293945,104879200
2019-03-19,44.44723129272461,46.63249969482422,47.247501373291016,46.47999954223633,47.087501525878906,126585600
2019-03-20,44.835628509521484,47.040000915527344,47.372501373291016,46.182498931884766,46.557498931884766,124140800
2019-03-21,46.486934661865234,48.772499084472656,49.08250045776367,47.45249938964844,47.505001068115234,204136800
2019-03-22,45.52428436279297,47.76250076293945,49.42250061035156,47.69499969482422,48.834999084472656,169630800
2019-03-25,44.97383499145508,47.185001373291016,47.994998931884766,46.650001525878906,47.877498626708984,175381200
2019-03-26,44.50917053222656,46.6974983215332,48.220001220703125,46.14500045776367,47.915000915527344,199202000
2019-03-27,44.909488677978516,47.11750030517578,47.439998626708984,46.63750076293945,47.1875,119393600
2019-03-28,44.96907424926758,47.18000030517578,47.38999938964844,46.88249969482422,47.23749923706055,83121600
2019-03-29,45.26215362548828,47.48749923706055,47.52000045776367,47.1349983215332,47.45750045776367,94256000
2019-04-01,45.56955337524414,47.810001373291016,47.91999816894531,47.095001220703125,47.90999984741211,111448000
2019-04-02,46.23198699951172,48.505001068115234,48.6150016784668,47.76250076293945,47.772499084472656,91062800
2019-04-03,46.548892974853516,48.837501525878906,49.125,48.287498474121094,48.3125,93087200
2019-04-04,46.629913330078125,48.92250061035156,49.092498779296875,48.28499984741211,48.6974983215332,76457200
2019-04-05,46.942073822021484,49.25,49.275001525878906,48.98249816894531,49.11249923706055,74106400
2019-04-08,47.680755615234375,50.025001525878906,50.057498931884766,49.084999084472656,49.10499954223633,103526800
2019-04-09,47.537776947021484,49.875,50.712501525878906,49.807498931884766,50.08000183105469,143072800
2019-04-10,47.804656982421875,50.154998779296875,50.185001373291016,49.54499816894531,49.66999816894531,86781200
2019-04-11,47.40672302246094,49.73749923706055,50.25,49.61000061035156,50.212501525878906,83603200
2019-04-12,47.387657165527344,49.717498779296875,50.03499984741211,49.0525016784668,49.79999923706055,111042800
2019-04-15,47.47343826293945,49.807498931884766,49.962501525878906,49.502498626708984,49.64500045776367,70146400
2019-04-16,47.47819900512695,49.8125,50.342498779296875,49.63999938964844,49.8650016784668,102785600
2019-04-17,48.402740478515625,50.782501220703125,50.845001220703125,49.65250015258789,49.8849983215332,115627200
2019-04-18,48.57669448852539,50.96500015258789,51.037498474121094,50.630001068115234,50.779998779296875,96783200
2019-04-22,48.73634719848633,51.13249969482422,51.23500061035156,50.584999084472656,50.70750045776367,77758000
2019-04-23,49.43928527832031,51.869998931884766,51.9375,50.974998474121094,51.10749816894531,93292000
2019-04-24,49.36302947998047,51.790000915527344,52.119998931884766,51.76250076293945,51.84000015258789,70162400
2019-04-25,48.91506576538086,51.31999969482422,51.939998626708984,51.279998779296875,51.70750045776367,74172800
2019-04-26,48.68153762817383,51.07500076293945,51.25,50.529998779296875,51.224998474121094,74596400
2019-04-29,48.75541305541992,51.15250015258789,51.49250030517578,50.96500015258789,51.099998474121094,88818800
2019-04-30,47.81657409667969,50.16749954223633,50.849998474121094,49.77750015258789,50.76499938964844,186139600
2019-05-01,50.163665771484375,52.630001068115234,53.82749938964844,52.307498931884766,52.470001220703125,259309200
2019-05-02,49.83721923828125,52.287498474121094,53.162498474121094,52.032501220703125,52.459999084472656,127985200
2019-05-03,50.45676040649414,52.9375,52.959999084472656,52.557498931884766,52.72249984741211,83569600
2019-05-06,49.67757034301758,52.119998931884766,52.209999084472656,50.875,51.0724983215332,129772400
2019-05-07,48.33840560913086,50.71500015258789,51.85499954223633,50.20750045776367,51.470001220703125,155054800
2019-05-08,48.34794616699219,50.724998474121094,51.334999084472656,50.4375,50.474998474121094,105358000
2019-05-09,47.828487396240234,50.18000030517578,50.41999816894531,49.165000915527344,50.099998474121094,139634400
2019-05-10,47.165889739990234,49.29499816894531,49.712501525878906,48.192501068115234,49.35499954223633,164834800
2019-05-13,44.42463684082031,46.43000030517578,47.369998931884766,45.712501525878906,46.9275016784668,229722400
2019-05-14,45.12788772583008,47.165000915527344,47.42499923706055,46.352500915527344,46.602500915527344,146118800
2019-05-15,45.66849899291992,47.72999954223633,47.9375,46.505001068115234,46.567501068115234,106178800
2019-05-16,45.46757125854492,47.52000045776367,48.11750030517578,47.209999084472656,47.477500915527344,132125600
2019-05-17,45.20920944213867,47.25,47.724998474121094,46.689998626708984,46.73249816894531,131516400
2019-05-20,43.79553985595703,45.772499084472656,46.087501525878906,45.06999969482422,45.880001068115234,154449200
2019-05-21,44.6351318359375,46.650001525878906,47.0,46.17499923706055,46.30500030517578,113459200
2019-05-22,43.72138595581055,45.69499969482422,46.4275016784668,45.63750076293945,46.165000915527344,118994400
2019-05-23,42.97508239746094,44.915000915527344,45.1349983215332,44.45249938964844,44.95000076293945,146118800
2019-05-24,42.810020446777344,44.74250030517578,45.53499984741211,44.654998779296875,45.04999923706055,94858800
2019-05-28,42.63301467895508,44.557498931884766,45.147499084472656,44.477500915527344,44.72999954223633,111792800
2019-05-29,42.429683685302734,44.345001220703125,44.837501525878906,44.0,44.10499954223633,113924800
2019-05-30,42.649757385253906,44.57500076293945,44.807498931884766,44.16749954223633,44.48749923706055,84873600
2019-05-31,41.877132415771484,43.76750183105469,44.497501373291016,43.747501373291016,44.057498931884766,108174400
2019-06-03,41.45375061035156,43.32500076293945,44.47999954223633,42.567501068115234,43.900001525878906,161584400
2019-06-04,42.97028732299805,44.90999984741211,44.95750045776367,43.630001068115234,43.86000061035156,123872000
2019-06-05,43.66397476196289,45.6349983215332,46.247501373291016,45.28499984741211,46.06999969482422,119093600
2019-06-06,44.30503463745117,46.30500030517578,46.36750030517578,45.537498474121094,45.77000045776367,90105200
2019-06-07,45.48429870605469,47.537498474121094,47.97999954223633,46.442501068115234,46.627498626708984,122737600
2019-06-10,46.0655632019043,48.14500045776367,48.842498779296875,47.904998779296875,47.95249938964844,104883600
2019-06-11,46.59897994995117,48.70249938964844,49.0,48.400001525878906,48.71500015258789,107731600
2019-06-12,46.450687408447266,48.54750061035156,48.99250030517578,48.34749984741211,48.48749923706055,73012800
2019-06-13,46.44110107421875,48.537498474121094,49.1974983215332,48.400001525878906,48.67499923706055,86698400
2019-06-14,46.10383987426758,48.185001373291016,48.397499084472656,47.57500076293945,47.88750076293945,75046000
2019-06-17,46.378910064697266,48.47249984741211,48.7400016784668,48.04249954223633,48.224998474121094,58676400
2019-06-18,47.46968078613281,49.61249923706055,50.0724983215332,48.8025016784668,49.01250076293945,106204000
2019-06-19,47.330936431884766,49.467498779296875,49.970001220703125,49.32749938964844,49.91999816894531,84496800
2019-06-20,47.711280822753906,49.8650016784668,50.15250015258789,49.50749969482422,50.092498779296875,86056000
2019-06-21,47.548622131347656,49.69499969482422,50.212501525878906,49.537498474121094,49.70000076293945,191202400
2019-06-24,47.50078201293945,49.64500045776367,50.040000915527344,49.54249954223633,49.6349983215332,72881600
2019-06-25,46.780784606933594,48.89250183105469,49.814998626708984,48.8224983215332,49.60749816894531,84281200
2019-06-26,47.792598724365234,49.95000076293945,50.247501373291016,49.337501525878906,49.442501068115234,104270000
2019-06-27,47.77824783325195,49.935001373291016,50.39250183105469,49.89250183105469,50.0724983215332,83598800
2019-06-28,47.34290313720703,49.47999954223633,49.875,49.26250076293945,49.66999816894531,124442400
2019-07-01,48.21119689941406,50.38750076293945,51.122501373291016,50.162498474121094,50.79249954223633,109012000
2019-07-02,48.493465423583984,50.682498931884766,50.782501220703125,50.34000015258789,50.352500915527344,67740800
2019-07-03,48.895328521728516,51.102500915527344,51.11000061035156,50.67250061035156,50.81999969482422,45448000
2019-07-05,48.852272033691406,51.057498931884766,51.27000045776367,50.724998474121094,50.837501525878906,69062000
2019-07-08,47.8452262878418,50.005001068115234,50.349998474121094,49.602500915527344,50.20249938964844,101354400
2019-07-09,48.13705825805664,50.310001373291016,50.377498626708984,49.70249938964844,49.79999923706055,82312000
2019-07-10,48.61307144165039,50.807498931884766,50.932498931884766,50.38999938964844,50.462501525878906,71588400
2019-07-11,48.25904846191406,50.4375,51.09749984741211,50.4275016784668,50.82749938964844,80767200
2019-07-12,48.62981414794922,50.82500076293945,51.0,50.54999923706055,50.61249923706055,70380800
2019-07-15,49.086692810058594,51.3025016784668,51.467498779296875,51.0,51.022499084472656,67789600
2019-07-16,48.91685485839844,51.125,51.52750015258789,50.875,51.147499084472656,67467200
2019-07-17,48.64177322387695,50.837501525878906,51.272499084472656,50.817501068115234,51.01250076293945,56430000
2019-07-18,49.194332122802734,51.415000915527344,51.470001220703125,50.92499923706055,51.0,74162400
2019-07-19,48.45998001098633,50.647499084472656,51.625,50.59000015258789,51.4474983215332,83717200
2019-07-22,49.5674934387207,51.80500030517578,51.807498931884766,50.90250015258789,50.912498474121094,89111600
2019-07-23,49.954994201660156,52.209999084472656,52.227500915527344,51.8224983215332,52.1150016784668,73420800
2019-07-24,49.914329528808594,52.16749954223633,52.287498474121094,51.79249954223633,51.91749954223633,59966400
2019-07-25,49.51964569091797,51.755001068115234,52.310001373291016,51.682498931884766,52.22249984741211,55638400
2019-07-26,49.69186782836914,51.935001373291016,52.432498931884766,51.78499984741211,51.869998931884766,70475600
2019-07-29,50.155914306640625,52.41999816894531,52.65999984741211,52.11000061035156,52.1150016784668,86693600
2019-07-30,49.940635681152344,52.19499969482422,52.540000915527344,51.82749938964844,52.189998626708984,135742800
2019-07-31,50.95964050292969,53.2599983215332,55.342498779296875,52.82500076293945,54.10499954223633,277125600
2019-08-01,49.85691452026367,52.10749816894531,54.50749969482422,51.685001373291016,53.474998474121094,216071600
2019-08-02,48.80203628540039,51.005001068115234,51.60749816894531,50.407501220703125,51.38249969482422,163448400
2019-08-05,46.247352600097656,48.334999084472656,49.662498474121094,48.14500045776367,49.497501373291016,209572000
2019-08-06,47.12284469604492,49.25,49.51750183105469,48.5099983215332,49.07749938964844,143299200
2019-08-07,47.610809326171875,49.7599983215332,49.88999938964844,48.45500183105469,48.852500915527344,133457600
2019-08-08,48.66090774536133,50.85749816894531,50.88249969482422,49.84749984741211,50.04999923706055,108038000
2019-08-09,48.25992202758789,50.247501373291016,50.689998626708984,49.8224983215332,50.32500076293945,98478800
2019-08-12,48.13747024536133,50.119998931884766,50.51250076293945,49.787498474121094,49.904998779296875,89927600
2019-08-13,50.1760139465332,52.24250030517578,53.03499984741211,50.119998931884766,50.255001068115234,188874000
2019-08-14,48.68251037597656,50.6875,51.61000061035156,50.647499084472656,50.790000915527344,146189600
2019-08-15,48.439998626708984,50.435001373291016,51.28499984741211,49.91749954223633,50.8650016784668,108909600
2019-08-16,49.58293151855469,51.625,51.790000915527344,50.959999084472656,51.06999969482422,110481600
2019-08-19,50.50735092163086,52.587501525878906,53.182498931884766,52.50749969482422,52.654998779296875,97654400
2019-08-20,50.50977325439453,52.59000015258789,53.337501525878906,52.58000183105469,52.720001220703125,107537200
2019-08-21,51.05721664428711,53.15999984741211,53.412498474121094,52.900001525878906,53.247501373291016,86141600
2019-08-22,51.013999938964844,53.1150016784668,53.61000061035156,52.6875,53.29750061035156,89014800
2019-08-23,48.656105041503906,50.65999984741211,53.01250076293945,50.25,52.35749816894531,187272000
2019-08-26,49.580543518066406,51.622501373291016,51.79750061035156,51.26499938964844,51.46500015258789,104174400
2019-08-27,49.021080017089844,51.040000915527344,52.13750076293945,50.88249969482422,51.96500015258789,103493200
2019-08-28,49.35002517700195,51.38249969482422,51.43000030517578,50.83000183105469,51.025001525878906,63755200
2019-08-29,50.18561553955078,52.252498626708984,52.33000183105469,51.665000915527344,52.125,83962000
2019-08-30,50.12078094482422,52.185001373291016,52.61249923706055,51.79999923706055,52.540000915527344,84573600
2019-09-03,49.390838623046875,51.42499923706055,51.744998931884766,51.05500030517578,51.60749816894531,80092000
2019-09-04,50.228843688964844,52.29750061035156,52.369998931884766,51.83000183105469,52.09749984741211,76752400
2019-09-05,51.21088790893555,53.31999969482422,53.49250030517578,52.877498626708984,53.0,95654800
2019-09-06,51.20607376098633,53.314998626708984,53.60499954223633,53.127498626708984,53.51250076293945,77449200
2019-09-09,51.42457962036133,53.54249954223633,54.11000061035156,52.76750183105469,53.709999084472656,109237600
2019-09-10,52.03206253051758,54.17499923706055,54.19499969482422,52.9275016784668,53.46500015258789,127111600
2019-09-11,53.686431884765625,55.897499084472656,55.9275016784668,54.432498931884766,54.51750183105469,177158400
2019-09-12,53.566375732421875,55.772499084472656,56.60499954223633,55.71500015258789,56.20000076293945,128906800
2019-09-13,52.5242919921875,54.6875,55.1974983215332,54.255001068115234,55.0,159053200
2019-09-16,52.800418853759766,54.974998474121094,55.032501220703125,54.38999938964844,54.432498931884766,84632400
2019-09-17,52.99250793457031,55.17499923706055,55.20500183105469,54.779998779296875,54.9900016784668,73274800
2019-09-18,53.48954391479492,55.692501068115234,55.712501525878906,54.86000061035156,55.26499938964844,101360000
2019-09-19,53.054935455322266,55.2400016784668,55.939998626708984,55.092498779296875,55.502498626708984,88242400
2019-09-20,52.27937698364258,54.432498931884766,55.63999938964844,54.36750030517578,55.345001220703125,221652400
2019-09-23,52.517086029052734,54.68000030517578,54.959999084472656,54.412498474121094,54.73749923706055,76662000
2019-09-24,52.26737976074219,54.41999816894531,55.622501373291016,54.29750061035156,55.25749969482422,124763200
2019-09-25,53.071754455566406,55.25749969482422,55.375,54.28499984741211,54.63750076293945,87613600
2019-09-26,52.79801940917969,54.97249984741211,55.23500061035156,54.70750045776367,55.0,75334000
2019-09-27,52.541099548339844,54.70500183105469,55.2400016784668,54.31999969482422,55.1349983215332,101408000
2019-09-30,53.77767562866211,55.99250030517578,56.14500045776367,55.1974983215332,55.224998474121094,103909600
2019-10-01,53.926551818847656,56.147499084472656,57.05500030517578,56.04999923706055,56.26750183105469,139223200
2019-10-02,52.574729919433594,54.7400016784668,55.89500045776367,54.48249816894531,55.76499938964844,138449200
2019-10-03,53.021324157714844,55.20500183105469,55.2400016784668,53.782501220703125,54.60749816894531,114426000
2019-10-04,54.50761032104492,56.752498626708984,56.872501373291016,55.97249984741211,56.40999984741211,138478800
2019-10-07,54.51961898803711,56.76499938964844,57.48249816894531,56.459999084472656,56.567501068115234,122306000
2019-10-08,53.88092041015625,56.099998474121094,57.01499938964844,56.08250045776367,56.45500183105469,111820000
2019-10-09,54.51240539550781,56.75749969482422,56.9474983215332,56.40999984741211,56.75749969482422,74770400
2019-10-10,55.247154235839844,57.522499084472656,57.61000061035156,56.82500076293945,56.98249816894531,113013600
2019-10-11,56.71663284301758,59.0525016784668,59.40999984741211,58.07749938964844,58.23749923706055,166795600
2019-10-14,56.63499450683594,58.967498779296875,59.532501220703125,58.66749954223633,58.724998474121094,96427600
2019-10-15,56.502952575683594,58.83000183105469,59.412498474121094,58.720001220703125,59.09749984741211,87360000
2019-10-16,56.27482223510742,58.592498779296875,58.810001373291016,58.29999923706055,58.342498779296875,73903200
2019-10-17,56.493316650390625,58.81999969482422,59.037498474121094,58.380001068115234,58.772499084472656,67585200
2019-10-18,56.7646598815918,59.102500915527344,59.39500045776367,58.5724983215332,58.647499084472656,97433600
2019-10-21,57.74910354614258,60.127498626708984,60.247501373291016,59.33000183105469,59.380001068115234,87247200
2019-10-22,57.6170539855957,59.9900016784668,60.54999923706055,59.904998779296875,60.290000915527344,82293600
2019-10-23,58.39021682739258,60.79499816894531,60.810001373291016,60.30500030517578,60.525001525878906,75828800
2019-10-24,58.486244201660156,60.89500045776367,61.20000076293945,60.45249938964844,61.127498626708984,69275200
2019-10-25,59.206581115722656,61.64500045776367,61.682498931884766,60.720001220703125,60.790000915527344,73477200
2019-10-28,59.79964828491211,62.26250076293945,62.3125,61.68000030517578,61.85499954223633,96572800
2019-10-29,58.416622161865234,60.8224983215332,62.4375,60.64250183105469,62.24250030517578,142839600
2019-10-30,58.40941619873047,60.814998626708984,61.32500076293945,60.3025016784668,61.189998626708984,124522000
2019-10-31,59.730037689208984,62.189998626708984,62.29249954223633,59.314998626708984,61.810001373291016,139162000
2019-11-01,61.425209045410156,63.95500183105469,63.98249816894531,62.290000915527344,62.3849983215332,151125200
2019-11-04,61.8286018371582,64.375,64.4625015258789,63.845001220703125,64.3324966430664,103272000
2019-11-05,61.7397575378418,64.28250122070312,64.54750061035156,64.08000183105469,64.26249694824219,79897600
2019-11-06,61.76618194580078,64.30999755859375,64.37249755859375,63.842498779296875,64.19249725341797,75864400
2019-11-07,62.47903060913086,64.85749816894531,65.0875015258789,64.52749633789062,64.68499755859375,94940400
2019-11-08,62.6500358581543,65.03500366210938,65.11000061035156,64.2125015258789,64.67250061035156,69986400
2019-11-11,63.14614486694336,65.55000305175781,65.61750030517578,64.56999969482422,64.57499694824219,81821200
2019-11-12,63.08832931518555,65.48999786376953,65.69750213623047,65.2300033569336,65.38749694824219,87388800
2019-11-13,63.69282531738281,66.11750030517578,66.19499969482422,65.26750183105469,65.28250122070312,102734400
2019-11-14,63.25209426879883,65.66000366210938,66.22000122070312,65.5250015258789,65.9375,89182800
2019-11-15,64.00349426269531,66.44000244140625,66.44499969482422,65.75250244140625,65.91999816894531,100206400
2019-11-18,64.32621002197266,66.7750015258789,66.85749816894531,66.05750274658203,66.44999694824219,86703200
2019-11-19,64.13115692138672,66.57250213623047,67.0,66.34750366210938,66.9749984741211,76167200
2019-11-20,63.384544372558594,65.79750061035156,66.5199966430664,65.0999984741211,66.38500213623047,106234400
2019-11-21,63.10036849975586,65.50250244140625,66.00250244140625,65.29499816894531,65.92250061035156,121395200
2019-11-22,63.04499435424805,65.44499969482422,65.79499816894531,65.20999908447266,65.64749908447266,65325200
2019-11-25,64.15040588378906,66.59249877929688,66.61000061035156,65.62999725341797,65.67749786376953,84020400
2019-11-26,63.64947509765625,66.07250213623047,66.79000091552734,65.625,66.73500061035156,105207600
2019-11-27,64.50444030761719,66.95999908447266,66.99500274658203,66.32749938964844,66.3949966430664,65235600
2019-11-29,64.3623275756836,66.8125,67.0,66.4749984741211,66.6500015258789,46617600
2019-12-02,63.61818313598633,66.04000091552734,67.0625,65.86250305175781,66.81749725341797,94487200
2019-12-03,62.48385238647461,64.86250305175781,64.88249969482422,64.07250213623047,64.57749938964844,114430400
2019-12-04,63.03534698486328,65.43499755859375,65.82749938964844,65.16999816894531,65.26750183105469,67181600
2019-12-05,63.960147857666016,66.3949966430664,66.47250366210938,65.68250274658203,65.94750213623047,74424400
2019-12-06,65.19563293457031,67.67749786376953,67.75,66.82499694824219,66.87000274658203,106075600
2019-12-09,64.28286743164062,66.7300033569336,67.69999694824219,66.22750091552734,67.5,128042400
2019-12-10,64.65857696533203,67.12000274658203,67.51750183105469,66.46499633789062,67.1500015258789,90420400
2019-12-11,65.21005249023438,67.69249725341797,67.7750015258789,67.125,67.20249938964844,78756800
2019-12-12,65.3762435913086,67.86499786376953,68.13999938964844,66.83000183105469,66.94499969482422,137310400
2019-12-13,66.26492309570312,68.7874984741211,68.82499694824219,67.73249816894531,67.86499786376953,133587600
2019-12-16,67.39921569824219,69.96499633789062,70.19750213623047,69.24500274658203,69.25,128186000
2019-12-17,67.53167724609375,70.10250091552734,70.44249725341797,69.69999694824219,69.89250183105469,114158400
2019-12-18,67.37031555175781,69.93499755859375,70.4749984741211,69.77999877929688,69.94999694824219,116028400
2019-12-19,67.43775177001953,70.00499725341797,70.29499816894531,69.73750305175781,69.875,98369200
2019-12-20,67.298095703125,69.86000061035156,70.6624984741211,69.63999938964844,70.55750274658203,275978000
2019-12-23,68.39627075195312,71.0,71.0625,70.09249877929688,70.13249969482422,98572000
2019-12-24,68.4613037109375,71.06749725341797,71.22250366210938,70.7300033569336,71.17250061035156,48478800
2019-12-26,69.81959533691406,72.47750091552734,72.49500274658203,71.17500305175781,71.20500183105469,93121200
2019-12-27,69.79309844970703,72.44999694824219,73.49250030517578,72.02999877929688,72.77999877929688,146266000
2019-12-30,70.20732879638672,72.87999725341797,73.17250061035156,71.30500030517578,72.36499786376953,144114400
2019-12-31,70.72029113769531,73.4124984741211,73.41999816894531,72.37999725341797,72.48249816894531,100805600
2020-01-02,72.3338851928711,75.0875015258789,75.1500015258789,73.79750061035156,74.05999755859375,135480400
2020-01-03,71.63065338134766,74.35749816894531,75.1449966430664,74.125,74.2874984741211,146322800
2020-01-06,72.20140075683594,74.94999694824219,74.98999786376953,73.1875,73.44750213623047,118387200
2020-01-07,71.86184692382812,74.59750366210938,75.2249984741211,74.37000274658203,74.95999908447266,108872000
2020-01-08,73.0178451538086,75.79750061035156,76.11000061035156,74.29000091552734,74.29000091552734,132079200
2020-01-09,74.56879425048828,77.40750122070312,77.60749816894531,76.55000305175781,76.80999755859375,170108400
2020-01-10,74.73737335205078,77.5824966430664,78.1675033569336,77.0625,77.6500015258789,140644800
2020-01-13,76.33409881591797,79.23999786376953,79.26750183105469,77.7874984741211,77.91000366210938,121532000
2020-01-14,75.30333709716797,78.16999816894531,79.39250183105469,78.0425033569336,79.17500305175781,161954400
2020-01-15,74.98062133789062,77.83499908447266,78.875,77.38749694824219,77.9625015258789,121923600
2020-01-16,75.91985321044922,78.80999755859375,78.92500305175781,78.02249908447266,78.39749908447266,108829200
2020-01-17,76.7603759765625,79.68250274658203,79.68499755859375,78.75,79.06749725341797,137816400
2020-01-21,76.24015045166016,79.14250183105469,79.75499725341797,79.0,79.29750061035156,110843200
2020-01-22,76.51232147216797,79.42500305175781,79.99749755859375,79.32749938964844,79.6449966430664,101832400
2020-01-23,76.88076782226562,79.80750274658203,79.88999938964844,78.9124984741211,79.4800033569336,104472000
2020-01-24,76.65921020507812,79.57749938964844,80.8324966430664,79.37999725341797,80.0625,146537600
2020-01-27,74.40501403808594,77.23750305175781,77.94249725341797,76.22000122070312,77.51499938964844,161940000
2020-01-28,76.50990295410156,79.42250061035156,79.5999984741211,78.04750061035156,78.1500015258789,162234000
2020-01-29,78.11143493652344,81.08499908447266,81.9625015258789,80.34500122070312,81.11250305175781,216229200
2020-01-30,77.99822235107422,80.96749877929688,81.02249908447266,79.6875,80.13500213623047,126743200
2020-01-31,74.5398941040039,77.37750244140625,80.66999816894531,77.07250213623047,80.23249816894531,199588400
2020-02-03,74.3351821899414,77.16500091552734,78.37249755859375,75.55500030517578,76.07499694824219,173788400
2020-02-04,76.78927612304688,79.7125015258789,79.91000366210938,78.40750122070312,78.82749938964844,136616400
2020-02-05,77.41541290283203,80.36250305175781,81.19000244140625,79.73750305175781,80.87999725341797,118826800
2020-02-06,78.3209457397461,81.30249786376953,81.30500030517578,80.06500244140625,80.64250183105469,105425600
2020-02-07,77.25636291503906,80.00749969482422,80.8499984741211,79.5,80.59249877929688,117684000
2020-02-10,77.6233139038086,80.38749694824219,80.38749694824219,78.4625015258789,78.54499816894531,109348800
2020-02-11,77.15494537353516,79.90249633789062,80.9749984741211,79.67749786376953,80.9000015258789,94323200
2020-02-12,78.98722839355469,81.80000305175781,81.80500030517578,80.36750030517578,80.36750030517578,113730400
2020-02-13,78.42475891113281,81.21749877929688,81.55500030517578,80.8375015258789,81.04750061035156,94747600
2020-02-14,78.44408416748047,81.23750305175781,81.49500274658203,80.7125015258789,81.18499755859375,80113600
2020-02-18,77.00772857666016,79.75,79.9375,78.65249633789062,78.83999633789062,152531200
2020-02-19,78.12300109863281,80.90499877929688,81.14250183105469,80.0,80.0,93984000
2020-02-20,77.321533203125,80.07499694824219,81.1624984741211,79.55249786376953,80.65750122070312,100566000
2020-02-21,75.57136535644531,78.26249694824219,80.11250305175781,77.625,79.65499877929688,129554000
2020-02-24,71.98172760009766,74.54499816894531,76.04499816894531,72.30750274658203,74.31500244140625,222195200
2020-02-25,69.54351043701172,72.0199966430664,75.63249969482422,71.53250122070312,75.23750305175781,230673600
2020-02-26,70.646728515625,73.1624984741211,74.47000122070312,71.625,71.63249969482422,198054800
2020-02-27,66.02867889404297,68.37999725341797,71.5,68.23999786376953,70.2750015258789,320605600
2020-02-28,65.99005889892578,68.33999633789062,69.60250091552734,64.09249877929688,64.31500244140625,426510000
2020-03-02,72.13378143310547,74.70249938964844,75.36000061035156,69.43000030517578,70.56999969482422,341397200
2020-03-03,69.84286499023438,72.33000183105469,76.0,71.44999694824219,75.9175033569336,319475600
2020-03-04,73.0824966430664,75.68499755859375,75.8499984741211,73.28250122070312,74.11000061035156,219178400
2020-03-05,70.71192932128906,73.2300033569336,74.88749694824219,72.85250091552734,73.87999725341797,187572800
2020-03-06,69.77287292480469,72.25749969482422,72.70500183105469,70.30750274658203,70.5,226176800
2020-03-09,64.25436401367188,66.5425033569336,69.52249908447266,65.75,65.9375,286744800
2020-03-10,68.882080078125,71.33499908447266,71.61000061035156,67.34249877929688,69.28500366210938,285290000
2020-03-11,66.48975372314453,68.85749816894531,70.30500030517578,67.96499633789062,69.34750366210938,255598800
2020-03-12,59.92359161376953,62.057498931884766,67.5,62.0,63.98500061035156,418474000
2020-03-13,67.10295104980469,69.49250030517578,69.9800033569336,63.23749923706055,66.22250366210938,370732000
2020-03-16,58.470340728759766,60.5525016784668,64.7699966430664,60.0,60.48749923706055,322423600
2020-03-17,61.04130172729492,63.21500015258789,64.40249633789062,59.599998474121094,61.877498626708984,324056000
2020-03-18,59.5469970703125,61.66749954223633,62.5,59.279998779296875,59.942501068115234,300233600
2020-03-19,59.09074783325195,61.19499969482422,63.209999084472656,60.65250015258789,61.84749984741211,271857200
2020-03-20,55.3393440246582,57.310001373291016,62.95750045776367,57.0,61.79499816894531,401693200
2020-03-23,54.163700103759766,56.092498779296875,57.125,53.15250015258789,57.02000045776367,336752800
2020-03-24,59.59769821166992,61.720001220703125,61.92250061035156,58.57500076293945,59.09000015258789,287531200
2020-03-25,59.269386291503906,61.380001068115234,64.5625,61.07500076293945,62.6875,303602000
2020-03-26,62.38832092285156,64.61000061035156,64.66999816894531,61.59000015258789,61.630001068115234,252087200
2020-03-27,59.8052978515625,61.935001373291016,63.967498779296875,61.76250076293945,63.1875,204216800
2020-03-30,61.512027740478516,63.70249938964844,63.880001068115234,62.349998474121094,62.685001373291016,167976400
2020-03-31,61.386497497558594,63.5724983215332,65.62249755859375,63.0,63.900001525878906,197002000
2020-04-01,58.15652084350586,60.227500915527344,62.18000030517578,59.782501220703125,61.625,176218400
2020-04-02,59.12694549560547,61.23249816894531,61.287498474121094,59.224998474121094,60.084999084472656,165934000
2020-04-03,58.2772216796875,60.352500915527344,61.42499923706055,59.74250030517578,60.70000076293945,129880000
2020-04-06,63.36118698120117,65.61750030517578,65.77749633789062,62.345001220703125,62.724998474121094,201820400
2020-04-07,62.627315521240234,64.85749816894531,67.92500305175781,64.75,67.69999694824219,202887200
2020-04-08,64.23023986816406,66.51750183105469,66.84249877929688,65.30750274658203,65.68499755859375,168895200
2020-04-09,64.69373321533203,66.99749755859375,67.51750183105469,66.17500305175781,67.17500305175781,161834800
2020-04-13,65.9635009765625,68.3125,68.42500305175781,66.4574966430664,67.07749938964844,131022800
2020-04-14,69.29486846923828,71.76249694824219,72.0625,69.51249694824219,70.0,194994800
2020-04-15,68.66240692138672,71.10749816894531,71.5824966430664,70.15750122070312,70.5999984741211,131154400
2020-04-16,69.20796203613281,71.67250061035156,72.05000305175781,70.5875015258789,71.84500122070312,157125200
2020-04-17,68.26891326904297,70.69999694824219,71.73750305175781,69.21499633789062,71.17250061035156,215250000
2020-04-20,66.85188293457031,69.23249816894531,70.41999816894531,69.2125015258789,69.48750305175781,130015200
2020-04-21,64.78547668457031,67.09249877929688,69.3125,66.35749816894531,69.06999969482422,180991600
2020-04-22,66.65149688720703,69.0250015258789,69.4749984741211,68.05000305175781,68.40249633789062,116862400
2020-04-23,66.39320373535156,68.75749969482422,70.4375,68.71749877929688,68.96749877929688,124814400
2020-04-24,68.30995178222656,70.74250030517578,70.75250244140625,69.25,69.30000305175781,126161200
2020-04-27,68.35823822021484,70.7925033569336,71.13500213623047,69.98750305175781,70.44999694824219,117087600
2020-04-28,67.25018310546875,69.6449966430664,71.4574966430664,69.55000305175781,71.2699966430664,112004800
2020-04-29,69.45906066894531,71.93250274658203,72.4175033569336,70.97250366210938,71.18250274658203,137280800
2020-04-30,70.9243392944336,73.44999694824219,73.63249969482422,72.0875015258789,72.48999786376953,183064000
2020-05-01,69.78250885009766,72.26750183105469,74.75,71.4625015258789,71.5625,240616800
2020-05-04,70.76985168457031,73.29000091552734,73.42250061035156,71.58000183105469,72.2925033569336,133568000
2020-05-05,71.83202362060547,74.38999938964844,75.25,73.61499786376953,73.76499938964844,147751200
2020-05-06,72.5731430053711,75.15750122070312,75.80999755859375,74.71749877929688,75.11499786376953,142333600
2020-05-07,73.32389068603516,75.93499755859375,76.2925033569336,75.49250030517578,75.80500030517578,115215200
2020-05-08,75.06912994384766,77.53250122070312,77.5875015258789,76.07250213623047,76.41000366210938,133838400
2020-05-11,76.25037384033203,78.75250244140625,79.26249694824219,76.80999755859375,77.0250015258789,145946400
2020-05-12,75.37897491455078,77.85250091552734,79.92250061035156,77.72750091552734,79.4574966430664,162301200
2020-05-13,74.46881103515625,76.9124984741211,78.98750305175781,75.80249786376953,78.0374984741211,200622400
2020-05-14,74.92630767822266,77.38500213623047,77.44750213623047,75.38249969482422,76.12750244140625,158929200
2020-05-15,74.48336029052734,76.92749786376953,76.9749984741211,75.05249786376953,75.0875015258789,166348400
2020-05-18,76.2382583618164,78.73999786376953,79.125,77.58000183105469,78.2925033569336,135178400
2020-05-19,75.7977066040039,78.28500366210938,79.62999725341797,78.25250244140625,78.75749969482422,101729600
2020-05-20,77.2718276977539,79.80750274658203,79.87999725341797,79.12999725341797,79.16999816894531,111504800
2020-05-21,76.69574737548828,79.2125015258789,80.22250366210938,78.96749877929688,79.66500091552734,102688800
2020-05-22,77.18952941894531,79.72250366210938,79.80750274658203,78.8375015258789,78.94249725341797,81803200
2020-05-26,76.66670227050781,79.18250274658203,81.05999755859375,79.125,80.875,125522000
2020-05-27,77.00074005126953,79.52749633789062,79.67749786376953,78.27249908447266,79.03500366210938,112945200
2020-05-28,77.03461456298828,79.5625,80.86000061035156,78.90750122070312,79.19249725341797,133560800
2020-05-29,76.95958709716797,79.48500061035156,80.2874984741211,79.11750030517578,79.8125,153532400
2020-06-01,77.90605926513672,80.4625015258789,80.5875015258789,79.30249786376953,79.4375,80791200
2020-06-02,78.26671600341797,80.83499908447266,80.86000061035156,79.73249816894531,80.1875,87642800
2020-06-03,78.69754791259766,81.27999877929688,81.55000305175781,80.57499694824219,81.16500091552734,104491200
2020-06-04,78.01981353759766,80.58000183105469,81.40499877929688,80.19499969482422,81.09750366210938,87560400
2020-06-05,80.24188232421875,82.875,82.9375,80.80750274658203,80.8375015258789,137250400
2020-06-08,80.71630859375,83.36499786376953,83.4000015258789,81.83000183105469,82.5625,95654400
2020-06-09,83.26519775390625,85.99749755859375,86.40249633789062,83.00250244140625,83.03500366210938,147712400
2020-06-10,85.4073715209961,88.20999908447266,88.69249725341797,86.52249908447266,86.9749984741211,166651600
2020-06-11,81.30696105957031,83.9749984741211,87.76499938964844,83.87000274658203,87.32749938964844,201662400
2020-06-12,82.00889587402344,84.69999694824219,86.94999694824219,83.55500030517578,86.18000030517578,200146000
2020-06-15,83.02312469482422,85.74749755859375,86.41999816894531,83.1449966430664,83.3125,138808800
2020-06-16,85.22341918945312,88.0199966430664,88.30000305175781,86.18000030517578,87.86499786376953,165428800
2020-06-17,85.10482025146484,87.89749908447266,88.8499984741211,87.77249908447266,88.7874984741211,114406400
2020-06-18,85.13870239257812,87.93250274658203,88.36250305175781,87.30500030517578,87.85250091552734,96820400
2020-06-19,84.65219116210938,87.43000030517578,89.13999938964844,86.2874984741211,88.66000366210938,264476000
2020-06-22,86.86699676513672,89.71749877929688,89.86499786376953,87.7874984741211,87.83499908447266,135445200
2020-06-23,88.72113800048828,91.63249969482422,93.09500122070312,90.56749725341797,91.0,212155600
2020-06-24,87.15503692626953,90.01499938964844,92.19750213623047,89.62999725341797,91.25,192623200
2020-06-25,88.31206512451172,91.20999908447266,91.25,89.39250183105469,90.17500305175781,137522400
2020-06-26,85.5986099243164,88.40750122070312,91.33000183105469,88.25499725341797,91.10250091552734,205256800
2020-06-29,87.57137298583984,90.44499969482422,90.5425033569336,87.81999969482422,88.3125,130646000
2020-06-30,88.3023910522461,91.19999694824219,91.49500274658203,90.0,90.0199966430664,140223200
2020-07-01,88.13534545898438,91.02749633789062,91.83999633789062,90.97750091552734,91.27999877929688,110737200
2020-07-02,88.13534545898438,91.02749633789062,92.61750030517578,90.91000366210938,91.9625015258789,114041600
2020-07-06,90.49301147460938,93.4625015258789,93.94499969482422,92.46749877929688,92.5,118655600
2020-07-07,90.21221923828125,93.17250061035156,94.65499877929688,93.05750274658203,93.85250091552734,112424400
2020-07-08,92.31326293945312,95.34249877929688,95.375,94.08999633789062,94.18000030517578,117092000
2020-07-09,92.71024322509766,95.75250244140625,96.31749725341797,94.67250061035156,96.26249694824219,125642800
2020-07-10,92.87242889404297,95.91999816894531,95.9800033569336,94.70500183105469,95.33499908447266,90257200
2020-07-13,92.44400024414062,95.47750091552734,99.95500183105469,95.25749969482422,97.26499938964844,191649200
2020-07-14,93.9737777709961,97.05750274658203,97.25499725341797,93.87750244140625,94.83999633789062,170989200
2020-07-15,94.62005615234375,97.7249984741211,99.24749755859375,96.48999786376953,98.98999786376953,153198000
2020-07-16,93.4557876586914,96.52249908447266,97.40499877929688,95.90499877929688,96.5625,110577600
2020-07-17,93.26696014404297,96.32749938964844,97.14749908447266,95.83999633789062,96.98750305175781,92186800
2020-07-20,95.23248291015625,98.35749816894531,98.5,96.0625,96.4175033569336,90318000
2020-07-21,93.9181137084961,97.0,99.25,96.74250030517578,99.17250061035156,103433200
2020-07-22,94.18193817138672,97.27249908447266,97.9749984741211,96.60250091552734,96.69249725341797,89001600
2020-07-23,89.8951416015625,92.84500122070312,97.07749938964844,92.01000213623047,96.99749755859375,197004400
2020-07-24,89.67245483398438,92.61499786376953,92.97000122070312,89.1449966430664,90.98750305175781,185438800
2020-07-27,91.7977066040039,94.80999755859375,94.90499877929688,93.4800033569336,93.70999908447266,121214000
2020-07-28,90.2896957397461,93.25250244140625,94.55000305175781,93.24749755859375,94.36750030517578,103625600
2020-07-29,92.02040100097656,95.04000091552734,95.2300033569336,93.7125015258789,93.75,90329200
2020-07-30,93.13384246826172,96.19000244140625,96.29750061035156,93.76750183105469,94.1875,158130000
2020-07-31,102.88392639160156,106.26000213623047,106.41500091552734,100.82499694824219,102.88500213623047,374336800
2020-08-03,105.47633361816406,108.9375,111.63749694824219,107.89250183105469,108.19999694824219,308151200
2020-08-04,106.18070220947266,109.66500091552734,110.79000091552734,108.38749694824219,109.13249969482422,173071600
2020-08-05,106.56558990478516,110.0625,110.39250183105469,108.89749908447266,109.37750244140625,121776800
2020-08-06,110.28356170654297,113.90249633789062,114.4124984741211,109.79750061035156,110.40499877929688,202428800
2020-08-07,107.77619171142578,111.11250305175781,113.67500305175781,110.2925033569336,113.20500183105469,198045600
2020-08-10,109.34268951416016,112.72750091552734,113.7750015258789,110.0,112.5999984741211,212403600
2020-08-11,106.09088134765625,109.375,112.48249816894531,109.10749816894531,111.97000122070312,187902400
2020-08-12,109.61673736572266,113.01000213623047,113.2750015258789,110.29750061035156,110.49749755859375,165598000
2020-08-13,111.55664825439453,115.01000213623047,116.0425033569336,113.92749786376953,114.43000030517578,210082000
2020-08-14,111.45723724365234,114.90750122070312,115.0,113.04499816894531,114.83000183105469,165565200
2020-08-17,111.166259765625,114.60749816894531,116.0875015258789,113.9625015258789,116.0625,119561600
2020-08-18,112.09258270263672,115.5625,116.0,114.00749969482422,114.35250091552734,105633600
2020-08-19,112.23323822021484,115.7074966430664,117.1624984741211,115.61000061035156,115.98249816894531,145538000
2020-08-20,114.72364044189453,118.2750015258789,118.39250183105469,115.73249816894531,115.75,126907200
2020-08-21,120.63563537597656,124.37000274658203,124.86750030517578,119.25,119.26249694824219,338054800
2020-08-24,122.07845306396484,125.85749816894531,128.78500366210938,123.9375,128.69749450683594,345937600
2020-08-25,121.07695770263672,124.82499694824219,125.18000030517578,123.05249786376953,124.69750213623047,211495600
2020-08-26,122.7234878540039,126.52249908447266,126.99250030517578,125.0824966430664,126.18000030517578,163022400
2020-08-27,121.25643157958984,125.01000213623047,127.48500061035156,123.8324966430664,127.14250183105469,155552400
2020-08-28,121.05996704101562,124.80750274658203,126.44249725341797,124.57749938964844,126.01249694824219,187630000
2020-08-31,125.1654052734375,129.0399932861328,131.0,126.0,127.58000183105469,225702700
2020-09-01,130.1510467529297,134.17999267578125,134.8000030517578,130.52999877929688,132.75999450683594,151948100
2020-09-02,127.45451354980469,131.39999389648438,137.97999572753906,127.0,137.58999633789062,200119000
2020-09-03,117.25043487548828,120.87999725341797,128.83999633789062,120.5,126.91000366210938,257599600
2020-09-04,117.32801055908203,120.95999908447266,123.69999694824219,110.88999938964844,120.06999969482422,332607200
2020-09-08,109.43241882324219,112.81999969482422,118.98999786376953,112.68000030517578,113.94999694824219,231366600
2020-09-09,113.79730987548828,117.31999969482422,119.13999938964844,115.26000213623047,117.26000213623047,176940500
2020-09-10,110.08232879638672,113.48999786376953,120.5,112.5,120.36000061035156,182274400
2020-09-11,108.63705444335938,112.0,115.2300033569336,110.0,114.56999969482422,180860300
2020-09-14,111.89616394042969,115.36000061035156,115.93000030517578,112.80000305175781,114.72000122070312,140150100
2020-09-15,112.07074737548828,115.54000091552734,118.83000183105469,113.61000061035156,118.33000183105469,184642000
2020-09-16,108.76315307617188,112.12999725341797,116.0,112.04000091552734,115.2300033569336,154679000
2020-09-17,107.02688598632812,110.33999633789062,112.19999694824219,108.70999908447266,109.72000122070312,178011000
2020-09-18,103.6319580078125,106.83999633789062,110.87999725341797,106.08999633789062,110.4000015258789,287104900
2020-09-21,106.77470397949219,110.08000183105469,110.19000244140625,103.0999984741211,104.54000091552734,195713800
2020-09-22,108.45275115966797,111.80999755859375,112.86000061035156,109.16000366210938,112.68000030517578,183055400
2020-09-23,103.90357208251953,107.12000274658203,112.11000061035156,106.7699966430664,111.62000274658203,150718700
2020-09-24,104.97056579589844,108.22000122070312,110.25,105.0,105.16999816894531,167743300
2020-09-25,108.90863037109375,112.27999877929688,112.44000244140625,107.66999816894531,108.43000030517578,149981400
2020-09-28,111.50817108154297,114.95999908447266,115.31999969482422,112.77999877929688,115.01000213623047,137672400
2020-09-29,110.664306640625,114.08999633789062,115.30999755859375,113.56999969482422,114.55000305175781,99382200
2020-09-30,112.33265686035156,115.80999755859375,117.26000213623047,113.62000274658203,113.79000091552734,142675200
2020-10-01,113.28321838378906,116.79000091552734,117.72000122070312,115.83000183105469,117.63999938964844,116120400
2020-10-02,109.62642669677734,113.0199966430664,115.37000274658203,112.22000122070312,112.88999938964844,144712000
2020-10-05,113.001953125,116.5,116.6500015258789,113.55000305175781,113.91000366210938,106243800
2020-10-06,109.76221466064453,113.16000366210938,116.12000274658203,112.25,115.69999694824219,161498200
2020-10-07,111.62457275390625,115.08000183105469,115.55000305175781,114.12999725341797,114.62000274658203,96849000
2020-10-08,111.51785278320312,114.97000122070312,116.4000015258789,114.58999633789062,116.25,83477200
2020-10-09,113.45780944824219,116.97000122070312,117.0,114.91999816894531,115.27999877929688,100506900
2020-10-12,120.66472625732422,124.4000015258789,125.18000030517578,119.27999877929688,120.05999755859375,240226800
2020-10-13,117.46380615234375,121.0999984741211,125.38999938964844,119.6500015258789,125.2699966430664,262330500
2020-10-14,117.55110931396484,121.19000244140625,123.02999877929688,119.62000274658203,121.0,150712000
2020-10-15,117.08553314208984,120.70999908447266,121.19999694824219,118.1500015258789,118.72000122070312,112559200
2020-10-16,115.44625854492188,119.0199966430664,121.55000305175781,118.80999755859375,121.27999877929688,115393800
2020-10-19,112.49754333496094,115.9800033569336,120.41999816894531,115.66000366210938,119.95999908447266,120639300
2020-10-20,113.98160552978516,117.51000213623047,118.9800033569336,115.62999725341797,116.19999694824219,124423700
2020-10-21,113.36082458496094,116.87000274658203,118.70999908447266,116.44999694824219,116.66999816894531,89946000
2020-10-22,112.27445220947266,115.75,118.04000091552734,114.58999633789062,117.44999694824219,101988000
2020-10-23,111.58576965332031,115.04000091552734,116.55000305175781,114.27999877929688,116.38999938964844,82572600
2020-10-26,111.59546661376953,115.05000305175781,116.55000305175781,112.87999725341797,114.01000213623047,111850700
2020-10-27,113.09893035888672,116.5999984741211,117.27999877929688,114.54000091552734,115.48999786376953,92276800
2020-10-28,107.86107635498047,111.19999694824219,115.43000030517578,111.0999984741211,115.05000305175781,143937800
2020-10-29,111.85736083984375,115.31999969482422,116.93000030517578,112.19999694824219,112.37000274658203,146129200
2020-10-30,105.59130859375,108.86000061035156,111.98999786376953,107.72000122070312,111.05999755859375,190272600
2020-11-02,105.5040283203125,108.7699966430664,110.68000030517578,107.31999969482422,109.11000061035156,122866900
2020-11-03,107.1239013671875,110.44000244140625,111.48999786376953,108.7300033569336,109.66000366210938,107624400
2020-11-04,111.49846649169922,114.94999694824219,115.58999633789062,112.3499984741211,114.13999938964844,138235500
2020-11-05,115.45597839355469,119.02999877929688,119.62000274658203,116.87000274658203,117.94999694824219,126387100
2020-11-06,115.32479095458984,118.69000244140625,119.19999694824219,116.12999725341797,118.31999969482422,114457900
2020-11-09,113.02200317382812,116.31999969482422,121.98999786376953,116.05000305175781,120.5,154515300
2020-11-10,112.68191528320312,115.97000122070312,117.58999633789062,114.12999725341797,115.55000305175781,138023400
2020-11-11,116.10209655761719,119.48999786376953,119.62999725341797,116.44000244140625,117.19000244140625,112295000
2020-11-12,115.83004760742188,119.20999908447266,120.52999877929688,118.56999969482422,119.62000274658203,103162300
2020-11-13,115.8786392211914,119.26000213623047,119.66999816894531,117.87000274658203,119.44000244140625,81581900
2020-11-16,116.88915252685547,120.30000305175781,120.98999786376953,118.1500015258789,118.91999816894531,91183000
2020-11-17,116.00495147705078,119.38999938964844,120.66999816894531,118.95999908447266,119.55000305175781,74271000
2020-11-18,114.68350982666016,118.02999877929688,119.81999969482422,118.0,118.61000061035156,76322100
2020-11-19,115.27618408203125,118.63999938964844,119.05999755859375,116.80999755859375,117.58999633789062,74113000
2020-11-20,114.0130615234375,117.33999633789062,118.7699966430664,117.29000091552734,118.63999938964844,73604300
2020-11-23,110.62200164794922,113.8499984741211,117.62000274658203,113.75,117.18000030517578,127959300
2020-11-24,111.90460205078125,115.16999816894531,115.8499984741211,112.58999633789062,113.91000366210938,113874200
2020-11-25,112.74021911621094,116.02999877929688,116.75,115.16999816894531,115.55000305175781,76499200
2020-11-27,113.2843246459961,116.58999633789062,117.48999786376953,116.22000122070312,116.56999969482422,46691300
2020-11-30,115.67459106445312,119.05000305175781,120.97000122070312,116.80999755859375,116.97000122070312,169410200
2020-12-01,119.24052429199219,122.72000122070312,123.47000122070312,120.01000213623047,121.01000213623047,127728200
2020-12-02,119.59033966064453,123.08000183105469,123.37000274658203,120.88999938964844,122.0199966430664,89004200
2020-12-03,119.45429992675781,122.94000244140625,123.77999877929688,122.20999908447266,123.5199966430664,78967600
2020-12-04,118.78385925292969,122.25,122.86000061035156,121.5199966430664,122.5999984741211,78260400
2020-12-07,120.24134063720703,123.75,124.56999969482422,122.25,122.30999755859375,86712000
2020-12-08,120.85347747802734,124.37999725341797,124.9800033569336,123.08999633789062,124.37000274658203,82225500
2020-12-09,118.32718658447266,121.77999877929688,125.94999694824219,121.0,124.52999877929688,115089200
2020-12-10,119.74577331542969,123.23999786376953,123.87000274658203,120.1500015258789,120.5,81312200
2020-12-11,118.93932342529297,122.41000366210938,122.76000213623047,120.55000305175781,122.43000030517578,86939800
2020-12-14,118.32718658447266,121.77999877929688,123.3499984741211,121.54000091552734,122.5999984741211,79184500
2020-12-15,124.25423431396484,127.87999725341797,127.9000015258789,124.12999725341797,124.33999633789062,157243700
2020-12-16,124.18622589111328,127.80999755859375,128.3699951171875,126.55999755859375,127.41000366210938,98208600
2020-12-17,125.05101776123047,128.6999969482422,129.5800018310547,128.0399932861328,128.89999389648438,94359800
2020-12-18,123.0688247680664,126.66000366210938,129.10000610351562,126.12000274658203,128.9600067138672,192541500
2020-12-21,124.59429931640625,128.22999572753906,128.30999755859375,123.44999694824219,125.0199966430664,121251600
2020-12-22,128.14080810546875,131.8800048828125,134.41000366210938,129.64999389648438,131.61000061035156,168904800
2020-12-23,127.2469253540039,130.9600067138672,132.42999267578125,130.77999877929688,132.16000366210938,88223700
2020-12-24,128.228271484375,131.97000122070312,133.4600067138672,131.10000610351562,131.32000732421875,54930100
2020-12-28,132.81442260742188,136.69000244140625,137.33999633789062,133.50999450683594,133.99000549316406,124486200
2020-12-29,131.04603576660156,134.8699951171875,138.7899932861328,134.33999633789062,138.0500030517578,121047300
2020-12-30,129.92864990234375,133.72000122070312,135.99000549316406,133.39999389648438,135.5800018310547,96452100
2020-12-31,128.92787170410156,132.69000244140625,134.74000549316406,131.72000122070312,134.0800018310547,99116600
2021-01-04,125.74085998535156,129.41000366210938,133.61000061035156,126.76000213623047,133.52000427246094,143301900
2021-01-05,127.29549407958984,131.00999450683594,131.74000549316406,128.42999267578125,128.88999938964844,97664900
2021-01-06,123.0105209350586,126.5999984741211,131.0500030517578,126.37999725341797,127.72000122070312,155088000
2021-01-07,127.2080307006836,130.9199981689453,131.6300048828125,127.86000061035156,128.36000061035156,109578200
2021-01-08,128.30601501464844,132.0500030517578,132.6300048828125,130.22999572753906,132.42999267578125,105158200
2021-01-11,125.3230209350586,128.97999572753906,130.1699981689453,128.5,129.19000244140625,100384500
2021-01-12,125.14814758300781,128.8000030517578,129.69000244140625,126.86000061035156,128.5,91951100
2021-01-13,127.17888641357422,130.88999938964844,131.4499969482422,128.49000549316406,128.75999450683594,88636800
2021-01-14,125.2550277709961,128.91000366210938,131.0,128.75999450683594,130.8000030517578,90221800
2021-01-15,123.53520202636719,127.13999938964844,130.22000122070312,127.0,128.77999877929688,111598500
2021-01-19,124.20565032958984,127.83000183105469,128.7100067138672,126.94000244140625,127.77999877929688,90757300
2021-01-20,128.28659057617188,132.02999877929688,132.49000549316406,128.5500030517578,128.66000366210938,104319500
2021-01-21,132.98931884765625,136.8699951171875,139.6699981689453,133.58999633789062,133.8000030517578,120150900
2021-01-22,135.12696838378906,139.07000732421875,139.85000610351562,135.02000427246094,136.27999877929688,114459400
2021-01-25,138.86778259277344,142.9199981689453,145.08999633789062,136.5399932861328,143.07000732421875,157611700
2021-01-26,139.10098266601562,143.16000366210938,144.3000030517578,141.3699951171875,143.60000610351562,98390600
2021-01-27,138.03216552734375,142.05999755859375,144.3000030517578,140.41000366210938,143.42999267578125,140843800
2021-01-28,133.20309448242188,137.08999633789062,141.99000549316406,136.6999969482422,139.52000427246094,142621100
2021-01-29,128.2185821533203,131.9600067138672,136.74000549316406,130.2100067138672,135.8300018310547,177523800
2021-02-01,130.33673095703125,134.13999938964844,135.3800048828125,130.92999267578125,133.75,106239800
2021-02-02,131.16265869140625,134.99000549316406,136.30999755859375,134.61000061035156,135.72999572753906,83305400
2021-02-03,130.14242553710938,133.94000244140625,135.77000427246094,133.61000061035156,135.75999450683594,89880900
2021-02-04,133.49456787109375,137.38999938964844,137.39999389648438,134.58999633789062,136.3000030517578,84183100
2021-02-05,133.08103942871094,136.75999450683594,137.4199981689453,135.86000061035156,137.35000610351562,75693800
2021-02-08,133.22702026367188,136.91000366210938,136.9600067138672,134.9199981689453,136.02999877929688,71297200
2021-02-09,132.35116577148438,136.00999450683594,137.8800048828125,135.85000610351562,136.6199951171875,76774200
2021-02-10,131.74786376953125,135.38999938964844,136.99000549316406,134.39999389648438,136.47999572753906,73046600
2021-02-11,131.4949188232422,135.1300048828125,136.38999938964844,133.77000427246094,135.89999389648438,64280000
2021-02-12,131.72840881347656,135.3699951171875,135.52999877929688,133.69000244140625,134.35000610351562,60145100
2021-02-16,129.60708618164062,133.19000244140625,136.00999450683594,132.7899932861328,135.49000549316406,80576300
2021-02-17,127.3202896118164,130.83999633789062,132.22000122070312,129.47000122070312,131.25,97918500
2021-02-18,126.22067260742188,129.7100067138672,130.0,127.41000366210938,129.1999969482422,96856700
2021-02-19,126.3763656616211,129.8699951171875,130.7100067138672,128.8000030517578,130.24000549316406,87668800
2021-02-22,122.6104736328125,126.0,129.72000122070312,125.5999984741211,128.00999450683594,103916400
2021-02-23,122.47423553466797,125.86000061035156,126.70999908447266,118.38999938964844,123.76000213623047,158273000
2021-02-24,121.97795867919922,125.3499984741211,125.55999755859375,122.2300033569336,124.94000244140625,111039900
2021-02-25,117.73526000976562,120.98999786376953,126.45999908447266,120.54000091552734,124.68000030517578,148199500
2021-02-26,117.99800109863281,121.26000213623047,124.8499984741211,121.19999694824219,122.58999633789062,164560400
2021-03-01,124.35232543945312,127.79000091552734,127.93000030517578,122.79000091552734,123.75,116307900
2021-03-02,121.75416564941406,125.12000274658203,128.72000122070312,125.01000213623047,128.41000366210938,102260900
2021-03-03,118.7764663696289,122.05999755859375,125.70999908447266,121.83999633789062,124.80999755859375,112966300
2021-03-04,116.89839935302734,120.12999725341797,123.5999984741211,118.62000274658203,121.75,178155000
2021-03-05,118.15367126464844,121.41999816894531,121.94000244140625,117.56999969482422,120.9800033569336,153766600
2021-03-08,113.22981262207031,116.36000061035156,121.0,116.20999908447266,120.93000030517578,154376600
2021-03-09,117.8325424194336,121.08999633789062,122.05999755859375,118.79000091552734,119.02999877929688,129525800
2021-03-10,116.75243377685547,119.9800033569336,122.16999816894531,119.44999694824219,121.69000244140625,111943300
2021-03-11,118.67915344238281,121.95999908447266,123.20999908447266,121.26000213623047,122.54000091552734,103026500
2021-03-12,117.77417755126953,121.02999877929688,121.16999816894531,119.16000366210938,120.4000015258789,88105100
2021-03-15,120.65453338623047,123.98999786376953,124.0,120.41999816894531,121.41000366210938,92403800
2021-03-16,122.19204711914062,125.56999969482422,127.22000122070312,124.72000122070312,125.69999694824219,115227900
2021-03-17,121.40383911132812,124.76000213623047,125.86000061035156,122.33999633789062,124.05000305175781,111932600
2021-03-18,117.28762817382812,120.52999877929688,123.18000030517578,120.31999969482422,122.87999725341797,121229700
2021-03-19,116.76214599609375,119.98999786376953,121.43000030517578,119.68000030517578,119.9000015258789,185549500
2021-03-22,120.07067108154297,123.38999938964844,123.87000274658203,120.26000213623047,120.33000183105469,111912300
2021-03-23,119.2435531616211,122.54000091552734,124.23999786376953,122.13999938964844,123.33000183105469,95467100
2021-03-24,116.85945892333984,120.08999633789062,122.9000015258789,120.06999969482422,122.81999969482422,88530500
2021-03-25,117.34600830078125,120.58999633789062,121.66000366210938,119.0,119.54000091552734,98844700
2021-03-26,117.94933319091797,121.20999908447266,121.4800033569336,118.91999816894531,120.3499984741211,94071200
2021-03-29,118.12448120117188,121.38999938964844,122.58000183105469,120.7300033569336,121.6500015258789,80819200
2021-03-30,116.67457580566406,119.9000015258789,120.4000015258789,118.86000061035156,120.11000061035156,85671900
2021-03-31,118.8640365600586,122.1500015258789,123.5199966430664,121.1500015258789,121.6500015258789,118323800
2021-04-01,119.69117736816406,123.0,124.18000030517578,122.48999786376953,123.66000366210938,75089100
2021-04-05,122.51317596435547,125.9000015258789,126.16000366210938,123.06999969482422,123.87000274658203,88651200
2021-04-06,122.8148193359375,126.20999908447266,127.12999725341797,125.6500015258789,126.5,80171300
2021-04-07,124.45938873291016,127.9000015258789,127.91999816894531,125.13999938964844,125.83000183105469,83466700
2021-04-08,126.85321044921875,130.36000061035156,130.38999938964844,128.52000427246094,128.9499969482422,88844600
2021-04-09,129.4221649169922,133.0,133.0399932861328,129.47000122070312,129.8000030517578,106686700
2021-04-12,127.70953369140625,131.24000549316406,132.85000610351562,130.6300048828125,132.52000427246094,91420000
2021-04-13,130.81365966796875,134.42999267578125,134.66000366210938,131.92999267578125,132.44000244140625,91266500
2021-04-14,128.47828674316406,132.02999877929688,135.0,131.66000366210938,134.94000244140625,87222800
2021-04-15,130.8817901611328,134.5,135.0,133.63999938964844,133.82000732421875,89347100
2021-04-16,130.5509490966797,134.16000366210938,134.6699981689453,133.27999877929688,134.3000030517578,84922400
2021-04-19,131.21266174316406,134.83999633789062,135.47000122070312,133.33999633789062,133.50999450683594,94264200
2021-04-20,129.5292205810547,133.11000061035156,135.52999877929688,131.80999755859375,135.02000427246094,94812300
2021-04-21,129.90870666503906,133.5,133.75,131.3000030517578,132.36000061035156,68847100
2021-04-22,128.3906707763672,131.94000244140625,134.14999389648438,131.41000366210938,133.0399932861328,84566500
2021-04-23,130.7066650390625,134.32000732421875,135.1199951171875,132.16000366210938,132.16000366210938,78657500
2021-04-26,131.09591674804688,134.72000122070312,135.05999755859375,133.55999755859375,134.8300018310547,66905100
2021-04-27,130.77479553222656,134.38999938964844,135.41000366210938,134.11000061035156,135.00999450683594,66015800
2021-04-28,129.98655700683594,133.5800018310547,135.02000427246094,133.0800018310547,134.30999755859375,107760100
2021-04-29,129.88926696777344,133.47999572753906,137.07000732421875,132.4499969482422,136.47000122070312,151101000
2021-04-30,127.92359161376953,131.4600067138672,133.55999755859375,131.07000732421875,131.77999877929688,109839500
2021-05-03,128.97454833984375,132.5399932861328,134.07000732421875,131.8300018310547,132.0399932861328,75135100
2021-05-04,124.41070556640625,127.8499984741211,131.49000549316406,126.69999694824219,131.19000244140625,137564700
2021-05-05,124.65398406982422,128.10000610351562,130.4499969482422,127.97000122070312,129.1999969482422,84000900
2021-05-06,126.24987030029297,129.74000549316406,129.75,127.12999725341797,127.88999938964844,78128300
2021-05-07,126.92244720458984,130.2100067138672,131.25999450683594,129.47999572753906,130.85000610351562,78973300
2021-05-10,123.64728546142578,126.8499984741211,129.5399932861328,126.80999755859375,129.41000366210938,88071200
2021-05-11,122.73101043701172,125.91000366210938,126.2699966430664,122.7699966430664,123.5,126142800
2021-05-12,119.67028045654297,122.7699966430664,124.63999938964844,122.25,123.4000015258789,112172300
2021-05-13,121.81475830078125,124.97000122070312,126.1500015258789,124.26000213623047,124.58000183105469,105861300
2021-05-14,124.23211669921875,127.44999694824219,127.88999938964844,125.8499984741211,126.25,81918000
2021-05-17,123.08191680908203,126.2699966430664,126.93000030517578,125.16999816894531,126.81999969482422,74244600
2021-05-18,121.6977767944336,124.8499984741211,126.98999786376953,124.77999877929688,126.55999755859375,63342900
2021-05-19,121.54183197021484,124.69000244140625,124.91999816894531,122.86000061035156,123.16000366210938,92612000
2021-05-20,124.09567260742188,127.30999755859375,127.72000122070312,125.0999984741211,125.2300033569336,76857100
2021-05-21,122.26311492919922,125.43000030517578,128.0,125.20999908447266,127.81999969482422,79295400
2021-05-24,123.89096069335938,127.0999984741211,127.94000244140625,125.94000244140625,126.01000213623047,63092900
2021-05-25,123.69601440429688,126.9000015258789,128.32000732421875,126.31999969482422,127.81999969482422,72009500
2021-05-26,123.64728546142578,126.8499984741211,127.38999938964844,126.41999816894531,126.95999908447266,56575900
2021-05-27,122.11692810058594,125.27999877929688,127.63999938964844,125.08000183105469,126.44000244140625,94625600
2021-05-28,121.46383666992188,124.61000061035156,125.80000305175781,124.55000305175781,125.56999969482422,71311100
2021-06-01,121.14218139648438,124.27999877929688,125.3499984741211,123.94000244140625,125.08000183105469,67637100
2021-06-02,121.90245819091797,125.05999755859375,125.23999786376953,124.05000305175781,124.27999877929688,59278900
2021-06-03,120.42086029052734,123.54000091552734,124.8499984741211,123.12999725341797,124.68000030517578,76229200
2021-06-04,122.71151733398438,125.88999938964844,126.16000366210938,123.8499984741211,124.06999969482422,75169300
2021-06-07,122.72126007080078,125.9000015258789,126.31999969482422,124.83000183105469,126.16999816894531,71057600
2021-06-08,123.54005432128906,126.73999786376953,128.4600067138672,126.20999908447266,126.5999984741211,74403800
2021-06-09,123.92021179199219,127.12999725341797,127.75,126.5199966430664,127.20999908447266,56877900
2021-06-10,122.92597198486328,126.11000061035156,128.19000244140625,125.94000244140625,127.0199966430664,71186400
2021-06-11,124.13465881347656,127.3499984741211,127.44000244140625,126.0999984741211,126.52999877929688,53522400
2021-06-14,127.18560028076172,130.47999572753906,130.5399932861328,127.06999969482422,127.81999969482422,96906500
2021-06-15,126.36680603027344,129.63999938964844,130.60000610351562,129.38999938964844,129.94000244140625,62746300
2021-06-16,126.86395263671875,130.14999389648438,130.88999938964844,128.4600067138672,130.3699951171875,91815000
2021-06-17,128.46255493164062,131.7899932861328,132.5500030517578,129.64999389648438,129.8000030517578,96721700
2021-06-18,127.16612243652344,130.4600067138672,131.50999450683594,130.24000549316406,130.7100067138672,108953300
2021-06-21,128.9596710205078,132.3000030517578,132.41000366210938,129.2100067138672,130.3000030517578,79663300
2021-06-22,130.5972900390625,133.97999572753906,134.0800018310547,131.6199951171875,132.1300048828125,74783600
2021-06-23,130.32431030273438,133.6999969482422,134.32000732421875,133.22999572753906,133.77000427246094,60214200
2021-06-24,130.0416717529297,133.41000366210938,134.63999938964844,132.92999267578125,134.4499969482422,68711000
2021-06-25,129.74923706054688,133.11000061035156,133.88999938964844,132.80999755859375,133.4600067138672,70783700
2021-06-28,131.3770294189453,134.77999877929688,135.25,133.35000610351562,133.41000366210938,62111300
2021-06-29,132.887939453125,136.3300018310547,136.49000549316406,134.35000610351562,134.8000030517578,64556100
2021-06-30,133.50205993652344,136.9600067138672,137.41000366210938,135.8699951171875,136.1699981689453,63261400
2021-07-01,133.80418395996094,137.27000427246094,137.3300018310547,135.75999450683594,136.60000610351562,52485800
2021-07-02,136.42633056640625,139.9600067138672,140.0,137.75,137.89999389648438,78852600
2021-07-06,138.4342803955078,142.02000427246094,143.14999389648438,140.07000732421875,140.07000732421875,108181800
2021-07-07,140.91990661621094,144.57000732421875,144.88999938964844,142.66000366210938,143.5399932861328,104911600
2021-07-08,139.6234588623047,143.24000549316406,144.05999755859375,140.6699981689453,141.5800018310547,105575500
2021-07-09,141.44627380371094,145.11000061035156,145.64999389648438,142.64999389648438,142.75,99890800
2021-07-12,140.85166931152344,144.5,146.32000732421875,144.0,146.2100067138672,76299700
2021-07-13,141.96287536621094,145.63999938964844,147.4600067138672,143.6300048828125,144.02999877929688,100827100
2021-07-14,145.3842315673828,149.14999389648438,149.57000732421875,147.67999267578125,148.10000610351562,127050800
2021-07-15,144.7311553955078,148.47999572753906,150.0,147.08999633789062,149.24000549316406,106820300
2021-07-16,142.6939239501953,146.38999938964844,149.75999450683594,145.8800048828125,148.4600067138672,93251400
2021-07-19,138.8533935546875,142.4499969482422,144.07000732421875,141.6699981689453,143.75,121434600
2021-07-20,142.45994567871094,146.14999389648438,147.10000610351562,142.9600067138672,143.4600067138672,96350000
2021-07-21,141.7289276123047,145.39999389648438,146.1300048828125,144.6300048828125,145.52999877929688,74993500
2021-07-22,143.09356689453125,146.8000030517578,148.1999969482422,145.80999755859375,145.94000244140625,77338200
2021-07-23,144.8091278076172,148.55999755859375,148.72000122070312,146.9199981689453,147.5500030517578,71447400
2021-07-26,145.228271484375,148.99000549316406,149.8300018310547,147.6999969482422,148.27000427246094,72434100
2021-07-27,143.0643310546875,146.77000427246094,149.2100067138672,145.5500030517578,149.1199951171875,104818600
2021-07-28,141.3195343017578,144.97999572753906,146.97000122070312,142.5399932861328,144.80999755859375,118931200
2021-07-29,141.96287536621094,145.63999938964844,146.5500030517578,144.5800018310547,144.69000244140625,56699500
2021-07-30,142.17733764648438,145.86000061035156,146.3300018310547,144.11000061035156,144.3800048828125,70440600
2021-08-02,141.84591674804688,145.52000427246094,146.9499969482422,145.25,146.36000061035156,62880000
2021-08-03,143.63941955566406,147.36000061035156,148.0399932861328,145.17999267578125,145.80999755859375,64786600
2021-08-04,143.2397918701172,146.9499969482422,147.7899932861328,146.27999877929688,147.27000427246094,56368300
2021-08-05,143.34703063964844,147.05999755859375,147.83999633789062,146.1699981689453,146.97999572753906,46397700
2021-08-06,142.66368103027344,146.13999938964844,147.11000061035156,145.6300048828125,146.35000610351562,54126800
2021-08-09,142.6148681640625,146.08999633789062,146.6999969482422,145.52000427246094,146.1999969482422,48908700
2021-08-10,142.1365203857422,145.60000610351562,147.7100067138672,145.3000030517578,146.44000244140625,69023100
2021-08-11,142.39036560058594,145.86000061035156,146.72000122070312,145.52999877929688,146.0500030517578,48493500
2021-08-12,145.34823608398438,148.88999938964844,149.0500030517578,145.83999633789062,146.19000244140625,72282600
2021-08-13,145.5532989501953,149.10000610351562,149.44000244140625,148.27000427246094,148.97000122070312,59375000
2021-08-16,147.52520751953125,151.1199951171875,151.19000244140625,146.47000122070312,148.5399932861328,103296000
2021-08-17,146.61732482910156,150.19000244140625,151.67999267578125,149.08999633789062,150.22999572753906,92229700
2021-08-18,142.87843322753906,146.36000061035156,150.72000122070312,146.14999389648438,149.8000030517578,86326000
2021-08-19,143.21035766601562,146.6999969482422,148.0,144.5,145.02999877929688,86960300
2021-08-20,144.66493225097656,148.19000244140625,148.5,146.77999877929688,147.44000244140625,60549600
2021-08-23,146.1487579345703,149.7100067138672,150.19000244140625,147.88999938964844,148.30999755859375,60131800
2021-08-24,146.06092834472656,149.6199951171875,150.86000061035156,149.14999389648438,149.4499969482422,48606400
2021-08-25,144.8308563232422,148.36000061035156,150.32000732421875,147.8000030517578,149.80999755859375,58991300
2021-08-26,144.0303497314453,147.5399932861328,149.1199951171875,147.50999450683594,148.35000610351562,48597200
2021-08-27,145.06512451171875,148.60000610351562,148.75,146.8300018310547,147.47999572753906,55802400
2021-08-30,149.47760009765625,153.1199951171875,153.49000549316406,148.61000061035156,149.0,90956700
2021-08-31,148.2183074951172,151.8300018310547,152.8000030517578,151.2899932861328,152.66000366210938,86453100
2021-09-01,148.8821258544922,152.50999450683594,154.97999572753906,152.33999633789062,152.8300018310547,80313700
2021-09-02,149.99505615234375,153.64999389648438,154.72000122070312,152.39999389648438,153.8699951171875,71115500
2021-09-03,150.6295623779297,154.3000030517578,154.6300048828125,153.08999633789062,153.75999450683594,57808700
2021-09-07,152.9627227783203,156.69000244140625,157.25999450683594,154.38999938964844,154.97000122070312,82278300
2021-09-08,151.42030334472656,155.11000061035156,157.0399932861328,153.97999572753906,156.97999572753906,74420200
2021-09-09,150.40504455566406,154.07000732421875,156.11000061035156,153.9499969482422,155.49000549316406,57305700
2021-09-10,145.4263458251953,148.97000122070312,155.47999572753906,148.6999969482422,155.0,140893200
2021-09-13,145.99256896972656,149.5500030517578,151.4199981689453,148.75,150.6300048828125,102404300
2021-09-14,144.59654235839844,148.1199951171875,151.07000732421875,146.91000366210938,150.35000610351562,109296300
2021-09-15,145.48492431640625,149.02999877929688,149.44000244140625,146.3699951171875,148.55999755859375,83281300
2021-09-16,145.25062561035156,148.7899932861328,148.97000122070312,147.22000122070312,148.44000244140625,68034100
2021-09-17,142.58555603027344,146.05999755859375,148.82000732421875,145.75999450683594,148.82000732421875,129868800
2021-09-20,139.539794921875,142.94000244140625,144.83999633789062,141.27000427246094,143.8000030517578,123478900
2021-09-21,140.0181427001953,143.42999267578125,144.60000610351562,142.77999877929688,143.92999267578125,75834000
2021-09-22,142.38059997558594,145.85000610351562,146.42999267578125,143.6999969482422,144.4499969482422,76404300
2021-09-23,143.33724975585938,146.8300018310547,147.0800018310547,145.63999938964844,146.64999389648438,64838200
2021-09-24,143.4250946044922,146.9199981689453,147.47000122070312,145.55999755859375,145.66000366210938,53477900
2021-09-27,141.91197204589844,145.3699951171875,145.9600067138672,143.82000732421875,145.47000122070312,74150700
2021-09-28,138.53433227539062,141.91000366210938,144.75,141.69000244140625,143.25,108972300
2021-09-29,139.4324188232422,142.8300018310547,144.4499969482422,142.02999877929688,142.47000122070312,74602000
2021-09-30,138.13404846191406,141.5,144.3800048828125,141.27999877929688,143.66000366210938,89056700
2021-10-01,139.25668334960938,142.64999389648438,142.9199981689453,139.11000061035156,141.89999389648438,94639600
2021-10-04,135.8302001953125,139.13999938964844,142.2100067138672,138.27000427246094,141.75999450683594,98322000
2021-10-05,137.7533416748047,141.11000061035156,142.24000549316406,139.36000061035156,139.49000549316406,80861100
2021-10-06,138.6221466064453,142.0,142.14999389648438,138.3699951171875,139.47000122070312,83221100
2021-10-07,139.8814697265625,143.2899932861328,144.22000122070312,142.72000122070312,143.05999755859375,61732700
2021-10-08,139.500732421875,142.89999389648438,144.17999267578125,142.55999755859375,144.02999877929688,58773200
2021-10-11,139.41290283203125,142.80999755859375,144.80999755859375,141.80999755859375,142.27000427246094,64452200
2021-10-12,138.143798828125,141.50999450683594,143.25,141.0399932861328,143.22999572753906,73035900
2021-10-13,137.55809020996094,140.91000366210938,141.39999389648438,139.1999969482422,141.24000549316406,78762700
2021-10-14,140.34027099609375,143.75999450683594,143.8800048828125,141.50999450683594,142.11000061035156,69907100
2021-10-15,141.39459228515625,144.83999633789062,144.89999389648438,143.50999450683594,143.77000427246094,67940300
2021-10-18,143.06390380859375,146.5500030517578,146.83999633789062,143.16000366210938,143.4499969482422,85589200
2021-10-19,145.22137451171875,148.75999450683594,149.1699981689453,146.5500030517578,147.00999450683594,76378900
2021-10-20,145.70945739746094,149.25999450683594,149.75,148.1199951171875,148.6999969482422,58418800
2021-10-21,145.92417907714844,149.47999572753906,149.63999938964844,147.8699951171875,148.80999755859375,61421000
2021-10-22,145.1529998779297,148.69000244140625,150.17999267578125,148.63999938964844,149.69000244140625,58883400
2021-10-25,145.10421752929688,148.63999938964844,149.3699951171875,147.6199951171875,148.67999267578125,50720600
2021-10-26,145.76803588867188,149.32000732421875,150.83999633789062,149.00999450683594,149.3300018310547,60893400
2021-10-27,145.3092041015625,148.85000610351562,149.72999572753906,148.49000549316406,149.36000061035156,56094900
2021-10-28,148.9407501220703,152.57000732421875,153.1699981689453,149.72000122070312,149.82000732421875,100077900
2021-10-29,146.2366180419922,149.8000030517578,149.94000244140625,146.41000366210938,147.22000122070312,124953200
2021-11-01,145.41659545898438,148.9600067138672,149.6999969482422,147.8000030517578,148.99000549316406,74588300
2021-11-02,146.4513702392578,150.02000427246094,151.57000732421875,148.64999389648438,148.66000366210938,69122000
2021-11-03,147.8864288330078,151.49000549316406,151.97000122070312,149.82000732421875,150.38999938964844,54511500
2021-11-04,147.36900329589844,150.9600067138672,152.42999267578125,150.63999938964844,151.5800018310547,60394600
2021-11-05,147.89694213867188,151.27999877929688,152.1999969482422,150.05999755859375,151.88999938964844,65463900
2021-11-08,147.07571411132812,150.44000244140625,151.57000732421875,150.16000366210938,151.41000366210938,55020900
2021-11-09,147.43748474121094,150.80999755859375,151.42999267578125,150.05999755859375,150.1999969482422,56787900
2021-11-10,144.6121063232422,147.9199981689453,150.1300048828125,147.85000610351562,150.02000427246094,65187100
2021-11-11,144.5631866455078,147.8699951171875,149.42999267578125,147.67999267578125,148.9600067138672,41000000
2021-11-12,146.63580322265625,149.99000549316406,150.39999389648438,147.47999572753906,148.42999267578125,63804000
2021-11-15,146.6455535888672,150.0,151.8800048828125,149.42999267578125,150.3699951171875,59222800
2021-11-16,147.62318420410156,151.0,151.49000549316406,149.33999633789062,149.94000244140625,59256200
2021-11-17,150.0575408935547,153.49000549316406,155.0,150.99000549316406,151.0,88807000
2021-11-18,154.33953857421875,157.8699951171875,158.6699981689453,153.0500030517578,153.7100067138672,137827700
2021-11-19,156.9596405029297,160.5500030517578,161.02000427246094,156.52999877929688,157.64999389648438,117305600
2021-11-22,157.4191436767578,161.02000427246094,165.6999969482422,161.0,161.67999267578125,117467900
2021-11-23,157.80044555664062,161.41000366210938,161.8000030517578,159.05999755859375,161.1199951171875,96041900
2021-11-24,158.3185577392578,161.94000244140625,162.13999938964844,159.63999938964844,160.75,69463600
2021-11-26,153.30325317382812,156.80999755859375,160.4499969482422,156.36000061035156,159.57000732421875,76959800
2021-11-29,156.6565704345703,160.24000549316406,161.19000244140625,158.7899932861328,159.3699951171875,88748200
2021-11-30,161.60340881347656,165.3000030517578,165.52000427246094,159.9199981689453,159.99000549316406,174048100
2021-12-01,161.0852813720703,164.77000427246094,170.3000030517578,164.52999877929688,167.47999572753906,152052500
2021-12-02,160.09786987304688,163.75999450683594,164.1999969482422,157.8000030517578,158.74000549316406,136739200
2021-12-03,158.22080993652344,161.83999633789062,164.9600067138672,159.72000122070312,164.02000427246094,118023100
2021-12-06,161.6229705810547,165.32000732421875,167.8800048828125,164.27999877929688,164.2899932861328,107497000
2021-12-07,167.35191345214844,171.17999267578125,171.5800018310547,168.33999633789062,169.0800018310547,120405400
2021-12-08,171.16470336914062,175.0800018310547,175.9600067138672,170.6999969482422,172.1300048828125,116998900
2021-12-09,170.6563262939453,174.55999755859375,176.75,173.9199981689453,174.91000366210938,108923700
2021-12-10,175.43698120117188,179.4499969482422,179.6300048828125,174.69000244140625,175.2100067138672,115402700
2021-12-13,171.8099365234375,175.74000549316406,182.1300048828125,175.52999877929688,181.1199951171875,153237000
2021-12-14,170.43145751953125,174.3300018310547,177.74000549316406,172.2100067138672,175.25,139380400
2021-12-15,175.29034423828125,179.3000030517578,179.5,172.30999755859375,175.11000061035156,131063300
2021-12-16,168.4077911376953,172.25999450683594,181.13999938964844,170.75,179.27999877929688,150185800
2021-12-17,167.31280517578125,171.13999938964844,173.47000122070312,169.69000244140625,169.92999267578125,195432700
2021-12-20,165.95387268066406,169.75,170.5800018310547,167.4600067138672,168.27999877929688,107499100
2021-12-21,169.12144470214844,172.99000549316406,173.1999969482422,169.1199951171875,171.55999755859375,91185900
2021-12-22,171.71218872070312,175.63999938964844,175.86000061035156,172.14999389648438,173.0399932861328,92135300
2021-12-23,172.33782958984375,176.27999877929688,176.85000610351562,175.27000427246094,175.85000610351562,68356600
2021-12-27,176.2973175048828,180.3300018310547,180.4199981689453,177.07000732421875,177.08999633789062,74919600
2021-12-28,175.28054809570312,179.2899932861328,181.3300018310547,178.52999877929688,180.16000366210938,79144300
2021-12-29,175.36859130859375,179.3800048828125,180.6300048828125,178.13999938964844,179.3300018310547,62348900
2021-12-30,174.21493530273438,178.1999969482422,180.57000732421875,178.08999633789062,179.47000122070312,59773000
2021-12-31,173.59901428222656,177.57000732421875,179.22999572753906,177.25999450683594,178.08999633789062,64062300
2022-01-03,177.93971252441406,182.00999450683594,182.8800048828125,177.7100067138672,177.8300018310547,104487900
2022-01-04,175.681396484375,179.6999969482422,182.94000244140625,179.1199951171875,182.6300048828125,99310400
2022-01-05,171.0082550048828,174.9199981689453,180.1699981689453,174.63999938964844,179.61000061035156,94537600
2022-01-06,168.15359497070312,172.0,175.3000030517578,171.63999938964844,172.6999969482422,96904000
2022-01-07,168.31976318359375,172.1699981689453,174.13999938964844,171.02999877929688,172.88999938964844,86709100
2022-01-10,168.33934020996094,172.19000244140625,172.5,168.1699981689453,169.0800018310547,106765600
2022-01-11,171.16470336914062,175.0800018310547,175.17999267578125,170.82000732421875,172.32000732421875,76138300
2022-01-12,171.60464477539062,175.52999877929688,177.17999267578125,174.82000732421875,176.1199951171875,74805200
2022-01-13,168.33934020996094,172.19000244140625,176.6199951171875,171.7899932861328,175.77999877929688,84505800
2022-01-14,169.19964599609375,173.07000732421875,173.77999877929688,171.08999633789062,171.33999633789062,80440800
2022-01-18,166.0028076171875,169.8000030517578,172.5399932861328,169.41000366210938,171.50999450683594,90956700
2022-01-19,162.51260375976562,166.22999572753906,171.0800018310547,165.94000244140625,170.0,94815000
2022-01-20,160.83106994628906,164.50999450683594,169.67999267578125,164.17999267578125,166.97999572753906,91420500
2022-01-21,158.77804565429688,162.41000366210938,166.3300018310547,162.3000030517578,164.4199981689453,122848900
2022-01-24,158.00572204589844,161.6199951171875,162.3000030517578,154.6999969482422,160.02000427246094,162294600
2022-01-25,156.20684814453125,159.77999877929688,162.75999450683594,157.02000427246094,158.97999572753906,115798400
2022-01-26,156.11888122558594,159.69000244140625,164.38999938964844,157.82000732421875,163.5,108275300
2022-01-27,155.65936279296875,159.22000122070312,163.83999633789062,158.27999877929688,162.4499969482422,121954600
2022-01-28,166.52093505859375,170.3300018310547,170.35000610351562,162.8000030517578,165.7100067138672,179935700
2022-01-31,170.8714141845703,174.77999877929688,175.0,169.50999450683594,170.16000366210938,115541600
2022-02-01,170.7052459716797,174.61000061035156,174.83999633789062,172.30999755859375,174.00999450683594,86213900
2022-02-02,171.90771484375,175.83999633789062,175.8800048828125,173.3300018310547,174.75,84914300
2022-02-03,169.03343200683594,172.89999389648438,176.24000549316406,172.1199951171875,174.47999572753906,89418100
2022-02-04,168.7495880126953,172.38999938964844,174.10000610351562,170.67999267578125,171.67999267578125,82465400
2022-02-07,168.03500366210938,171.66000366210938,173.9499969482422,170.9499969482422,172.86000061035156,77251200
2022-02-08,171.13807678222656,174.8300018310547,175.35000610351562,171.42999267578125,171.72999572753906,74829200
2022-02-09,172.55743408203125,176.27999877929688,176.64999389648438,174.89999389648438,176.0500030517578,71285000
2022-02-10,168.48524475097656,172.1199951171875,175.47999572753906,171.5500030517578,174.13999938964844,90865900
2022-02-11,165.07879638671875,168.63999938964844,173.0800018310547,168.0399932861328,172.3300018310547,98670700
2022-02-14,165.31370544433594,168.8800048828125,169.5800018310547,166.55999755859375,167.3699951171875,86185500
2022-02-15,169.14114379882812,172.7899932861328,172.9499969482422,170.25,170.97000122070312,62527400
2022-02-16,168.90618896484375,172.5500030517578,173.33999633789062,170.0500030517578,171.85000610351562,61177400
2022-02-17,165.31370544433594,168.8800048828125,171.91000366210938,168.47000122070312,171.02999877929688,69589300
2022-02-18,163.76707458496094,167.3000030517578,170.5399932861328,166.19000244140625,169.82000732421875,82772700
2022-02-22,160.85000610351562,164.32000732421875,166.69000244140625,162.14999389648438,164.97999572753906,91162800
2022-02-23,156.68975830078125,160.07000732421875,166.14999389648438,159.75,165.5399932861328,90009200
2022-02-24,159.30337524414062,162.74000549316406,162.85000610351562,152.0,152.5800018310547,141147500
2022-02-25,161.3688201904297,164.85000610351562,165.1199951171875,160.8699951171875,163.83999633789062,91974200
2022-02-28,161.63311767578125,165.1199951171875,165.4199981689453,162.42999267578125,163.05999755859375,95056600
2022-03-01,159.753662109375,163.1999969482422,166.60000610351562,161.97000122070312,164.6999969482422,83474400
2022-03-02,163.042724609375,166.55999755859375,167.36000061035156,162.9499969482422,164.38999938964844,79724800
2022-03-03,162.71966552734375,166.22999572753906,168.91000366210938,165.5500030517578,168.47000122070312,76678400
2022-03-04,159.72427368164062,163.1699981689453,165.5500030517578,162.10000610351562,164.49000549316406,83737200
2022-03-07,155.93600463867188,159.3000030517578,165.02000427246094,159.0399932861328,163.36000061035156,96418800
2022-03-08,154.1152801513672,157.44000244140625,162.8800048828125,155.8000030517578,158.82000732421875,131148300
2022-03-09,159.50892639160156,162.9499969482422,163.41000366210938,159.41000366210938,161.47999572753906,91454900
2022-03-10,155.1724853515625,158.52000427246094,160.38999938964844,155.97999572753906,160.1999969482422,105342000
2022-03-11,151.46249389648438,154.72999572753906,159.27999877929688,154.5,158.92999267578125,96970100
2022-03-14,147.4392852783203,150.6199951171875,154.1199951171875,150.10000610351562,151.4499969482422,108732100
2022-03-15,151.81491088867188,155.08999633789062,155.57000732421875,150.3800048828125,150.89999389648438,92964300
2022-03-16,156.21987915039062,159.58999633789062,160.0,154.4600067138672,157.0500030517578,102300200
2022-03-17,157.22813415527344,160.6199951171875,161.0,157.6300048828125,158.61000061035156,75615400
2022-03-18,160.51719665527344,163.97999572753906,164.47999572753906,159.75999450683594,160.50999450683594,123511700
2022-03-21,161.8876190185547,165.3800048828125,166.35000610351562,163.00999450683594,163.50999450683594,95811400
2022-03-22,165.25498962402344,168.82000732421875,169.4199981689453,164.91000366210938,165.50999450683594,81532000
2022-03-23,166.61561584472656,170.2100067138672,172.63999938964844,167.64999389648438,167.99000549316406,98062700
2022-03-24,170.3941192626953,174.07000732421875,174.13999938964844,170.2100067138672,171.05999755859375,90131400
2022-03-25,171.03036499023438,174.72000122070312,175.27999877929688,172.75,173.8800048828125,80546200
2022-03-28,171.8917999267578,175.60000610351562,175.72999572753906,172.0,172.1699981689453,90371900
2022-03-29,175.1808319091797,178.9600067138672,179.00999450683594,176.33999633789062,176.69000244140625,100589400
2022-03-30,174.01597595214844,177.77000427246094,179.61000061035156,176.6999969482422,178.5500030517578,92633200
2022-03-31,170.9227294921875,174.61000061035156,178.02999877929688,174.39999389648438,177.83999633789062,103049300
2022-04-01,170.62904357910156,174.30999755859375,174.8800048828125,171.94000244140625,174.02999877929688,78751300
2022-04-04,174.6718292236328,178.44000244140625,178.49000549316406,174.44000244140625,174.57000732421875,76468400
2022-04-05,171.36318969726562,175.05999755859375,178.3000030517578,174.4199981689453,177.5,73401800
2022-04-06,168.201416015625,171.8300018310547,173.6300048828125,170.1300048828125,172.36000061035156,89058800
2022-04-07,168.50486755371094,172.13999938964844,173.36000061035156,169.85000610351562,171.16000366210938,77594700
2022-04-08,166.4981689453125,170.08999633789062,171.77999877929688,169.1999969482422,171.77999877929688,76575500
2022-04-11,162.24978637695312,165.75,169.02999877929688,165.5,168.7100067138672,72246700
2022-04-12,164.11949157714844,167.66000366210938,169.8699951171875,166.63999938964844,168.02000427246094,79265200
2022-04-13,166.80157470703125,170.39999389648438,171.0399932861328,166.77000427246094,167.38999938964844,70618900
2022-04-14,161.79949951171875,165.2899932861328,171.27000427246094,165.0399932861328,170.6199951171875,75329400
2022-04-18,161.5841827392578,165.07000732421875,166.60000610351562,163.57000732421875,163.9199981689453,69023900
2022-04-19,163.8649444580078,167.39999389648438,167.82000732421875,163.91000366210938,165.02000427246094,67723800
2022-04-20,163.6985626220703,167.22999572753906,168.8800048828125,166.10000610351562,168.75999450683594,67929800
2022-04-21,162.9056396484375,166.4199981689453,171.52999877929688,165.91000366210938,168.91000366210938,87227800
2022-04-22,158.37339782714844,161.7899932861328,167.8699951171875,161.5,166.4600067138672,84882400
2022-04-25,159.4403839111328,162.8800048828125,163.1699981689453,158.4600067138672,161.1199951171875,96046400
2022-04-26,153.48880004882812,156.8000030517578,162.33999633789062,156.72000122070312,162.25,95623200
2022-04-27,153.26365661621094,156.57000732421875,159.7899932861328,155.3800048828125,155.91000366210938,88063200
2022-04-28,160.18434143066406,163.63999938964844,164.52000427246094,158.92999267578125,159.25,130216800
2022-04-29,154.32083129882812,157.64999389648438,166.1999969482422,157.25,161.83999633789062,131747600
2022-05-02,154.62429809570312,157.9600067138672,158.22999572753906,153.27000427246094,156.7100067138672,123055300
2022-05-03,156.11221313476562,159.47999572753906,160.7100067138672,156.32000732421875,158.14999389648438,88966500
2022-05-04,162.51409912109375,166.02000427246094,166.47999572753906,159.25999450683594,159.6699981689453,108256500
2022-05-05,153.45947265625,156.77000427246094,164.0800018310547,154.9499969482422,163.85000610351562,130525300
2022-05-06,154.18487548828125,157.27999877929688,159.44000244140625,154.17999267578125,156.00999450683594,116124600
2022-05-09,149.06756591796875,152.05999755859375,155.8300018310547,151.49000549316406,154.92999267578125,131577900
2022-05-10,151.46939086914062,154.50999450683594,156.74000549316406,152.92999267578125,155.52000427246094,115366700
2022-05-11,143.6170196533203,146.5,155.4499969482422,145.80999755859375,153.5,142689800
2022-05-12,139.75454711914062,142.55999755859375,146.1999969482422,138.8000030517578,142.77000427246094,182602000
2022-05-13,144.21502685546875,147.11000061035156,148.10000610351562,143.11000061035156,144.58999633789062,113990900
2022-05-16,142.67587280273438,145.5399932861328,147.52000427246094,144.17999267578125,145.5500030517578,86643800
2022-05-17,146.30308532714844,149.24000549316406,149.77000427246094,146.67999267578125,148.86000061035156,78336300
2022-05-18,138.0487823486328,140.82000732421875,147.36000061035156,139.89999389648438,146.85000610351562,109742900
2022-05-19,134.64706420898438,137.35000610351562,141.66000366210938,136.60000610351562,139.8800048828125,136095600
2022-05-20,134.88235473632812,137.58999633789062,140.6999969482422,132.61000061035156,139.08999633789062,137426100
2022-05-23,140.29373168945312,143.11000061035156,143.25999450683594,137.64999389648438,137.7899932861328,117726300
2022-05-24,137.5978240966797,140.36000061035156,141.97000122070312,137.3300018310547,140.80999755859375,104132700
2022-05-25,137.75469970703125,140.52000427246094,141.7899932861328,138.33999633789062,138.42999267578125,92482700
2022-05-26,140.95053100585938,143.77999877929688,144.33999633789062,137.13999938964844,137.38999938964844,90601500
2022-05-27,146.69520568847656,149.63999938964844,149.67999267578125,145.25999450683594,145.38999938964844,90978500
2022-05-31,145.9109649658203,148.83999633789062,150.66000366210938,146.83999633789062,149.07000732421875,103718400
2022-06-01,145.7834930419922,148.7100067138672,151.74000549316406,147.67999267578125,149.89999389648438,74286600
2022-06-02,148.2342987060547,151.2100067138672,151.27000427246094,146.86000061035156,147.8300018310547,72348100
2022-06-03,142.51905822753906,145.3800048828125,147.97000122070312,144.4600067138672,146.89999389648438,88570300
2022-06-06,143.26409912109375,146.13999938964844,148.57000732421875,144.89999389648438,147.02999877929688,71598400
2022-06-07,145.7834930419922,148.7100067138672,149.0,144.10000610351562,144.35000610351562,67808200
2022-06-08,145.04827880859375,147.9600067138672,149.8699951171875,147.4600067138672,148.5800018310547,53950200
2022-06-09,139.83299255371094,142.63999938964844,147.9499969482422,142.52999877929688,147.0800018310547,69473000
2022-06-10,134.43142700195312,137.1300048828125,140.75999450683594,137.05999755859375,140.27999877929688,91437900
2022-06-13,129.28475952148438,131.8800048828125,135.1999969482422,131.44000244140625,132.8699951171875,122207100
2022-06-14,130.14735412597656,132.75999450683594,133.88999938964844,131.47999572753906,133.1300048828125,84784300
2022-06-15,132.7648468017578,135.42999267578125,137.33999633789062,132.16000366210938,134.2899932861328,91533000
2022-06-16,127.50051879882812,130.05999755859375,132.38999938964844,129.0399932861328,132.0800018310547,108123900
2022-06-17,128.9710235595703,131.55999755859375,133.0800018310547,129.80999755859375,130.07000732421875,134520300
2022-06-21,133.1961669921875,135.8699951171875,137.05999755859375,133.32000732421875,133.4199981689453,81000500
2022-06-22,132.6864471435547,135.35000610351562,137.75999450683594,133.91000366210938,134.7899932861328,73409200
2022-06-23,135.54896545410156,138.27000427246094,138.58999633789062,135.6300048828125,136.82000732421875,72433800
2022-06-24,138.87225341796875,141.66000366210938,141.91000366210938,139.77000427246094,139.89999389648438,89116800
2022-06-27,138.87225341796875,141.66000366210938,143.49000549316406,140.97000122070312,142.6999969482422,70207900
2022-06-28,134.73529052734375,137.44000244140625,143.4199981689453,137.32000732421875,142.1300048828125,67083400
2022-06-29,136.49008178710938,139.22999572753906,140.6699981689453,136.6699981689453,137.4600067138672,66242400
2022-06-30,134.0294952392578,136.72000122070312,138.3699951171875,133.77000427246094,137.25,98964500
2022-07-01,136.1959686279297,138.92999267578125,139.0399932861328,135.66000366210938,136.0399932861328,71051600
2022-07-05,138.77423095703125,141.55999755859375,141.61000061035156,136.92999267578125,137.77000427246094,73353800
2022-07-06,140.10745239257812,142.9199981689453,144.1199951171875,141.0800018310547,141.35000610351562,74064300
2022-07-07,143.46995544433594,146.35000610351562,146.5500030517578,143.27999877929688,143.2899932861328,66253700
2022-07-08,144.1463623046875,147.0399932861328,147.5500030517578,145.0,145.25999450683594,64547800
2022-07-11,142.0190887451172,144.8699951171875,146.63999938964844,143.77999877929688,145.6699981689453,63141600
2022-07-12,142.98960876464844,145.86000061035156,148.4499969482422,145.0500030517578,145.75999450683594,77588800
2022-07-13,142.6268768310547,145.49000549316406,146.4499969482422,142.1199951171875,142.99000549316406,71185600
2022-07-14,145.54823303222656,148.47000122070312,148.9499969482422,143.25,144.0800018310547,78140700
2022-07-15,147.2147979736328,150.1699981689453,150.86000061035156,148.1999969482422,149.77999877929688,76259900
2022-07-18,144.17581176757812,147.07000732421875,151.57000732421875,146.6999969482422,150.74000549316406,81420900
2022-07-19,148.02845764160156,151.0,151.22999572753906,146.91000366210938,147.9199981689453,82982400
2022-07-20,150.0283203125,153.0399932861328,153.72000122070312,150.3699951171875,151.1199951171875,64823400
2022-07-21,152.29283142089844,155.35000610351562,155.57000732421875,151.94000244140625,154.5,65086600
2022-07-22,151.0576171875,154.08999633789062,156.27999877929688,153.41000366210938,155.38999938964844,66675400
2022-07-25,149.9400634765625,152.9499969482422,155.0399932861328,152.27999877929688,154.00999450683594,53623900
2022-07-26,148.61666870117188,151.60000610351562,153.08999633789062,150.8000030517578,152.25999450683594,55138700
2022-07-27,153.7045135498047,156.7899932861328,157.3300018310547,152.16000366210938,152.5800018310547,78620700
2022-07-28,154.2534942626953,157.35000610351562,157.63999938964844,154.41000366210938,156.97999572753906,81378700
2022-07-29,159.31195068359375,162.50999450683594,163.6300048828125,159.5,161.24000549316406,101786900
2022-08-01,158.3316192626953,161.50999450683594,163.58999633789062,160.88999938964844,161.00999450683594,67829400
2022-08-02,156.8611297607422,160.00999450683594,162.41000366210938,159.6300048828125,160.10000610351562,59907000
2022-08-03,162.86073303222656,166.1300048828125,166.58999633789062,160.75,160.83999633789062,82507500
2022-08-04,162.54701232910156,165.80999755859375,167.19000244140625,164.42999267578125,166.00999450683594,55474100
2022-08-05,162.3212432861328,165.35000610351562,165.85000610351562,163.0,163.2100067138672,56697000
2022-08-08,161.85000610351562,164.8699951171875,167.80999755859375,164.1999969482422,166.3699951171875,60276900
2022-08-09,161.89910888671875,164.9199981689453,165.82000732421875,163.25,164.02000427246094,63135500
2022-08-10,166.1399688720703,169.24000549316406,169.33999633789062,166.89999389648438,167.67999267578125,70170500
2022-08-11,165.40371704101562,168.49000549316406,170.99000549316406,168.19000244140625,170.05999755859375,57149200
2022-08-12,168.94760131835938,172.10000610351562,172.1699981689453,169.39999389648438,169.82000732421875,68039400
2022-08-15,170.0176239013672,173.19000244140625,173.38999938964844,171.35000610351562,171.52000427246094,54091700
2022-08-16,169.8605194091797,173.02999877929688,173.7100067138672,171.66000366210938,172.77999877929688,56377100
2022-08-17,171.35267639160156,174.5500030517578,176.14999389648438,172.57000732421875,172.77000427246094,79542000
2022-08-18,170.96002197265625,174.14999389648438,174.89999389648438,173.1199951171875,173.75,62290100
2022-08-19,168.37820434570312,171.52000427246094,173.74000549316406,171.30999755859375,173.02999877929688,70346300
2022-08-22,164.5005645751953,167.57000732421875,169.86000061035156,167.13999938964844,169.69000244140625,69026800
2022-08-23,164.16677856445312,167.22999572753906,168.7100067138672,166.64999389648438,167.0800018310547,54147100
2022-08-24,164.46128845214844,167.52999877929688,168.11000061035156,166.25,167.32000732421875,53841500
2022-08-25,166.91549682617188,170.02999877929688,170.13999938964844,168.35000610351562,168.77999877929688,51218200
2022-08-26,160.62286376953125,163.6199951171875,171.0500030517578,163.55999755859375,170.57000732421875,78961000
2022-08-29,158.42391967773438,161.3800048828125,162.89999389648438,159.82000732421875,161.14999389648438,73314000
2022-08-30,155.9991912841797,158.91000366210938,162.55999755859375,157.72000122070312,162.1300048828125,77906200
2022-08-31,154.3401336669922,157.22000122070312,160.5800018310547,157.13999938964844,160.30999755859375,87991100
2022-09-01,155.06658935546875,157.9600067138672,158.4199981689453,154.6699981689453,156.63999938964844,74229900
2022-09-02,152.95594787597656,155.80999755859375,160.36000061035156,154.97000122070312,159.75,76957800
2022-09-06,151.69943237304688,154.52999877929688,157.08999633789062,153.69000244140625,156.47000122070312,73714800
2022-09-07,153.10324096679688,155.9600067138672,156.6699981689453,153.61000061035156,154.82000732421875,87449600
2022-09-08,151.63070678710938,154.4600067138672,156.36000061035156,152.67999267578125,154.63999938964844,84923800
2022-09-09,154.48736572265625,157.3699951171875,157.82000732421875,154.75,155.47000122070312,68028800
2022-09-12,160.4364013671875,163.42999267578125,164.25999450683594,159.3000030517578,159.58999633789062,104956000
2022-09-13,151.0220489501953,153.83999633789062,160.5399932861328,153.3699951171875,159.89999389648438,122656600
2022-09-14,152.4651336669922,155.30999755859375,157.10000610351562,153.61000061035156,154.7899932861328,87965400
2022-09-15,149.57899475097656,152.3699951171875,155.24000549316406,151.3800048828125,154.64999389648438,90481100
2022-09-16,147.93954467773438,150.6999969482422,151.35000610351562,148.3699951171875,151.2100067138672,162278800
2022-09-19,151.6503448486328,154.47999572753906,154.55999755859375,149.10000610351562,149.30999755859375,81474200
2022-09-20,154.02601623535156,156.89999389648438,158.0800018310547,153.0800018310547,153.39999389648438,107689800
2022-09-21,150.9042510986328,153.72000122070312,158.74000549316406,153.60000610351562,157.33999633789062,101696800
2022-09-22,149.9421844482422,152.74000549316406,154.47000122070312,150.91000366210938,152.3800048828125,86652500
2022-09-23,147.67449951171875,150.42999267578125,151.47000122070312,148.55999755859375,151.19000244140625,96029900
2022-09-26,148.00831604003906,150.77000427246094,153.77000427246094,149.63999938964844,149.66000366210938,93339400
2022-09-27,148.9801788330078,151.75999450683594,154.72000122070312,149.9499969482422,152.74000549316406,84442700
2022-09-28,147.0952911376953,149.83999633789062,150.63999938964844,144.83999633789062,147.63999938964844,146691400
2022-09-29,139.87014770507812,142.47999572753906,146.72000122070312,140.67999267578125,146.10000610351562,128138200
2022-09-30,135.6685333251953,138.1999969482422,143.10000610351562,138.0,141.27999877929688,124925300
2022-10-03,139.8406524658203,142.4499969482422,143.07000732421875,137.69000244140625,138.2100067138672,114311700
2022-10-04,143.423828125,146.10000610351562,146.22000122070312,144.25999450683594,145.02999877929688,87830100
2022-10-05,143.7183074951172,146.39999389648438,147.3800048828125,143.00999450683594,144.07000732421875,79471000
2022-10-06,142.76611328125,145.42999267578125,147.5399932861328,145.22000122070312,145.80999755859375,68402200
2022-10-07,137.52392578125,140.08999633789062,143.10000610351562,139.4499969482422,142.5399932861328,85925600
2022-10-10,137.84786987304688,140.4199981689453,141.88999938964844,138.57000732421875,140.4199981689453,74899000
2022-10-11,136.43426513671875,138.97999572753906,141.35000610351562,138.22000122070312,139.89999389648438,77033700
2022-10-12,135.8059844970703,138.33999633789062,140.36000061035156,138.16000366210938,139.1300048828125,70433700
2022-10-13,140.3708038330078,142.99000549316406,143.58999633789062,134.3699951171875,134.99000549316406,113224000
2022-10-14,135.84523010253906,138.3800048828125,144.52000427246094,138.19000244140625,144.30999755859375,88598000
2022-10-17,139.8014373779297,142.41000366210938,142.89999389648438,140.27000427246094,141.07000732421875,85250900
2022-10-18,141.11691284179688,143.75,146.6999969482422,140.61000061035156,145.49000549316406,99136600
2022-10-19,141.22486877441406,143.86000061035156,144.9499969482422,141.5,141.69000244140625,61758300
2022-10-20,140.763427734375,143.38999938964844,145.88999938964844,142.64999389648438,143.02000427246094,64522000
2022-10-21,144.5723876953125,147.27000427246094,147.85000610351562,142.64999389648438,142.8699951171875,86548600
2022-10-24,146.7124786376953,149.4499969482422,150.22999572753906,146.0,147.19000244140625,75981900
2022-10-25,149.54949951171875,152.33999633789062,152.49000549316406,149.36000061035156,150.08999633789062,74732300
2022-10-26,146.61428833007812,149.35000610351562,151.99000549316406,148.0399932861328,150.9600067138672,88194300
2022-10-27,142.14764404296875,144.8000030517578,149.0500030517578,144.1300048828125,148.07000732421875,109180200
2022-10-28,152.8872528076172,155.74000549316406,157.5,147.82000732421875,148.1999969482422,164762400
2022-10-31,150.5312042236328,153.33999633789062,154.24000549316406,151.9199981689453,153.16000366210938,97943200
2022-11-01,147.89048767089844,150.64999389648438,155.4499969482422,149.1300048828125,155.0800018310547,80379300
2022-11-02,142.3734130859375,145.02999877929688,152.1699981689453,145.0,148.9499969482422,93604600
2022-11-03,136.33609008789062,138.8800048828125,142.8000030517578,138.75,142.05999755859375,97918500
2022-11-04,136.07057189941406,138.3800048828125,142.6699981689453,134.3800048828125,142.08999633789062,140814800
2022-11-07,136.60157775878906,138.9199981689453,139.14999389648438,135.6699981689453,137.11000061035156,83374600
2022-11-08,137.17189025878906,139.5,141.42999267578125,137.49000549316406,140.41000366210938,89908500
2022-11-09,132.619140625,134.8699951171875,138.5500030517578,134.58999633789062,138.5,74917800
2022-11-10,144.4188690185547,146.8699951171875,146.8699951171875,139.5,141.24000549316406,118854000
2022-11-11,147.20164489746094,149.6999969482422,150.00999450683594,144.3699951171875,145.82000732421875,93979700
2022-11-14,145.80535888671875,148.27999877929688,150.27999877929688,147.42999267578125,148.97000122070312,73374100
2022-11-15,147.53599548339844,150.0399932861328,153.58999633789062,148.55999755859375,152.22000122070312,89868300
2022-11-16,146.30685424804688,148.7899932861328,149.8699951171875,147.2899932861328,149.1300048828125,64218300
2022-11-17,148.2046661376953,150.72000122070312,151.47999572753906,146.14999389648438,146.42999267578125,80389400
2022-11-18,148.76512145996094,151.2899932861328,152.6999969482422,149.97000122070312,152.30999755859375,74829600
2022-11-21,145.5398406982422,148.00999450683594,150.3699951171875,147.72000122070312,150.16000366210938,58724100
2022-11-22,147.67361450195312,150.17999267578125,150.4199981689453,146.92999267578125,148.1300048828125,51804100
2022-11-23,148.54881286621094,151.07000732421875,151.8300018310547,149.33999633789062,149.4499969482422,58301400
2022-11-25,145.63819885253906,148.11000061035156,148.8800048828125,147.1199951171875,148.30999755859375,35195900
2022-11-28,141.81314086914062,144.22000122070312,146.63999938964844,143.3800048828125,145.13999938964844,69246000
2022-11-29,138.81407165527344,141.1699981689453,144.80999755859375,140.35000610351562,144.2899932861328,83763800
2022-11-30,145.5595245361328,148.02999877929688,148.72000122070312,140.5500030517578,141.39999389648438,111380900
2022-12-01,145.8348846435547,148.30999755859375,149.1300048828125,146.61000061035156,148.2100067138672,71250400
2022-12-02,145.3432159423828,147.80999755859375,148.0,145.64999389648438,145.9600067138672,65447400
2022-12-05,144.1829071044922,146.6300048828125,150.9199981689453,145.77000427246094,147.77000427246094,68826400
2022-12-06,140.5249786376953,142.91000366210938,147.3000030517578,141.9199981689453,147.07000732421875,64727200
2022-12-07,138.58782958984375,140.94000244140625,143.3699951171875,140.0,142.19000244140625,69721100
2022-12-08,140.26931762695312,142.64999389648438,143.52000427246094,141.10000610351562,142.36000061035156,62128300
2022-12-09,139.7874755859375,142.16000366210938,145.57000732421875,140.89999389648438,142.33999633789062,76097000
2022-12-12,142.07862854003906,144.49000549316406,144.5,141.05999755859375,142.6999969482422,70462700
2022-12-13,143.0422821044922,145.47000122070312,149.97000122070312,144.24000549316406,149.5,93886200
2022-12-14,140.8199920654297,143.2100067138672,146.66000366210938,141.16000366210938,145.35000610351562,82291200
2022-12-15,134.22193908691406,136.5,141.8000030517578,136.02999877929688,141.11000061035156,98931900
2022-12-16,132.2651824951172,134.50999450683594,137.64999389648438,133.72999572753906,136.69000244140625,160156900
2022-12-19,130.16085815429688,132.3699951171875,135.1999969482422,131.32000732421875,135.11000061035156,79592600
2022-12-20,130.09201049804688,132.3000030517578,133.25,129.88999938964844,131.38999938964844,77432800
2022-12-21,133.18948364257812,135.4499969482422,136.80999755859375,132.75,132.97999572753906,85928000
2022-12-22,130.02322387695312,132.22999572753906,134.55999755859375,130.3000030517578,134.35000610351562,77852100
2022-12-23,129.65940856933594,131.86000061035156,132.4199981689453,129.63999938964844,130.9199981689453,63814900
2022-12-27,127.85992431640625,130.02999877929688,131.41000366210938,128.72000122070312,131.3800048828125,69007800
2022-12-28,123.93653106689453,126.04000091552734,131.02999877929688,125.87000274658203,129.6699981689453,85438400
2022-12-29,127.44693756103516,129.61000061035156,130.47999572753906,127.7300033569336,127.98999786376953,75703700
2022-12-30,127.76161193847656,129.92999267578125,129.9499969482422,127.43000030517578,128.41000366210938,77034200
2023-01-03,122.98272705078125,125.06999969482422,130.89999389648438,124.16999816894531,130.27999877929688,112117500
2023-01-04,124.25119018554688,126.36000061035156,128.66000366210938,125.08000183105469,126.88999938964844,89113600
2023-01-05,122.93354797363281,125.0199966430664,127.7699966430664,124.76000213623047,127.12999725341797,80962700
2023-01-06,127.45677947998047,129.6199951171875,130.2899932861328,124.88999938964844,126.01000213623047,87754700
2023-01-09,127.97791290283203,130.14999389648438,133.41000366210938,129.88999938964844,130.47000122070312,70790800
2023-01-10,128.54823303222656,130.72999572753906,131.25999450683594,128.1199951171875,130.25999450683594,63896200
2023-01-11,131.26219177246094,133.49000549316406,133.50999450683594,130.4600067138672,131.25,69458900
2023-01-12,131.1835174560547,133.41000366210938,134.25999450683594,131.44000244140625,133.8800048828125,71379600
2023-01-13,132.510986328125,134.75999450683594,134.9199981689453,131.66000366210938,132.02999877929688,57809700
2023-01-17,133.67129516601562,135.94000244140625,137.2899932861328,134.1300048828125,134.8300018310547,63646600
2023-01-18,132.9534912109375,135.2100067138672,138.61000061035156,135.02999877929688,136.82000732421875,69672800
2023-01-19,133.01251220703125,135.27000427246094,136.25,133.77000427246094,134.0800018310547,58280400
2023-01-20,135.569091796875,137.8699951171875,138.02000427246094,134.22000122070312,135.27999877929688,80223600
2023-01-23,138.75503540039062,141.11000061035156,143.32000732421875,137.89999389648438,138.1199951171875,81760300
2023-01-24,140.1513214111328,142.52999877929688,143.16000366210938,140.3000030517578,140.30999755859375,66435100
2023-01-25,139.49253845214844,141.86000061035156,142.42999267578125,138.80999755859375,140.88999938964844,65799300
2023-01-26,141.55746459960938,143.9600067138672,144.25,141.89999389648438,143.1699981689453,54105100
2023-01-27,143.49456787109375,145.92999267578125,147.22999572753906,143.0800018310547,143.16000366210938,70555800
2023-01-30,140.61349487304688,143.0,145.5500030517578,142.85000610351562,144.9600067138672,64015300
2023-01-31,141.88197326660156,144.2899932861328,144.33999633789062,142.27999877929688,142.6999969482422,65874500
2023-02-01,143.00294494628906,145.42999267578125,146.61000061035156,141.32000732421875,143.97000122070312,77663600
2023-02-02,148.30299377441406,150.82000732421875,151.17999267578125,148.1699981689453,148.89999389648438,118339000
2023-02-03,151.92153930664062,154.5,157.3800048828125,147.8300018310547,148.02999877929688,154357300
2023-02-06,149.19776916503906,151.72999572753906,153.10000610351562,150.77999877929688,152.57000732421875,69858300
2023-02-07,152.0690460205078,154.64999389648438,155.22999572753906,150.63999938964844,150.63999938964844,83322600
2023-02-08,149.38462829589844,151.9199981689453,154.5800018310547,151.1699981689453,153.8800048828125,64120100
2023-02-09,148.35211181640625,150.8699951171875,154.3300018310547,150.4199981689453,153.77999877929688,56007100
2023-02-10,148.7165069580078,151.00999450683594,151.33999633789062,149.22000122070312,149.4600067138672,57450700
2023-02-13,151.51339721679688,153.85000610351562,154.25999450683594,150.9199981689453,150.9499969482422,62199000
2023-02-14,150.87327575683594,153.1999969482422,153.77000427246094,150.86000061035156,152.1199951171875,61707600
2023-02-15,152.970947265625,155.3300018310547,155.5,152.8800048828125,153.11000061035156,65573800
2023-02-16,151.37550354003906,153.7100067138672,156.3300018310547,153.35000610351562,153.50999450683594,68167900
2023-02-17,150.23313903808594,152.5500030517578,153.0,150.85000610351562,152.35000610351562,59144100
2023-02-21,146.22494506835938,148.47999572753906,151.3000030517578,148.41000366210938,150.1999969482422,58867200
2023-02-22,146.64840698242188,148.91000366210938,149.9499969482422,147.16000366210938,148.8699951171875,51011300
2023-02-23,147.13095092773438,149.39999389648438,150.33999633789062,147.24000549316406,150.08999633789062,48394200
2023-02-24,144.48184204101562,146.7100067138672,147.19000244140625,145.72000122070312,147.11000061035156,55469600
2023-02-27,145.67344665527344,147.9199981689453,149.1699981689453,147.4499969482422,147.7100067138672,44998500
2023-02-28,145.17120361328125,147.41000366210938,149.0800018310547,146.8300018310547,147.0500030517578,50547000
2023-03-01,143.1031036376953,145.30999755859375,147.22999572753906,145.00999450683594,146.8300018310547,55479000
2023-03-02,143.69400024414062,145.91000366210938,146.7100067138672,143.89999389648438,144.3800048828125,52238100
2023-03-03,148.73622131347656,151.02999877929688,151.11000061035156,147.3300018310547,148.0399932861328,70732300
2023-03-06,151.49371337890625,153.8300018310547,156.3000030517578,153.4600067138672,153.7899932861328,87558000
2023-03-07,149.2975616455078,151.60000610351562,154.02999877929688,151.1300048828125,153.6999969482422,56182000
2023-03-08,150.54827880859375,152.8699951171875,153.47000122070312,151.8300018310547,152.80999755859375,47204800
2023-03-09,148.30288696289062,150.58999633789062,154.5399932861328,150.22999572753906,153.55999755859375,53833600
2023-03-10,146.24462890625,148.5,150.94000244140625,147.61000061035156,150.2100067138672,68572400
2023-03-13,148.18472290039062,150.47000122070312,153.13999938964844,147.6999969482422,147.80999755859375,84457100
2023-03-14,150.27252197265625,152.58999633789062,153.39999389648438,150.10000610351562,151.27999877929688,73695900
2023-03-15,150.66647338867188,152.99000549316406,153.25,149.9199981689453,151.19000244140625,77167900
2023-03-16,153.4830322265625,155.85000610351562,156.4600067138672,151.63999938964844,152.16000366210938,76161100
2023-03-17,152.6459197998047,155.0,156.74000549316406,154.27999877929688,156.0800018310547,98944600
2023-03-20,155.0094757080078,157.39999389648438,157.82000732421875,154.14999389648438,155.07000732421875,73641400
2023-03-21,156.86093139648438,159.27999877929688,159.39999389648438,156.5399932861328,157.32000732421875,73938300
2023-03-22,155.4329376220703,157.8300018310547,162.13999938964844,157.80999755859375,159.3000030517578,75701800
2023-03-23,156.5162353515625,158.92999267578125,161.5500030517578,157.67999267578125,158.8300018310547,67622100
2023-03-24,157.816162109375,160.25,160.33999633789062,157.85000610351562,158.86000061035156,59196500
2023-03-27,155.87611389160156,158.27999877929688,160.77000427246094,157.8699951171875,159.94000244140625,52390300
2023-03-28,155.2556915283203,157.64999389648438,158.49000549316406,155.97999572753906,157.97000122070312,45992200
2023-03-29,158.32827758789062,160.77000427246094,161.0500030517578,159.35000610351562,159.3699951171875,51305700
2023-03-30,159.89418029785156,162.36000061035156,162.47000122070312,161.27000427246094,161.52999877929688,49501700
2023-03-31,162.39552307128906,164.89999389648438,165.0,161.91000366210938,162.44000244140625,68749800
2023-04-03,163.64625549316406,166.1699981689453,166.2899932861328,164.22000122070312,164.27000427246094,56976200
2023-04-04,163.114501953125,165.6300048828125,166.83999633789062,165.11000061035156,166.60000610351562,46278300
2023-04-05,161.27285766601562,163.75999450683594,165.0500030517578,161.8000030517578,164.74000549316406,51511700
2023-04-06,162.1592559814453,164.66000366210938,164.9600067138672,162.0,162.42999267578125,45390100
2023-04-10,159.5691680908203,162.02999877929688,162.02999877929688,160.0800018310547,161.4199981689453,47716900
2023-04-11,158.35784912109375,160.8000030517578,162.36000061035156,160.50999450683594,162.35000610351562,47644200
2023-04-12,157.6685028076172,160.10000610351562,162.05999755859375,159.77999877929688,161.22000122070312,50133100
2023-04-13,163.04556274414062,165.55999755859375,165.8000030517578,161.4199981689453,161.6300048828125,68445600
2023-04-14,162.7008819580078,165.2100067138672,166.32000732421875,163.82000732421875,164.58999633789062,49386500
2023-04-17,162.72052001953125,165.22999572753906,165.38999938964844,164.02999877929688,165.08999633789062,41516200
2023-04-18,163.94174194335938,166.47000122070312,167.41000366210938,165.64999389648438,166.10000610351562,49923000
2023-04-19,165.0841064453125,167.6300048828125,168.16000366210938,165.5399932861328,165.8000030517578,47720200
2023-04-20,164.11900329589844,166.64999389648438,167.8699951171875,165.55999755859375,166.08999633789062,52456400
2023-04-21,162.5137481689453,165.02000427246094,166.4499969482422,164.49000549316406,165.0500030517578,58337300
2023-04-24,162.8190155029297,165.3300018310547,165.60000610351562,163.88999938964844,165.0,41949600
2023-04-25,161.2827606201172,163.77000427246094,166.30999755859375,163.72999572753906,165.19000244140625,48714100
2023-04-26,161.27285766601562,163.75999450683594,165.27999877929688,162.8000030517578,163.05999755859375,45498800
2023-04-27,165.85227966308594,168.41000366210938,168.55999755859375,165.19000244140625,165.19000244140625,64902300
2023-04-28,167.10296630859375,169.67999267578125,169.85000610351562,167.8800048828125,168.49000549316406,55275900
2023-05-01,167.0143585205078,169.58999633789062,170.4499969482422,168.63999938964844,169.27999877929688,52472900
2023-05-02,165.9803009033203,168.5399932861328,170.35000610351562,167.5399932861328,170.08999633789062,48425700
2023-05-03,164.9068603515625,167.4499969482422,170.9199981689453,167.16000366210938,169.5,65136000
2023-05-04,163.27203369140625,165.7899932861328,167.0399932861328,164.30999755859375,164.88999938964844,81235400
2023-05-05,170.93389892578125,173.57000732421875,174.3000030517578,170.75999450683594,170.97999572753906,113453200
2023-05-08,170.8649444580078,173.5,173.85000610351562,172.11000061035156,172.47999572753906,55962800
2023-05-09,169.16123962402344,171.77000427246094,173.5399932861328,171.60000610351562,173.0500030517578,45326900
2023-05-10,170.92404174804688,173.55999755859375,174.02999877929688,171.89999389648438,173.02000427246094,53724500
2023-05-11,171.11117553710938,173.75,174.58999633789062,172.1699981689453,173.85000610351562,49514700
2023-05-12,170.18414306640625,172.57000732421875,174.05999755859375,171.0,173.6199951171875,45533100
2023-05-15,169.69110107421875,172.07000732421875,173.2100067138672,171.47000122070312,173.16000366210938,37266700
2023-05-16,169.69110107421875,172.07000732421875,173.13999938964844,171.8000030517578,171.99000549316406,42110300
2023-05-17,170.302490234375,172.69000244140625,172.92999267578125,170.4199981689453,171.7100067138672,57951600
2023-05-18,172.62986755371094,175.0500030517578,175.24000549316406,172.5800018310547,173.0,65496700
2023-05-19,172.7383575439453,175.16000366210938,176.38999938964844,174.94000244140625,176.38999938964844,55809500
2023-05-22,171.79159545898438,174.1999969482422,174.7100067138672,173.4499969482422,173.97999572753906,43570900
2023-05-23,169.18812561035156,171.55999755859375,173.3800048828125,171.27999877929688,173.1300048828125,50747300
2023-05-24,169.4642333984375,171.83999633789062,172.4199981689453,170.52000427246094,171.08999633789062,45143500
2023-05-25,170.59835815429688,172.99000549316406,173.89999389648438,171.69000244140625,172.41000366210938,56058300
2023-05-26,173.004638671875,175.42999267578125,175.77000427246094,173.11000061035156,173.32000732421875,54835000
2023-05-30,174.84873962402344,177.3000030517578,178.99000549316406,176.57000732421875,176.9600067138672,55964400
2023-05-31,174.79945373535156,177.25,179.35000610351562,176.75999450683594,177.3300018310547,99625300
2023-06-01,177.60018920898438,180.08999633789062,180.1199951171875,176.92999267578125,177.6999969482422,68901800
2023-06-02,178.4482879638672,180.9499969482422,181.77999877929688,179.25999450683594,181.02999877929688,61996900
2023-06-05,177.09725952148438,179.5800018310547,184.9499969482422,178.0399932861328,182.6300048828125,121946500
2023-06-06,176.7323455810547,179.2100067138672,180.1199951171875,177.42999267578125,179.97000122070312,64848400
2023-06-07,175.361572265625,177.82000732421875,181.2100067138672,177.32000732421875,178.44000244140625,61944600
2023-06-08,178.0735626220703,180.57000732421875,180.83999633789062,177.4600067138672,177.89999389648438,50214900
2023-06-09,178.4581756591797,180.9600067138672,182.22999572753906,180.6300048828125,181.5,48900000
2023-06-12,181.24900817871094,183.7899932861328,183.88999938964844,180.97000122070312,181.27000427246094,54274900
2023-06-13,180.775634765625,183.30999755859375,184.14999389648438,182.44000244140625,182.8000030517578,54929100
2023-06-14,181.4068603515625,183.9499969482422,184.38999938964844,182.02000427246094,183.3699951171875,57462900
2023-06-15,183.43832397460938,186.00999450683594,186.52000427246094,183.77999877929688,183.9600067138672,65433200
2023-06-16,182.3634490966797,184.9199981689453,186.99000549316406,184.27000427246094,186.72999572753906,101256200
2023-06-20,182.4521484375,185.00999450683594,186.10000610351562,184.41000366210938,184.41000366210938,49799100
2023-06-21,181.41668701171875,183.9600067138672,185.41000366210938,182.58999633789062,184.89999389648438,49515700
2023-06-22,184.4146728515625,187.0,187.0500030517578,183.6699981689453,183.74000549316406,51245300
2023-06-23,184.09906005859375,186.67999267578125,187.55999755859375,185.00999450683594,185.5500030517578,53117000
2023-06-26,182.70858764648438,185.27000427246094,188.0500030517578,185.22999572753906,186.8300018310547,48088700
2023-06-27,185.4600067138672,188.05999755859375,188.38999938964844,185.6699981689453,185.88999938964844,50730800
2023-06-28,186.63352966308594,189.25,189.89999389648438,187.60000610351562,187.92999267578125,51216800
2023-06-29,186.96884155273438,189.58999633789062,190.07000732421875,188.94000244140625,189.0800018310547,46347300
2023-06-30,191.2882843017578,193.97000122070312,194.47999572753906,191.25999450683594,191.6300048828125,85213200
2023-07-03,189.79917907714844,192.4600067138672,193.8800048828125,191.75999450683594,193.77999877929688,31458200
2023-07-05,188.6847686767578,191.3300018310547,192.97999572753906,190.6199951171875,191.57000732421875,46920300
2023-07-06,189.1581573486328,191.80999755859375,192.02000427246094,189.1999969482422,189.83999633789062,45094300
2023-07-07,188.04379272460938,190.67999267578125,192.6699981689453,190.24000549316406,191.41000366210938,46815000
2023-07-10,186.0023651123047,188.61000061035156,189.99000549316406,187.0399932861328,189.25999450683594,59922200
2023-07-11,185.47970581054688,188.0800018310547,189.3000030517578,186.60000610351562,189.16000366210938,46638100
2023-07-12,187.14633178710938,189.77000427246094,191.6999969482422,188.47000122070312,189.67999267578125,60750200
2023-07-13,187.90567016601562,190.5399932861328,191.19000244140625,189.77999877929688,190.5,41342300
2023-07-14,188.05364990234375,190.69000244140625,191.17999267578125,189.6300048828125,190.22999572753906,41616200
2023-07-17,191.30799865722656,193.99000549316406,194.32000732421875,191.80999755859375,191.89999389648438,50520200
2023-07-18,191.05162048339844,193.72999572753906,194.3300018310547,192.4199981689453,193.35000610351562,48288200
2023-07-19,192.40264892578125,195.10000610351562,198.22999572753906,192.64999389648438,193.10000610351562,80507300
2023-07-20,190.4599151611328,193.1300048828125,196.47000122070312,192.5,195.08999633789062,59581200
2023-07-21,189.28636169433594,191.94000244140625,194.97000122070312,191.22999572753906,194.10000610351562,71951700
2023-07-24,190.08514404296875,192.75,194.91000366210938,192.25,193.41000366210938,45377800
2023-07-25,190.943115234375,193.6199951171875,194.44000244140625,192.9199981689453,193.3300018310547,37283200
2023-07-26,191.8109893798828,194.5,195.63999938964844,193.32000732421875,193.6699981689453,47471900
2023-07-27,190.54864501953125,193.22000122070312,197.1999969482422,192.5500030517578,196.02000427246094,47460200
2023-07-28,193.12257385253906,195.8300018310547,196.6300048828125,194.13999938964844,194.6699981689453,48291400
2023-07-31,193.7340087890625,196.4499969482422,196.49000549316406,195.25999450683594,196.05999755859375,38824100
2023-08-01,192.90562438964844,195.61000061035156,196.72999572753906,195.27999877929688,196.24000549316406,35175100
2023-08-02,189.91751098632812,192.5800018310547,195.17999267578125,191.85000610351562,195.0399932861328,50389300
2023-08-03,188.5270233154297,191.1699981689453,192.3699951171875,190.69000244140625,191.57000732421875,61235200
2023-08-04,179.4739227294922,181.99000549316406,187.3800048828125,181.9199981689453,185.52000427246094,115956800
2023-08-07,176.3773193359375,178.85000610351562,183.1300048828125,177.35000610351562,182.1300048828125,97576100
2023-08-08,177.31419372558594,179.8000030517578,180.27000427246094,177.5800018310547,179.69000244140625,67823000
2023-08-09,175.72647094726562,178.19000244140625,180.92999267578125,177.00999450683594,180.8699951171875,60378500
2023-08-10,175.50949096679688,177.97000122070312,180.75,177.60000610351562,179.47999572753906,54686900
2023-08-11,175.5687255859375,177.7899932861328,178.6199951171875,176.5500030517578,177.32000732421875,52036700
2023-08-14,177.21788024902344,179.4600067138672,179.69000244140625,177.30999755859375,177.97000122070312,43675600
2023-08-15,175.2329864501953,177.4499969482422,179.47999572753906,177.0500030517578,178.8800048828125,43622600
2023-08-16,174.36398315429688,176.57000732421875,178.5399932861328,176.5,177.1300048828125,46964900
2023-08-17,171.82608032226562,174.0,177.50999450683594,173.47999572753906,177.13999938964844,66062900
2023-08-18,172.3099822998047,174.49000549316406,175.10000610351562,171.9600067138672,172.3000030517578,61172200
2023-08-21,173.6431121826172,175.83999633789062,176.1300048828125,173.74000549316406,175.07000732421875,46311900
2023-08-22,175.0157470703125,177.22999572753906,177.67999267578125,176.25,177.05999755859375,42038900
2023-08-23,178.85714721679688,181.1199951171875,181.5500030517578,178.3300018310547,178.52000427246094,52722800
2023-08-24,174.17637634277344,176.3800048828125,181.10000610351562,176.00999450683594,180.6699981689453,54945800
2023-08-25,176.37850952148438,178.61000061035156,179.14999389648438,175.82000732421875,177.3800048828125,51449600
2023-08-28,177.93875122070312,180.19000244140625,180.58999633789062,178.5500030517578,180.08999633789062,43820700
2023-08-29,181.8196563720703,184.1199951171875,184.89999389648438,179.5,179.6999969482422,53003900
2023-08-30,185.30557250976562,187.64999389648438,187.85000610351562,184.74000549316406,184.94000244140625,60813900
2023-08-31,185.52281188964844,187.8699951171875,189.1199951171875,187.47999572753906,187.83999633789062,60794500
2023-09-01,187.09295654296875,189.4600067138672,189.9199981689453,188.27999877929688,189.49000549316406,45766500
2023-09-05,187.32994079589844,189.6999969482422,189.97999572753906,187.61000061035156,188.27999877929688,45280000
2023-09-06,180.62477111816406,182.91000366210938,188.85000610351562,181.47000122070312,188.39999389648438,81755800
2023-09-07,175.34161376953125,177.55999755859375,178.2100067138672,173.5399932861328,175.17999267578125,112488800
2023-09-08,175.95387268066406,178.17999267578125,180.24000549316406,177.7899932861328,178.35000610351562,65551300
2023-09-11,177.11915588378906,179.36000061035156,180.3000030517578,177.33999633789062,180.07000732421875,58953100
2023-09-12,174.0973663330078,176.3000030517578,180.1300048828125,174.82000732421875,179.49000549316406,90370200
2023-09-13,172.03346252441406,174.2100067138672,177.3000030517578,173.97999572753906,176.50999450683594,84267900
2023-09-14,173.54434204101562,175.74000549316406,176.10000610351562,173.5800018310547,174.0,60895800
2023-09-15,172.82347106933594,175.00999450683594,176.5,173.82000732421875,176.47999572753906,109259500
2023-09-18,175.74649047851562,177.97000122070312,179.3800048828125,176.1699981689453,176.47999572753906,67257600
2023-09-19,176.832763671875,179.07000732421875,179.6300048828125,177.1300048828125,177.52000427246094,51826900
2023-09-20,173.29750061035156,175.49000549316406,179.6999969482422,175.39999389648438,179.25999450683594,58436200
2023-09-21,171.7569580078125,173.92999267578125,176.3000030517578,173.86000061035156,174.5500030517578,63149100
2023-09-22,172.60621643066406,174.7899932861328,177.0800018310547,174.0500030517578,174.6699981689453,56725400
2023-09-25,173.880126953125,176.0800018310547,176.97000122070312,174.14999389648438,174.1999969482422,46172700
2023-09-26,169.8115997314453,171.9600067138672,175.1999969482422,171.66000366210938,174.82000732421875,64588900
2023-09-27,168.3007049560547,170.42999267578125,173.0399932861328,169.0500030517578,172.6199951171875,66921800
2023-09-28,168.55743408203125,170.69000244140625,172.02999877929688,167.6199951171875,169.33999633789062,56294400
2023-09-29,169.07095336914062,171.2100067138672,173.07000732421875,170.33999633789062,172.02000427246094,51861100
2023-10-02,171.57920837402344,173.75,174.3000030517578,170.92999267578125,171.22000122070312,52164500
2023-10-03,170.2460479736328,172.39999389648438,173.6300048828125,170.82000732421875,172.25999450683594,49594600
2023-10-04,171.4903564453125,173.66000366210938,174.2100067138672,170.97000122070312,171.08999633789062,53020300
2023-10-05,172.7247314453125,174.91000366210938,175.4499969482422,172.67999267578125,173.7899932861328,48527900
2023-10-06,175.27252197265625,177.49000549316406,177.99000549316406,173.17999267578125,173.8000030517578,57266700
2023-10-09,176.75376892089844,178.99000549316406,179.0500030517578,175.8000030517578,176.80999755859375,42390800
2023-10-10,176.1612548828125,178.38999938964844,179.72000122070312,177.9499969482422,178.10000610351562,43698000
2023-10-11,177.5536651611328,179.8000030517578,179.85000610351562,177.60000610351562,178.1999969482422,47551100
2023-10-12,178.45225524902344,180.7100067138672,182.33999633789062,179.0399932861328,180.07000732421875,56743100
2023-10-13,176.6155242919922,178.85000610351562,181.92999267578125,178.13999938964844,181.4199981689453,51427100
2023-10-16,176.4871063232422,178.72000122070312,179.0800018310547,176.50999450683594,176.75,52517000
2023-10-17,174.93675231933594,177.14999389648438,178.4199981689453,174.8000030517578,176.64999389648438,57549400
2023-10-18,173.6431121826172,175.83999633789062,177.5800018310547,175.11000061035156,175.5800018310547,54764400
2023-10-19,173.2678680419922,175.4600067138672,177.83999633789062,175.19000244140625,176.0399932861328,59302900
2023-10-20,170.72007751464844,172.8800048828125,175.4199981689453,172.63999938964844,175.30999755859375,64244000
2023-10-23,170.83859252929688,173.0,174.00999450683594,169.92999267578125,170.91000366210938,55980100
2023-10-24,171.2731170654297,173.44000244140625,173.6699981689453,171.4499969482422,173.0500030517578,43816600
2023-10-25,168.96234130859375,171.10000610351562,173.05999755859375,170.64999389648438,171.8800048828125,57157000
2023-10-26,164.80491638183594,166.88999938964844,171.3800048828125,165.6699981689453,170.3699951171875,70625300
2023-10-27,166.11830139160156,168.22000122070312,168.9600067138672,166.8300018310547,166.91000366210938,58499100
2023-10-30,168.16246032714844,170.2899932861328,171.1699981689453,168.8699951171875,169.02000427246094,51131000
2023-10-31,168.63644409179688,170.77000427246094,170.89999389648438,167.89999389648438,169.35000610351562,44846000
2023-11-01,171.7964630126953,173.97000122070312,174.22999572753906,170.1199951171875,171.0,56934900
2023-11-02,175.35150146484375,177.57000732421875,177.77999877929688,175.4600067138672,175.52000427246094,77334800
2023-11-03,174.44296264648438,176.64999389648438,176.82000732421875,173.35000610351562,174.24000549316406,79829200
2023-11-06,176.99075317382812,179.22999572753906,179.42999267578125,176.2100067138672,176.3800048828125,63841300
2023-11-07,179.54843139648438,181.82000732421875,182.44000244140625,178.97000122070312,179.17999267578125,70530000
2023-11-08,180.6050262451172,182.88999938964844,183.4499969482422,181.58999633789062,182.35000610351562,49340300
2023-11-09,180.1310272216797,182.41000366210938,184.1199951171875,181.80999755859375,182.9600067138672,53763500
2023-11-10,184.3136749267578,186.39999389648438,186.57000732421875,183.52999877929688,183.97000122070312,66133400
2023-11-13,182.7315673828125,184.8000030517578,186.02999877929688,184.2100067138672,185.82000732421875,43627500
2023-11-14,185.342041015625,187.44000244140625,188.11000061035156,186.3000030517578,187.6999969482422,60108400
2023-11-15,185.90565490722656,188.00999450683594,189.5,187.77999877929688,187.85000610351562,53790500
2023-11-16,187.586669921875,189.7100067138672,190.9600067138672,188.64999389648438,189.57000732421875,54412900
2023-11-17,187.56686401367188,189.69000244140625,190.3800048828125,188.57000732421875,190.25,50922700
2023-11-20,189.30715942382812,191.4499969482422,191.91000366210938,189.8800048828125,189.88999938964844,46505100
2023-11-21,188.5062255859375,190.63999938964844,191.52000427246094,189.74000549316406,191.41000366210938,38134500
2023-11-22,189.168701171875,191.30999755859375,192.92999267578125,190.8300018310547,191.49000549316406,39617700
2023-11-24,187.84373474121094,189.97000122070312,190.89999389648438,189.25,190.8699951171875,24048300
2023-11-27,187.66574096679688,189.7899932861328,190.6699981689453,188.89999389648438,189.9199981689453,40552600
2023-11-28,188.26890563964844,190.39999389648438,191.0800018310547,189.39999389648438,189.77999877929688,38415400
2023-11-29,187.2504425048828,189.3699951171875,192.08999633789062,188.97000122070312,190.89999389648438,43014200
2023-11-30,187.82394409179688,189.9499969482422,190.32000732421875,188.19000244140625,189.83999633789062,48794400
2023-12-01,189.09951782226562,191.24000549316406,191.55999755859375,189.22999572753906,190.3300018310547,45704800
2023-12-04,187.30975341796875,189.42999267578125,190.0500030517578,187.4499969482422,189.97999572753906,43389500
2023-12-05,191.255126953125,193.4199981689453,194.39999389648438,190.17999267578125,190.2100067138672,66628400
2023-12-06,190.16741943359375,192.32000732421875,194.75999450683594,192.11000061035156,194.4499969482422,41089700
2023-12-07,192.09559631347656,194.27000427246094,195.0,193.58999633789062,193.6300048828125,47477700
2023-12-08,193.51950073242188,195.7100067138672,195.99000549316406,193.6699981689453,194.1999969482422,53406400
2023-12-11,191.01779174804688,193.17999267578125,193.49000549316406,191.4199981689453,193.11000061035156,60943700
2023-12-12,192.5306854248047,194.7100067138672,194.72000122070312,191.72000122070312,193.0800018310547,52696900
2023-12-13,195.7443084716797,197.9600067138672,198.0,194.85000610351562,195.08999633789062,70404200
2023-12-14,195.8926239013672,198.11000061035156,199.6199951171875,196.16000366210938,198.02000427246094,66831600
2023-12-15,195.35867309570312,197.57000732421875,198.39999389648438,197.0,197.52999877929688,128538400
2023-12-18,193.69747924804688,195.88999938964844,196.6300048828125,194.38999938964844,196.08999633789062,55751900
2023-12-19,194.73573303222656,196.94000244140625,196.9499969482422,195.88999938964844,196.16000366210938,40714100
2023-12-20,192.64932250976562,194.8300018310547,197.67999267578125,194.8300018310547,196.89999389648438,52242800
2023-12-21,192.5009765625,194.67999267578125,197.0800018310547,193.5,196.10000610351562,46482500
2023-12-22,191.43309020996094,193.60000610351562,195.41000366210938,192.97000122070312,195.17999267578125,37149600
2023-12-26,190.88926696777344,193.0500030517578,193.88999938964844,192.8300018310547,193.61000061035156,28919300
2023-12-27,190.98812866210938,193.14999389648438,193.5,191.08999633789062,192.49000549316406,48087700
2023-12-28,191.413330078125,193.5800018310547,194.66000366210938,193.1699981689453,194.13999938964844,34049900
2023-12-29,190.37506103515625,192.52999877929688,194.39999389648438,191.72999572753906,193.89999389648438,42672100
2024-01-02,183.56216430664062,185.63999938964844,188.44000244140625,183.88999938964844,187.14999389648438,82488700
2024-01-03,182.18771362304688,184.25,185.8800048828125,183.42999267578125,184.22000122070312,58414500
2024-01-04,179.87393188476562,181.91000366210938,183.08999633789062,180.8800048828125,182.14999389648438,71983600
2024-01-05,179.15208435058594,181.17999267578125,182.75999450683594,180.1699981689453,181.99000549316406,62379700
2024-01-08,183.4830780029297,185.55999755859375,185.60000610351562,181.5,182.08999633789062,59144500
2024-01-09,183.0677947998047,185.13999938964844,185.14999389648438,182.72999572753906,183.9199981689453,42841800
2024-01-10,184.1060028076172,186.19000244140625,186.39999389648438,183.9199981689453,184.35000610351562,46792900
2024-01-11,183.5127410888672,185.58999633789062,187.0500030517578,183.6199951171875,186.5399932861328,49128400
2024-01-12,183.83901977539062,185.9199981689453,186.74000549316406,185.19000244140625,186.05999755859375,40477800
2024-01-16,181.57469177246094,183.6300048828125,184.25999450683594,180.92999267578125,182.16000366210938,65603000
2024-01-17,180.63528442382812,182.67999267578125,182.92999267578125,180.3000030517578,181.27000427246094,47317400
2024-01-18,186.51873779296875,188.6300048828125,189.13999938964844,185.8300018310547,186.08999633789062,78005800
2024-01-19,189.4159393310547,191.55999755859375,191.9499969482422,188.82000732421875,189.3300018310547,68903000
2024-01-22,191.71981811523438,193.88999938964844,195.3300018310547,192.25999450683594,192.3000030517578,60133900
2024-01-23,192.99539184570312,195.17999267578125,195.75,193.8300018310547,195.02000427246094,42355600
2024-01-24,192.322998046875,194.5,196.3800048828125,194.33999633789062,195.4199981689453,53631300
2024-01-25,191.99671936035156,194.1699981689453,196.27000427246094,193.11000061035156,195.22000122070312,54822100
2024-01-26,190.2662811279297,192.4199981689453,194.75999450683594,191.94000244140625,194.27000427246094,44594000
2024-01-29,189.58401489257812,191.72999572753906,192.1999969482422,189.5800018310547,192.00999450683594,47145600
2024-01-30,185.935302734375,188.0399932861328,191.8000030517578,187.47000122070312,190.94000244140625,55859400
2024-01-31,182.33607482910156,184.39999389648438,187.10000610351562,184.35000610351562,187.0399932861328,55467800
2024-02-01,184.76853942871094,186.86000061035156,186.9499969482422,183.82000732421875,183.99000549316406,64885400
2024-02-02,183.76983642578125,185.85000610351562,187.3300018310547,179.25,179.86000061035156,102551700
2024-02-05,185.57936096191406,187.67999267578125,189.25,185.83999633789062,188.14999389648438,69668800
2024-02-06,187.18124389648438,189.3000030517578,189.30999755859375,186.77000427246094,186.86000061035156,43490800
2024-02-07,187.29000854492188,189.41000366210938,191.0500030517578,188.61000061035156,190.63999938964844,53439000
2024-02-08,186.2122039794922,188.32000732421875,189.5399932861328,187.35000610351562,189.38999938964844,40962000
2024-02-09,186.97454833984375,188.85000610351562,189.99000549316406,188.0,188.64999389648438,45155200
2024-02-12,185.2914276123047,187.14999389648438,188.6699981689453,186.7899932861328,188.4199981689453,41781900
2024-02-13,183.20236206054688,185.0399932861328,186.2100067138672,183.50999450683594,185.77000427246094,56529500
2024-02-14,182.32122802734375,184.14999389648438,185.52999877929688,182.44000244140625,185.32000732421875,54630500
2024-02-15,182.03408813476562,183.86000061035156,184.49000549316406,181.35000610351562,183.5500030517578,65434500
2024-02-16,180.49948120117188,182.30999755859375,184.85000610351562,181.6699981689453,183.4199981689453,49752500
2024-02-20,179.75692749023438,181.55999755859375,182.42999267578125,180.0,181.7899932861328,53665600
2024-02-21,180.50938415527344,182.32000732421875,182.88999938964844,180.66000366210938,181.94000244140625,41371400
2024-02-22,182.5390167236328,184.3699951171875,184.9600067138672,182.4600067138672,183.47999572753906,52292200
2024-02-23,180.70742797851562,182.52000427246094,185.0399932861328,182.22999572753906,185.00999450683594,45119700
2024-02-26,179.3609161376953,181.16000366210938,182.75999450683594,180.64999389648438,182.24000549316406,40867400
2024-02-27,180.81629943847656,182.6300048828125,183.9199981689453,179.55999755859375,181.10000610351562,54318900
2024-02-28,179.6183319091797,181.4199981689453,183.1199951171875,180.1300048828125,182.50999450683594,48953900
2024-02-29,178.95498657226562,180.75,182.57000732421875,179.52999877929688,181.27000427246094,136682600
2024-03-01,177.8758087158203,179.66000366210938,180.52999877929688,177.3800048828125,179.5500030517578,73563100
2024-03-04,173.36109924316406,175.10000610351562,176.89999389648438,173.7899932861328,176.14999389648438,81510100
2024-03-05,168.4305419921875,170.1199951171875,172.0399932861328,169.6199951171875,170.75999450683594,95132400
2024-03-06,167.44049072265625,169.1199951171875,171.24000549316406,168.67999267578125,171.05999755859375,68587700
2024-03-07,167.32167053222656,169.0,170.72999572753906,168.49000549316406,169.14999389648438,71765100
2024-03-08,169.03448486328125,170.72999572753906,173.6999969482422,168.94000244140625,169.0,76267000
2024-03-11,171.03440856933594,172.75,174.3800048828125,172.0500030517578,172.94000244140625,60139500
2024-03-12,171.5096435546875,173.22999572753906,174.02999877929688,171.00999450683594,173.14999389648438,59825400
2024-03-13,169.43052673339844,171.1300048828125,173.19000244140625,170.75999450683594,172.77000427246094,52488700
2024-03-14,171.28195190429688,173.0,174.30999755859375,172.0500030517578,172.91000366210938,72913500
2024-03-15,170.90573120117188,172.6199951171875,172.6199951171875,170.2899932861328,171.1699981689453,121752700
2024-03-18,171.99481201171875,173.72000122070312,177.7100067138672,173.52000427246094,175.57000732421875,75604200
2024-03-19,174.33135986328125,176.0800018310547,176.61000061035156,173.02999877929688,174.33999633789062,55215200
2024-03-20,176.8956298828125,178.6699981689453,178.6699981689453,175.08999633789062,175.72000122070312,53423100
2024-03-21,169.66812133789062,171.3699951171875,177.49000549316406,170.83999633789062,177.0500030517578,106181300
2024-03-22,170.569091796875,172.27999877929688,173.0500030517578,170.05999755859375,171.75999450683594,71160100
2024-03-25,169.1533203125,170.85000610351562,171.94000244140625,169.4499969482422,170.57000732421875,54288300
2024-03-26,168.02462768554688,169.7100067138672,171.4199981689453,169.5800018310547,170.0,57388400
2024-03-27,171.5888671875,173.30999755859375,173.60000610351562,170.11000061035156,170.41000366210938,60273300
2024-03-28,169.77703857421875,171.47999572753906,172.22999572753906,170.50999450683594,171.75,65672700
2024-04-01,168.34144592285156,170.02999877929688,171.25,169.47999572753906,171.19000244140625,46240500
2024-04-02,167.16326904296875,168.83999633789062,169.33999633789062,168.22999572753906,169.0800018310547,49329500
2024-04-03,167.96522521972656,169.64999389648438,170.67999267578125,168.5800018310547,168.7899932861328,47691700
2024-04-04,167.14344787597656,168.82000732421875,171.9199981689453,168.82000732421875,170.2899932861328,53704400
2024-04-05,167.89590454101562,169.5800018310547,170.38999938964844,168.9499969482422,169.58999633789062,42104800
2024-04-08,166.77716064453125,168.4499969482422,169.1999969482422,168.24000549316406,169.02999877929688,37425500
2024-04-09,167.9850311279297,169.6699981689453,170.0800018310547,168.35000610351562,168.6999969482422,42373800
2024-04-10,166.11378479003906,167.77999877929688,169.08999633789062,167.11000061035156,168.8000030517578,49709300
2024-04-11,173.3016815185547,175.0399932861328,175.4600067138672,168.16000366210938,168.33999633789062,91070300
2024-04-12,174.7967071533203,176.5500030517578,178.36000061035156,174.2100067138672,174.25999450683594,101670900
2024-04-15,170.97503662109375,172.69000244140625,176.6300048828125,172.5,175.36000061035156,73531800
2024-04-16,167.69789123535156,169.3800048828125,173.75999450683594,168.27000427246094,171.75,73711200
2024-04-17,166.33160400390625,168.0,170.64999389648438,168.0,169.61000061035156,50901200
2024-04-18,165.381103515625,167.0399932861328,168.63999938964844,166.5500030517578,168.02999877929688,43122900
2024-04-19,163.3614044189453,165.0,166.39999389648438,164.0800018310547,166.2100067138672,68149400
2024-04-22,164.1930389404297,165.83999633789062,167.25999450683594,164.77000427246094,165.52000427246094,48116400
2024-04-23,165.2425079345703,166.89999389648438,167.0500030517578,164.9199981689453,165.35000610351562,49537800
2024-04-24,167.3414764404297,169.02000427246094,169.3000030517578,166.2100067138672,166.5399932861328,48251800
2024-04-25,168.2028350830078,169.88999938964844,170.61000061035156,168.14999389648438,169.52999877929688,50558300
2024-04-26,167.6186981201172,169.3000030517578,171.33999633789062,169.17999267578125,169.8800048828125,44838400
2024-04-29,171.77696228027344,173.5,176.02999877929688,173.10000610351562,173.3699951171875,68169400
2024-04-30,168.63844299316406,170.3300018310547,174.99000549316406,170.0,173.3300018310547,65934800
2024-05-01,167.6186981201172,169.3000030517578,172.7100067138672,169.11000061035156,169.5800018310547,50383100
2024-05-02,171.31166076660156,173.02999877929688,173.4199981689453,170.88999938964844,172.50999450683594,94214900
2024-05-03,181.55885314941406,183.3800048828125,187.0,182.66000366210938,186.64999389648438,163224100
2024-05-06,179.9054412841797,181.7100067138672,184.1999969482422,180.4199981689453,182.35000610351562,78569700
2024-05-07,180.58859252929688,182.39999389648438,184.89999389648438,181.32000732421875,183.4499969482422,77305800
2024-05-08,180.9252166748047,182.74000549316406,183.07000732421875,181.4499969482422,182.85000610351562,45057100
2024-05-09,182.737060546875,184.57000732421875,184.66000366210938,182.11000061035156,182.55999755859375,48983000
2024-05-10,181.47793579101562,183.0500030517578,185.08999633789062,182.1300048828125,184.89999389648438,50759500
2024-05-13,184.6802215576172,186.27999877929688,187.10000610351562,184.6199951171875,185.44000244140625,72044800
2024-05-14,185.8203582763672,187.42999267578125,188.3000030517578,186.2899932861328,187.50999450683594,52393600
2024-05-15,188.09068298339844,189.72000122070312,190.64999389648438,187.3699951171875,187.91000366210938,70400000
2024-05-16,188.20962524414062,189.83999633789062,191.10000610351562,189.66000366210938,190.47000122070312,52845200
2024-05-17,188.23939514160156,189.8699951171875,190.80999755859375,189.17999267578125,189.50999450683594,41282900
2024-05-20,189.3993377685547,191.0399932861328,191.9199981689453,189.00999450683594,189.3300018310547,44361300
2024-05-21,190.69808959960938,192.35000610351562,192.72999572753906,190.9199981689453,191.08999633789062,42309400
2024-05-22,189.26055908203125,190.89999389648438,192.82000732421875,190.27000427246094,192.27000427246094,34648500
2024-05-23,185.27508544921875,186.8800048828125,191.0,186.6300048828125,190.97999572753906,51005900
2024-05-24,188.3484344482422,189.97999572753906,190.5800018310547,188.0399932861328,188.82000732421875,36327000
2024-05-28,188.35838317871094,189.99000549316406,193.0,189.10000610351562,191.50999450683594,52280100
2024-05-29,188.65576171875,190.2899932861328,192.25,189.50999450683594,189.61000061035156,53068000
2024-05-30,189.64718627929688,191.2899932861328,192.17999267578125,190.6300048828125,190.75999450683594,49889100
2024-05-31,190.5989227294922,192.25,192.57000732421875,189.91000366210938,191.44000244140625,75158300
2024-06-03,192.36366271972656,194.02999877929688,194.99000549316406,192.52000427246094,192.89999389648438,50080500
2024-06-04,192.680908203125,194.35000610351562,195.32000732421875,193.02999877929688,194.63999938964844,47471400
2024-06-05,194.1878662109375,195.8699951171875,196.89999389648438,194.8699951171875,195.39999389648438,54156800
2024-06-06,192.80978393554688,194.47999572753906,196.5,194.1699981689453,195.69000244140625,41181800
2024-06-07,195.1990966796875,196.88999938964844,196.94000244140625,194.13999938964844,194.64999389648438,53103900
2024-06-10,191.46145629882812,193.1199951171875,197.3000030517578,192.14999389648438,196.89999389648438,97010200
2024-06-11,205.37098693847656,207.14999389648438,207.16000366210938,193.6300048828125,193.64999389648438,172373300
2024-06-12,211.24014282226562,213.07000732421875,220.1999969482422,206.89999389648438,207.3699951171875,198134300
2024-06-13,212.40008544921875,214.24000549316406,216.75,211.60000610351562,214.74000549316406,97862700
2024-06-14,210.66513061523438,212.49000549316406,215.1699981689453,211.3000030517578,213.85000610351562,70122700
2024-06-17,214.80921936035156,216.6699981689453,218.9499969482422,212.72000122070312,213.3699951171875,93728300
2024-06-18,212.4496612548828,214.2899932861328,218.6300048828125,213.0,217.58999633789062,79943300
2024-06-20,207.87924194335938,209.67999267578125,214.24000549316406,208.85000610351562,213.92999267578125,86172500
2024-06-21,205.7080841064453,207.49000549316406,211.88999938964844,207.11000061035156,210.38999938964844,241805100
2024-06-24,206.3524627685547,208.13999938964844,212.6999969482422,206.58999633789062,207.72000122070312,80727000
2024-06-25,207.27452087402344,209.07000732421875,211.3800048828125,208.61000061035156,209.14999389648438,55549700
2024-06-26,211.41859436035156,213.25,214.86000061035156,210.63999938964844,211.5,66213200
2024-06-27,212.2613067626953,214.10000610351562,215.74000549316406,212.35000610351562,214.69000244140625,49772700
2024-06-28,208.81118774414062,210.6199951171875,216.07000732421875,210.3000030517578,215.77000427246094,82542700
2024-07-01,214.88853454589844,216.75,217.50999450683594,211.9199981689453,212.08999633789062,60402900
2024-07-02,218.37831115722656,220.27000427246094,220.3800048828125,215.10000610351562,216.14999389648438,58046200
2024-07-03,219.64730834960938,221.5500030517578,221.5500030517578,219.02999877929688,220.0,37369800
2024-07-05,224.3961639404297,226.33999633789062,226.4499969482422,221.64999389648438,221.64999389648438,60412400
2024-07-08,225.86346435546875,227.82000732421875,227.85000610351562,223.25,227.08999633789062,59085900
2024-07-09,226.71609497070312,228.67999267578125,229.39999389648438,226.3699951171875,227.92999267578125,48076100
2024-07-10,230.97914123535156,232.97999572753906,233.0800018310547,229.25,229.3000030517578,62627700
2024-07-11,225.61561584472656,227.57000732421875,232.38999938964844,225.77000427246094,231.38999938964844,64710600
2024-07-12,228.5601043701172,230.5399932861328,232.63999938964844,228.67999267578125,228.9199981689453,53046500
2024-07-15,232.386962890625,234.39999389648438,237.22999572753906,233.08999633789062,236.47999572753906,62631300
2024-07-16,232.8033447265625,234.82000732421875,236.27000427246094,232.3300018310547,235.0,43234300
2024-07-17,226.9143829345703,228.8800048828125,231.4600067138672,226.63999938964844,229.4499969482422,57345900
2024-07-18,222.2547149658203,224.17999267578125,230.44000244140625,222.27000427246094,230.27999877929688,66034600
2024-07-19,222.3836212158203,224.30999755859375,226.8000030517578,223.27999877929688,224.82000732421875,49151500
2024-07-22,222.03663635253906,223.9600067138672,227.77999877929688,223.08999633789062,227.00999450683594,48201800
2024-07-23,223.0775909423828,225.00999450683594,226.94000244140625,222.67999267578125,224.3699951171875,39960300
2024-07-24,216.66314697265625,218.5399932861328,224.8000030517578,217.1300048828125,224.0,61777600
2024-07-25,215.62217712402344,217.49000549316406,220.85000610351562,214.6199951171875,218.92999267578125,51391200
2024-07-26,216.088134765625,217.9600067138672,219.49000549316406,216.00999450683594,218.6999969482422,41601300
2024-07-29,216.36575317382812,218.24000549316406,219.3000030517578,215.75,216.9600067138672,36311800
2024-07-30,216.9209442138672,218.8000030517578,220.3300018310547,216.1199951171875,219.19000244140625,41643800
2024-07-31,220.17276000976562,222.0800018310547,223.82000732421875,220.6300048828125,221.44000244140625,50036300
2024-08-01,216.48472595214844,218.36000061035156,224.47999572753906,217.02000427246094,224.3699951171875,62501000
2024-08-02,217.97183227539062,219.86000061035156,225.60000610351562,217.7100067138672,219.14999389648438,105568600
2024-08-05,207.47276306152344,209.27000427246094,213.5,196.0,199.08999633789062,119548600
2024-08-06,205.45030212402344,207.22999572753906,209.99000549316406,201.07000732421875,205.3000030517578,69660500
2024-08-07,208.01805114746094,209.82000732421875,213.63999938964844,206.38999938964844,206.89999389648438,63516400
2024-08-08,211.47808837890625,213.30999755859375,214.1999969482422,208.8300018310547,213.11000061035156,47161100
2024-08-09,214.38290405273438,216.24000549316406,216.77999877929688,211.97000122070312,212.10000610351562,42201600
2024-08-12,215.91146850585938,217.52999877929688,219.50999450683594,215.60000610351562,216.07000732421875,38028100
2024-08-13,219.62364196777344,221.27000427246094,221.88999938964844,219.00999450683594,219.00999450683594,44155300
2024-08-14,220.07029724121094,221.72000122070312,223.02999877929688,219.6999969482422,220.57000732421875,41960600
2024-08-15,223.04795837402344,224.72000122070312,225.35000610351562,222.75999450683594,224.60000610351562,46414000
2024-08-16,224.36807250976562,226.0500030517578,226.8300018310547,223.64999389648438,223.9199981689453,44340200
2024-08-19,224.20924377441406,225.88999938964844,225.99000549316406,223.0399932861328,225.72000122070312,40687800
2024-08-20,224.82464599609375,226.50999450683594,227.1699981689453,225.4499969482422,225.77000427246094,30299000
2024-08-21,224.71546936035156,226.39999389648438,227.97999572753906,225.0500030517578,226.52000427246094,34765500
2024-08-22,222.859375,224.52999877929688,228.33999633789062,223.89999389648438,227.7899932861328,43695300
2024-08-23,225.15220642089844,226.83999633789062,228.22000122070312,224.3300018310547,225.66000366210938,38677300
2024-08-26,225.48965454101562,227.17999267578125,227.27999877929688,223.88999938964844,226.75999450683594,30602200
2024-08-27,226.3333282470703,228.02999877929688,228.85000610351562,224.88999938964844,226.0,35934600
2024-08-28,224.8048095703125,226.49000549316406,229.86000061035156,225.67999267578125,227.9199981689453,38052200
2024-08-29,228.08026123046875,229.7899932861328,232.9199981689453,228.8800048828125,230.10000610351562,51906300
2024-08-30,227.29612731933594,229.0,230.39999389648438,227.47999572753906,230.19000244140625,52990800
2024-09-03,221.11248779296875,222.77000427246094,229.0,221.1699981689453,228.5500030517578,50190600
2024-09-04,219.20677185058594,220.85000610351562,221.77999877929688,217.47999572753906,221.66000366210938,43840200
2024-09-05,220.7253875732422,222.3800048828125,225.47999572753906,221.52000427246094,221.6300048828125,36615400
2024-09-06,219.17698669433594,220.82000732421875,225.24000549316406,219.77000427246094,223.9499969482422,48423000
2024-09-09,219.26634216308594,220.91000366210938,221.27000427246094,216.7100067138672,220.82000732421875,67180000
2024-09-10,218.47227478027344,220.11000061035156,221.47999572753906,216.72999572753906,218.9199981689453,51591000
2024-09-11,221.0032958984375,222.66000366210938,223.08999633789062,217.88999938964844,221.4600067138672,44587100
2024-09-12,221.11248779296875,222.77000427246094,223.5500030517578,219.82000732421875,222.5,37455600
2024-09-13,220.844482421875,222.5,224.0399932861328,221.91000366210938,223.5800018310547,36766600
2024-09-16,214.71047973632812,216.32000732421875,217.22000122070312,213.9199981689453,216.5399932861328,59357400
2024-09-17,215.1769561767578,216.7899932861328,216.89999389648438,214.5,215.75,45519300
2024-09-18,219.04794311523438,220.69000244140625,222.7100067138672,217.5399932861328,217.5500030517578,59894900
2024-09-19,227.16709899902344,228.8699951171875,229.82000732421875,224.6300048828125,224.99000549316406,66781300
2024-09-20,226.5020751953125,228.1999969482422,233.08999633789062,227.6199951171875,229.97000122070312,318679900
2024-09-23,224.78494262695312,226.47000122070312,229.4499969482422,225.80999755859375,227.33999633789062,54146000
2024-09-24,225.67825317382812,227.3699951171875,229.35000610351562,225.72999572753906,228.64999389648438,43556100
2024-09-25,224.6857147216797,226.3699951171875,227.2899932861328,224.02000427246094,224.92999267578125,42308700
2024-09-26,225.82713317871094,227.52000427246094,228.5,225.41000366210938,227.3000030517578,36636700
2024-09-27,226.09510803222656,227.7899932861328,229.52000427246094,227.3000030517578,228.4600067138672,34026000
2024-09-30,231.26637268066406,233.0,233.0,229.64999389648438,230.0399932861328,54541900
2024-10-01,224.52688598632812,226.2100067138672,229.64999389648438,223.74000549316406,229.52000427246094,63285000
2024-10-02,225.0926513671875,226.77999877929688,227.3699951171875,223.02000427246094,225.88999938964844,32880600
2024-10-03,223.99090576171875,225.6699981689453,226.80999755859375,223.32000732421875,225.13999938964844,34044200
2024-10-04,225.11248779296875,226.8000030517578,228.0,224.1300048828125,227.89999389648438,37245100
2024-10-07,220.04052734375,221.69000244140625,225.69000244140625,221.3300018310547,224.5,39505400
2024-10-08,224.0901641845703,225.77000427246094,225.97999572753906,223.25,224.3000030517578,31855700
2024-10-09,227.8320770263672,229.5399932861328,229.75,224.8300018310547,225.22999572753906,33591100
2024-10-10,227.33580017089844,229.0399932861328,229.5,227.1699981689453,227.77999877929688,28183500
2024-10-11,225.85693359375,227.5500030517578,229.41000366210938,227.33999633789062,229.3000030517578,31759200
2024-10-14,229.5790557861328,231.3000030517578,231.72999572753906,228.60000610351562,228.6999969482422,39882100
2024-10-15,232.1100311279297,233.85000610351562,237.49000549316406,232.3699951171875,233.61000061035156,64751400
2024-10-16,230.05543518066406,231.77999877929688,232.1199951171875,229.83999633789062,231.60000610351562,34082200
2024-10-17,230.42271423339844,232.14999389648438,233.85000610351562,230.52000427246094,233.42999267578125,32993800
2024-10-18,233.25148010253906,235.0,236.17999267578125,234.00999450683594,236.17999267578125,46431500
2024-10-21,234.72044372558594,236.47999572753906,236.85000610351562,234.4499969482422,234.4499969482422,36254500
2024-10-22,234.10507202148438,235.86000061035156,236.22000122070312,232.60000610351562,233.88999938964844,38846600
2024-10-23,229.04302978515625,230.75999450683594,235.13999938964844,227.75999450683594,234.0800018310547,52287000
2024-10-24,228.8544464111328,230.57000732421875,230.82000732421875,228.41000366210938,229.97999572753906,31109500
2024-10-25,229.68821716308594,231.41000366210938,233.22000122070312,229.57000732421875,229.74000549316406,38802300
2024-10-28,231.66336059570312,233.39999389648438,234.72999572753906,232.5500030517578,233.32000732421875,36087100
2024-10-29,231.93138122558594,233.6699981689453,234.3300018310547,232.32000732421875,233.10000610351562,35417200
2024-10-30,228.38795471191406,230.10000610351562,233.47000122070312,229.5500030517578,232.61000061035156,47070900
2024-10-31,224.2291259765625,225.91000366210938,229.8300018310547,225.3699951171875,229.33999633789062,64370100
2024-11-01,221.25143432617188,222.91000366210938,225.35000610351562,220.27000427246094,220.97000122070312,65276700
2024-11-04,220.35812377929688,222.00999450683594,222.7899932861328,219.7100067138672,220.99000549316406,44944500
2024-11-05,221.78741455078125,223.4499969482422,223.9499969482422,221.13999938964844,221.8000030517578,28111300
2024-11-06,221.06283569335938,222.72000122070312,226.07000732421875,221.19000244140625,222.61000061035156,54561100
2024-11-07,225.7874298095703,227.47999572753906,227.8800048828125,224.57000732421875,224.6300048828125,42137700
2024-11-08,225.51914978027344,226.9600067138672,228.66000366210938,226.41000366210938,227.1699981689453,38328800
2024-11-11,222.80645751953125,224.22999572753906,225.6999969482422,221.5,225.0,42005600
2024-11-12,222.80645751953125,224.22999572753906,225.58999633789062,223.36000061035156,224.5500030517578,40398300
2024-11-13,223.69082641601562,225.1199951171875,226.64999389648438,222.75999450683594,224.00999450683594,48566200
2024-11-14,226.77114868164062,228.22000122070312,228.8699951171875,225.0,225.02000427246094,44923900
2024-11-15,223.5715789794922,225.0,226.9199981689453,224.27000427246094,226.39999389648438,47923700
2024-11-18,226.5724334716797,228.02000427246094,229.74000549316406,225.1699981689453,225.25,44633700
2024-11-19,226.8307647705078,228.27999877929688,230.16000366210938,226.66000366210938,226.97999572753906,36211800
2024-11-20,227.54620361328125,229.0,229.92999267578125,225.88999938964844,228.05999755859375,35169600
2024-11-21,227.06924438476562,228.52000427246094,230.16000366210938,225.7100067138672,228.8800048828125,42108300
2024-11-22,228.41065979003906,229.8699951171875,230.72000122070312,228.05999755859375,228.05999755859375,38168300
2024-11-25,231.39161682128906,232.8699951171875,233.25,229.74000549316406,231.4600067138672,90152800
2024-11-26,233.56773376464844,235.05999755859375,235.57000732421875,233.3300018310547,233.3300018310547,45986200
2024-11-27,233.43853759765625,234.92999267578125,235.69000244140625,233.80999755859375,234.47000122070312,33498400
2024-11-29,235.82330322265625,237.3300018310547,237.80999755859375,233.97000122070312,234.80999755859375,28481400
2024-12-02,238.0689697265625,239.58999633789062,240.7899932861328,237.16000366210938,237.27000427246094,48137100
2024-12-03,241.1095428466797,242.64999389648438,242.75999450683594,238.89999389648438,239.80999755859375,38861000
2024-12-04,241.46725463867188,243.00999450683594,244.11000061035156,241.25,242.8699951171875,44383900
2024-12-05,241.49705505371094,243.0399932861328,244.5399932861328,242.1300048828125,243.99000549316406,40033900
2024-12-06,241.29830932617188,242.83999633789062,244.6300048828125,242.0800018310547,242.91000366210938,36870600
2024-12-09,245.18350219726562,246.75,247.24000549316406,241.75,241.8300018310547,44649200
2024-12-10,246.197021484375,247.77000427246094,248.2100067138672,245.33999633789062,246.88999938964844,36914800
2024-12-11,244.9251708984375,246.49000549316406,250.8000030517578,246.25999450683594,247.9600067138672,45205800
2024-12-12,246.3858184814453,247.9600067138672,248.74000549316406,245.67999267578125,246.88999938964844,32777500
2024-12-13,246.55474853515625,248.1300048828125,249.2899932861328,246.24000549316406,247.82000732421875,33155300
2024-12-16,249.44627380371094,251.0399932861328,251.3800048828125,247.64999389648438,247.99000549316406,51694800
2024-12-17,251.87075805664062,253.47999572753906,253.8300018310547,249.77999877929688,250.0800018310547,51356400
2024-12-18,246.4752655029297,248.0500030517578,254.27999877929688,247.74000549316406,252.16000366210938,56774100
2024-12-19,248.20419311523438,249.7899932861328,252.0,247.08999633789062,247.5,60882300
2024-12-20,252.87437438964844,254.49000549316406,255.0,245.69000244140625,248.0399932861328,147495300
2024-12-23,253.64942932128906,255.27000427246094,255.64999389648438,253.4499969482422,254.77000427246094,40858800
2024-12-24,256.56085205078125,258.20001220703125,258.2099914550781,255.2899932861328,255.49000549316406,23234700
2024-12-26,257.3756103515625,259.0199890136719,260.1000061035156,257.6300048828125,258.19000244140625,27237100
2024-12-27,253.96737670898438,255.58999633789062,258.70001220703125,253.05999755859375,257.8299865722656,42355300
2024-12-30,250.59889221191406,252.1999969482422,253.5,250.75,252.22999572753906,35557500
2024-12-31,248.8302001953125,250.4199981689453,253.27999877929688,249.42999267578125,252.44000244140625,39480700
